call_id,caller_id,agent_id,call_start_time,call_end_time,call_status
1,850190,1715,10:03:27,06:31:16,FAILED
2,959137,8405,04:43:17,19:34:13,DROPPED
3,959040,3857,08:47:19,08:23:24,FAILED
4,824474,5585,13:53:22,11:27:53,COMPLETED
5,998754,1058,06:16:34,14:19:50,DROPPED
6,174123,3771,11:02:25,17:28:05,FAILED
7,886787,1445,04:21:47,17:28:27,FAILED
8,905332,4033,10:38:28,22:12:56,COMPLETED
9,508965,9853,20:14:10,19:06:28,DROPPED
10,311069,8493,17:47:12,02:50:10,FAILED
11,120694,6646,02:22:25,09:20:06,COMPLETED
12,481302,6317,08:43:18,20:55:25,DROPPED
13,772564,7369,11:51:26,17:05:58,FAILED
14,764926,2090,07:49:21,23:54:37,DROPPED
15,988876,7326,11:51:29,17:29:41,FAILED
16,493350,3881,07:47:39,09:56:16,DROPPED
17,693683,9458,23:16:04,22:44:44,DROPPED
18,281396,9449,12:23:07,07:21:39,FAILED
19,870030,2663,21:48:08,13:08:40,DROPPED
20,221578,6824,21:54:29,21:36:30,DROPPED
21,263194,5158,05:08:27,19:38:10,FAILED
22,207062,1569,12:02:39,09:00:08,FAILED
23,791798,3650,04:33:24,20:27:04,COMPLETED
24,439632,9932,00:49:07,04:07:05,COMPLETED
25,293723,8628,19:13:59,07:41:03,COMPLETED
26,183423,8384,13:50:46,05:19:23,COMPLETED
27,485632,1770,08:17:16,05:19:37,FAILED
28,727775,6288,23:06:56,00:43:00,DROPPED
29,847116,7734,05:25:29,23:55:14,DROPPED
30,966745,4697,07:00:00,04:13:26,FAILED
31,650468,7596,09:01:23,10:32:58,DROPPED
32,857353,6883,10:54:56,18:44:06,COMPLETED
33,889318,4181,03:06:26,00:13:31,DROPPED
34,430277,9337,14:59:54,00:57:18,COMPLETED
35,334770,9615,03:41:17,07:37:37,DROPPED
36,275576,8052,19:41:07,16:30:02,DROPPED
37,217726,8639,07:40:21,20:48:49,DROPPED
38,594948,2379,03:56:59,11:47:24,FAILED
39,893679,9980,08:25:19,12:47:50,DROPPED
40,908404,5099,08:52:08,07:42:58,COMPLETED
41,438936,2389,10:36:37,01:35:03,FAILED
42,774485,1424,19:48:36,11:56:34,COMPLETED
43,774859,2309,19:02:21,23:31:33,COMPLETED
44,130677,3050,10:10:39,18:45:01,DROPPED
45,316967,4751,04:41:03,02:16:18,COMPLETED
46,306778,3065,16:43:08,01:26:13,FAILED
47,215043,7224,09:10:29,04:44:39,FAILED
48,214902,7642,06:05:17,05:57:53,FAILED
49,537697,3312,21:42:01,03:27:56,FAILED
50,898494,9374,08:45:40,15:54:42,COMPLETED
51,709318,1900,23:51:12,10:25:55,COMPLETED
52,906356,9006,19:21:47,18:14:01,COMPLETED
53,226145,2399,22:39:54,12:35:20,DROPPED
54,761464,6652,10:25:00,01:30:43,FAILED
55,564785,8589,12:59:00,08:36:23,COMPLETED
56,957687,3105,17:44:29,09:44:29,COMPLETED
57,408677,4802,05:33:04,10:20:42,DROPPED
58,805351,9943,06:43:34,16:09:40,COMPLETED
59,612413,1317,11:45:41,03:11:45,FAILED
60,495607,1502,23:05:04,16:34:41,COMPLETED
61,665390,1079,19:11:08,18:09:30,COMPLETED
62,562213,2641,23:29:41,10:29:05,DROPPED
63,643837,4372,06:54:15,15:15:12,DROPPED
64,128557,2762,16:41:51,08:27:26,COMPLETED
65,432834,3047,19:28:28,13:29:52,COMPLETED
66,465592,6810,13:53:06,09:38:37,FAILED
67,270524,2280,04:40:20,09:43:49,DROPPED
68,430885,5731,22:38:13,10:38:55,COMPLETED
69,373755,8772,13:18:32,04:00:02,FAILED
70,720641,9493,00:01:10,10:28:57,DROPPED
71,778114,7621,18:30:32,04:09:52,DROPPED
72,319805,1839,21:43:58,17:47:29,FAILED
73,254765,9594,09:58:46,05:39:56,COMPLETED
74,148150,1338,08:04:52,14:45:09,COMPLETED
75,740860,8702,13:41:12,05:42:55,FAILED
76,726812,4640,17:51:31,08:17:38,COMPLETED
77,189530,9739,11:16:50,08:57:47,COMPLETED
78,363403,9188,01:25:37,16:40:47,COMPLETED
79,955102,7921,22:32:07,05:28:49,DROPPED
80,515398,3668,04:59:20,10:26:36,COMPLETED
81,759874,3650,11:40:55,07:57:39,FAILED
82,441403,7765,06:17:04,13:05:55,FAILED
83,593368,4720,19:28:42,02:05:29,COMPLETED
84,836078,2361,08:46:13,04:48:12,COMPLETED
85,538408,4832,23:06:02,10:43:26,FAILED
86,361492,3244,11:27:07,17:56:24,COMPLETED
87,184688,9654,06:02:51,23:20:04,DROPPED
88,979221,3809,23:28:12,15:24:05,DROPPED
89,634310,6614,07:32:24,13:47:16,COMPLETED
90,199396,4437,14:57:59,06:48:35,DROPPED
91,722328,2705,04:33:51,15:36:56,COMPLETED
92,149843,7508,19:41:49,22:51:20,COMPLETED
93,217378,7876,08:53:37,19:23:24,COMPLETED
94,228823,5470,17:55:25,17:37:20,COMPLETED
95,136999,8813,03:16:52,18:50:52,FAILED
96,207617,5964,04:15:29,01:22:21,DROPPED
97,167393,2213,00:55:38,14:53:33,FAILED
98,146986,3365,01:08:35,11:43:07,COMPLETED
99,336612,6770,09:07:00,12:04:44,DROPPED
100,670081,3364,13:21:57,04:34:14,DROPPED
101,270957,2753,05:45:53,15:36:17,COMPLETED
102,849193,1988,19:02:13,01:24:23,DROPPED
103,265740,9108,04:49:41,11:08:57,DROPPED
104,710446,2703,02:28:52,06:18:57,DROPPED
105,169314,4227,14:31:49,04:10:27,COMPLETED
106,226386,5432,12:43:38,03:54:27,COMPLETED
107,997397,3056,16:52:47,23:42:41,DROPPED
108,533135,2192,07:43:32,18:48:31,COMPLETED
109,291806,1263,08:07:26,02:19:31,DROPPED
110,959039,7541,03:48:28,17:32:33,COMPLETED
111,340459,8241,00:43:49,17:39:45,DROPPED
112,972362,4264,05:21:47,04:17:43,FAILED
113,581127,5193,22:49:21,10:23:14,DROPPED
114,846509,8922,21:55:52,20:47:29,FAILED
115,571627,7492,03:12:23,18:47:51,DROPPED
116,250869,8476,03:03:38,03:44:48,DROPPED
117,727782,5730,21:56:40,07:03:46,DROPPED
118,532363,7002,03:26:33,08:25:32,COMPLETED
119,250138,7428,12:02:22,12:41:10,DROPPED
120,704286,7699,06:42:58,23:30:13,COMPLETED
121,476219,2517,23:54:16,02:03:48,FAILED
122,772277,4854,17:37:49,14:34:53,DROPPED
123,747361,6796,15:42:45,08:57:58,COMPLETED
124,513927,8450,08:05:14,01:14:42,COMPLETED
125,526905,6948,02:43:24,07:16:21,FAILED
126,454981,4153,00:19:59,18:52:18,FAILED
127,537892,7718,22:14:26,17:31:40,COMPLETED
128,803086,2555,08:27:50,11:55:42,DROPPED
129,560946,1609,13:26:35,20:16:12,FAILED
130,302339,5728,04:41:51,09:57:59,DROPPED
131,163815,6097,13:33:01,04:57:57,DROPPED
132,459009,7560,07:28:48,01:07:25,COMPLETED
133,308801,2023,06:56:25,07:13:47,FAILED
134,225688,4964,12:17:58,12:46:08,COMPLETED
135,118839,8670,15:29:43,17:41:23,FAILED
136,205581,9401,19:49:27,13:58:55,DROPPED
137,383637,5887,03:02:47,21:43:10,FAILED
138,733111,8468,15:09:47,01:54:17,FAILED
139,528093,6169,15:56:17,13:39:42,FAILED
140,648476,3058,10:27:53,23:48:54,COMPLETED
141,216892,1787,07:06:37,01:30:05,DROPPED
142,931631,8685,19:02:01,03:54:38,COMPLETED
143,542872,1744,02:08:12,22:51:34,DROPPED
144,179841,7700,13:17:51,01:30:44,COMPLETED
145,732413,7007,14:17:20,07:56:47,FAILED
146,921825,2735,04:16:58,15:24:53,FAILED
147,114796,9065,09:09:35,10:15:59,COMPLETED
148,250514,7772,12:00:34,22:25:04,FAILED
149,532198,9813,23:50:03,16:12:47,COMPLETED
150,118379,2369,14:55:50,21:39:29,DROPPED
151,623770,8241,09:58:49,04:02:40,DROPPED
152,199174,8126,12:34:05,07:05:27,FAILED
153,100072,6611,14:37:23,09:02:45,COMPLETED
154,458052,6577,15:11:52,05:15:00,FAILED
155,473842,8757,19:54:15,02:40:49,DROPPED
156,471581,5125,15:38:44,17:34:37,DROPPED
157,389259,7852,13:40:12,00:02:47,FAILED
158,421321,4599,16:44:47,08:35:45,DROPPED
159,161888,9513,03:24:07,08:40:12,FAILED
160,808909,2724,05:40:10,10:28:19,FAILED
161,159152,5660,03:18:11,00:50:07,COMPLETED
162,522178,7718,21:27:50,11:02:11,COMPLETED
163,736221,2610,00:30:58,11:49:39,DROPPED
164,525148,2159,22:04:54,11:22:50,DROPPED
165,417157,5077,13:35:15,18:33:37,COMPLETED
166,535816,3022,04:16:38,08:23:59,DROPPED
167,796320,2556,06:00:18,16:00:57,COMPLETED
168,504003,6061,01:43:22,09:41:13,DROPPED
169,200060,7290,01:16:16,08:32:20,COMPLETED
170,733049,4756,00:15:12,06:03:50,COMPLETED
171,805035,2756,14:29:50,19:07:29,FAILED
172,798881,3915,15:44:21,18:03:29,DROPPED
173,176223,5245,02:54:01,09:10:09,COMPLETED
174,708942,5198,08:28:13,12:33:59,COMPLETED
175,834539,8022,11:49:56,06:33:19,DROPPED
176,325553,5181,01:22:07,00:53:15,COMPLETED
177,675736,4019,12:53:51,18:51:58,COMPLETED
178,275114,1196,01:24:36,06:50:21,DROPPED
179,359992,8364,22:18:55,07:35:45,DROPPED
180,992032,6271,17:36:24,02:56:53,COMPLETED
181,986476,6312,18:46:38,05:51:02,FAILED
182,530629,2090,04:50:15,13:40:51,DROPPED
183,529625,9860,00:38:22,20:12:21,FAILED
184,510367,2470,15:26:24,06:34:35,FAILED
185,545440,6833,03:51:11,15:00:30,DROPPED
186,332732,5899,09:49:46,00:57:08,FAILED
187,693893,4756,16:50:28,21:11:14,COMPLETED
188,169700,8047,23:34:38,05:00:02,FAILED
189,676373,5056,22:21:49,22:00:17,FAILED
190,213299,7448,00:24:44,16:32:24,COMPLETED
191,742023,6644,20:56:56,09:21:16,DROPPED
192,732499,5412,09:28:05,02:21:43,DROPPED
193,511885,5880,19:52:37,00:28:09,FAILED
194,182993,4625,23:34:08,19:47:07,DROPPED
195,362959,7293,11:53:23,03:24:31,FAILED
196,264504,5630,14:35:47,05:07:07,FAILED
197,804053,3405,10:13:15,21:09:26,DROPPED
198,673499,7423,04:02:00,16:24:07,DROPPED
199,382537,9398,00:46:47,03:39:03,COMPLETED
200,605216,8887,17:22:05,02:49:45,FAILED
201,466295,5007,18:03:14,11:21:21,FAILED
202,906798,2564,23:26:41,04:47:28,COMPLETED
203,579937,3440,02:17:56,06:02:23,FAILED
204,937001,4747,21:38:33,09:03:13,COMPLETED
205,393167,5937,17:26:04,09:34:56,FAILED
206,126465,2075,06:24:24,17:20:21,FAILED
207,938272,5562,03:04:06,01:07:57,COMPLETED
208,546777,6547,21:10:21,17:10:34,DROPPED
209,997068,1528,03:08:44,09:29:37,COMPLETED
210,741455,2618,19:43:17,11:32:26,DROPPED
211,665835,2120,13:42:35,00:55:21,COMPLETED
212,716245,2968,20:15:27,10:36:39,FAILED
213,198424,4603,22:10:43,13:13:17,DROPPED
214,558157,8815,19:47:56,11:40:49,COMPLETED
215,928493,3705,07:25:03,18:27:35,DROPPED
216,876346,1552,01:58:13,04:22:21,DROPPED
217,603698,7792,00:04:22,10:41:58,DROPPED
218,728874,2988,05:52:49,13:45:32,DROPPED
219,943367,9288,00:12:19,22:27:14,FAILED
220,698173,9595,08:47:22,02:01:31,FAILED
221,971826,4763,10:00:13,13:54:49,FAILED
222,904966,9714,01:32:36,22:30:46,FAILED
223,770553,1622,11:29:39,01:23:43,COMPLETED
224,129328,9801,13:44:13,20:02:57,FAILED
225,711907,9265,07:42:09,14:42:54,COMPLETED
226,951422,6744,15:54:26,22:11:42,COMPLETED
227,592366,2459,21:04:59,03:16:44,DROPPED
228,832862,7541,19:22:15,09:18:51,COMPLETED
229,587918,2008,02:56:49,18:31:33,FAILED
230,190449,9923,22:50:06,18:26:34,COMPLETED
231,614767,3965,16:07:20,17:04:30,FAILED
232,789372,4620,22:36:19,04:53:42,FAILED
233,339484,9287,21:29:57,08:15:57,FAILED
234,200128,5822,02:50:11,00:40:52,DROPPED
235,440165,6337,19:31:48,07:14:28,DROPPED
236,594788,1002,21:04:35,19:58:00,FAILED
237,858401,9209,17:20:50,22:09:56,FAILED
238,930267,1881,20:34:07,06:35:25,COMPLETED
239,214304,5261,11:07:08,06:35:04,COMPLETED
240,252006,3443,23:08:10,11:20:41,FAILED
241,840778,8099,00:58:46,13:20:37,DROPPED
242,206230,2279,08:37:46,14:35:43,DROPPED
243,385394,5635,10:00:37,06:22:46,COMPLETED
244,308280,9253,11:39:45,20:11:35,DROPPED
245,727708,7174,00:11:29,07:45:00,COMPLETED
246,174460,9477,06:59:02,12:22:41,DROPPED
247,631655,4304,13:59:35,16:07:24,DROPPED
248,784574,5182,01:18:15,22:05:43,COMPLETED
249,522827,3131,22:16:13,07:54:29,FAILED
250,734408,2448,16:59:12,17:03:02,COMPLETED
251,115316,2441,18:47:00,16:05:00,FAILED
252,604933,2744,09:13:27,16:26:16,FAILED
253,778537,3574,06:03:50,01:13:34,FAILED
254,842093,1430,13:00:56,20:08:44,COMPLETED
255,971881,8928,15:10:56,13:47:12,FAILED
256,497146,1100,10:19:57,14:51:33,DROPPED
257,668206,1790,21:13:27,23:17:17,DROPPED
258,493187,3739,04:45:47,05:20:14,COMPLETED
259,225228,6612,16:15:23,10:45:58,DROPPED
260,423548,4712,19:03:22,01:57:43,DROPPED
261,763042,3458,19:26:55,11:39:59,COMPLETED
262,852876,8778,16:05:32,18:10:41,COMPLETED
263,547223,8609,03:59:21,20:00:46,COMPLETED
264,988995,8933,08:29:43,13:38:47,COMPLETED
265,135554,3166,01:04:55,06:32:57,DROPPED
266,811281,2041,20:36:37,07:06:36,DROPPED
267,615553,1178,20:38:17,13:06:12,DROPPED
268,302077,1086,03:55:32,08:34:48,COMPLETED
269,127302,7230,04:32:21,19:20:09,DROPPED
270,921594,3774,20:37:32,10:15:08,DROPPED
271,431157,3594,12:56:26,16:23:36,FAILED
272,318046,5264,13:13:51,23:50:30,FAILED
273,361219,7073,13:54:24,17:39:22,COMPLETED
274,891638,4620,23:08:18,19:33:10,FAILED
275,103866,5011,15:42:12,10:10:33,DROPPED
276,477499,5562,00:30:03,15:07:59,FAILED
277,664553,3955,16:41:58,23:44:32,COMPLETED
278,285560,8420,18:23:48,11:28:34,COMPLETED
279,686109,6077,18:23:36,06:19:13,COMPLETED
280,710155,7025,11:27:33,03:05:12,FAILED
281,325964,7060,21:20:17,21:56:17,COMPLETED
282,995258,1520,14:22:02,11:30:31,COMPLETED
283,272067,9727,21:06:15,02:03:51,DROPPED
284,202142,5621,05:27:08,05:45:36,COMPLETED
285,218681,9982,11:17:05,02:39:15,COMPLETED
286,139267,7384,17:08:48,10:35:09,FAILED
287,354331,1163,03:49:19,14:56:07,DROPPED
288,879594,2720,14:26:42,04:45:46,COMPLETED
289,338205,4562,07:44:07,00:34:54,DROPPED
290,327852,6942,17:16:12,16:50:25,DROPPED
291,522499,5887,21:23:47,08:06:25,DROPPED
292,132955,6356,02:01:23,16:53:28,COMPLETED
293,381995,3401,15:00:56,15:54:18,COMPLETED
294,949540,5932,07:57:49,15:41:16,DROPPED
295,626496,3010,19:23:17,13:20:01,COMPLETED
296,446678,9498,04:47:43,14:46:36,DROPPED
297,512674,7853,18:49:46,07:47:00,FAILED
298,873423,1513,23:53:59,04:54:14,COMPLETED
299,531120,6945,20:47:22,22:04:09,COMPLETED
300,980766,6650,02:07:59,15:33:19,DROPPED
301,628960,3601,14:58:33,04:49:29,COMPLETED
302,871590,7405,16:59:10,13:03:18,COMPLETED
303,198879,9429,05:44:00,12:41:52,FAILED
304,917613,2947,10:45:21,08:53:59,COMPLETED
305,102554,9652,01:42:05,23:22:19,DROPPED
306,888109,8540,08:31:15,23:42:54,COMPLETED
307,438153,2209,09:46:01,13:57:33,COMPLETED
308,191786,8654,07:59:06,15:58:19,COMPLETED
309,747779,5992,18:25:26,12:06:51,FAILED
310,832300,2068,15:08:57,23:57:00,FAILED
311,757119,3961,12:34:45,21:41:43,FAILED
312,738322,1738,15:12:03,16:26:35,DROPPED
313,534644,9049,13:42:49,03:12:35,FAILED
314,102466,1340,05:00:10,21:49:31,DROPPED
315,332973,7106,14:58:51,08:54:24,DROPPED
316,549038,1539,02:25:25,18:56:12,COMPLETED
317,799589,2263,15:29:27,04:18:32,DROPPED
318,160268,7479,09:07:08,22:09:31,COMPLETED
319,466833,5552,15:32:51,14:18:04,FAILED
320,818027,6892,03:09:42,20:59:14,FAILED
321,682899,4523,08:20:07,14:13:26,DROPPED
322,413955,6754,19:00:02,08:41:47,COMPLETED
323,510897,8604,08:08:01,04:00:39,COMPLETED
324,450608,1949,22:42:34,22:58:49,DROPPED
325,950512,9851,07:17:30,12:38:49,FAILED
326,932107,1869,09:03:40,06:41:29,FAILED
327,718070,7467,00:03:43,01:38:13,COMPLETED
328,674208,1309,07:12:51,20:46:22,COMPLETED
329,483933,3397,18:05:25,12:39:37,DROPPED
330,356429,3215,02:59:35,01:02:05,DROPPED
331,670310,3157,12:10:00,10:22:45,DROPPED
332,413743,1725,09:06:57,14:39:58,FAILED
333,375778,7099,07:47:09,17:26:56,COMPLETED
334,372153,9427,03:49:35,04:02:28,DROPPED
335,113889,2414,21:57:56,23:39:53,FAILED
336,559084,5926,14:05:31,17:53:45,COMPLETED
337,789351,2136,16:03:46,08:56:05,FAILED
338,314510,9105,06:52:09,17:19:52,FAILED
339,401970,4769,14:35:50,08:34:29,FAILED
340,760948,1995,15:20:40,09:25:43,DROPPED
341,148602,3741,16:24:03,21:50:16,COMPLETED
342,363642,4429,07:13:19,20:04:12,DROPPED
343,849793,9995,00:10:45,19:46:13,DROPPED
344,601416,9511,08:05:54,02:47:43,COMPLETED
345,398262,2813,14:47:50,21:43:52,COMPLETED
346,372604,8453,10:12:49,11:28:55,FAILED
347,328429,9728,11:14:00,07:56:20,FAILED
348,435692,8375,03:08:45,05:01:41,FAILED
349,574502,6879,17:29:11,15:52:00,COMPLETED
350,761724,4568,04:56:40,04:09:18,FAILED
351,249350,6174,19:25:56,15:55:49,COMPLETED
352,746876,9832,08:07:18,01:42:00,DROPPED
353,900737,3891,13:48:33,09:02:49,FAILED
354,129337,1523,10:00:33,06:09:13,DROPPED
355,885192,4654,14:42:14,12:47:22,COMPLETED
356,476582,5817,15:53:20,17:17:38,COMPLETED
357,325404,9686,04:00:17,04:24:59,FAILED
358,308583,8198,03:27:45,13:17:48,FAILED
359,428987,7651,15:08:58,16:18:17,DROPPED
360,493255,5666,19:28:12,23:59:46,COMPLETED
361,334248,6597,22:28:21,11:11:41,COMPLETED
362,534575,2998,05:20:16,22:37:33,COMPLETED
363,599157,8980,02:02:27,22:45:23,DROPPED
364,788080,7383,00:06:18,11:05:55,DROPPED
365,579835,1738,05:48:38,17:54:09,DROPPED
366,839774,4864,07:55:54,12:32:48,COMPLETED
367,408327,5013,00:25:42,01:53:15,DROPPED
368,952146,9135,11:05:58,19:51:31,FAILED
369,764905,5901,03:53:01,17:31:09,FAILED
370,856476,3437,16:38:10,09:49:52,DROPPED
371,569602,5900,22:37:14,14:34:47,DROPPED
372,740498,5282,18:34:10,10:23:51,DROPPED
373,318784,4491,03:03:10,11:17:28,FAILED
374,694109,4314,23:54:06,01:53:26,DROPPED
375,960854,9256,09:12:24,13:49:35,COMPLETED
376,482513,1801,04:19:07,18:03:21,COMPLETED
377,749153,4276,18:07:02,02:00:40,DROPPED
378,747234,9136,08:13:24,20:15:19,DROPPED
379,440835,6211,06:51:31,05:17:43,COMPLETED
380,695800,7286,12:07:36,21:01:56,COMPLETED
381,521452,9118,02:28:30,02:02:41,FAILED
382,270162,2467,20:34:18,12:26:42,DROPPED
383,623546,6109,10:00:47,17:39:06,COMPLETED
384,747941,1738,08:22:50,06:19:33,DROPPED
385,830287,6587,07:34:35,22:44:25,FAILED
386,964189,6066,11:17:25,11:23:15,COMPLETED
387,495666,3709,03:56:59,04:47:57,COMPLETED
388,901895,6050,01:31:12,09:30:49,DROPPED
389,718636,6173,19:17:31,04:12:49,DROPPED
390,589915,1413,13:03:00,03:06:24,FAILED
391,393816,3965,03:16:12,02:04:40,DROPPED
392,344371,7008,11:59:03,08:45:49,DROPPED
393,531441,5790,09:29:13,12:47:23,COMPLETED
394,916834,4696,11:50:32,11:10:32,DROPPED
395,753033,4881,17:52:18,15:12:18,DROPPED
396,773831,2228,18:47:18,22:21:24,DROPPED
397,688365,6445,16:33:29,22:13:15,DROPPED
398,976142,7686,09:51:20,18:15:58,DROPPED
399,269236,9318,16:27:18,00:31:05,DROPPED
400,803229,7469,18:54:07,20:26:33,COMPLETED
401,843719,5915,11:23:52,16:34:32,COMPLETED
402,832119,1589,21:50:57,18:30:57,DROPPED
403,624024,7836,07:20:14,11:14:39,FAILED
404,549638,1261,01:48:01,15:22:07,COMPLETED
405,871156,6065,13:15:21,02:09:18,DROPPED
406,574693,8752,12:59:12,01:57:38,DROPPED
407,372158,3892,01:59:46,07:41:17,DROPPED
408,179712,5784,22:38:16,11:34:58,COMPLETED
409,688116,3443,17:52:23,10:37:05,FAILED
410,568634,8413,11:27:12,02:53:54,COMPLETED
411,584289,4504,20:28:59,18:45:19,COMPLETED
412,973937,9931,07:06:33,01:53:06,FAILED
413,174970,6890,20:35:28,19:22:25,COMPLETED
414,265604,6820,16:16:52,14:30:30,COMPLETED
415,990818,4403,07:34:43,19:31:47,DROPPED
416,625287,8757,15:27:35,06:24:26,COMPLETED
417,614623,9854,08:46:34,11:17:31,COMPLETED
418,670597,8712,11:54:35,11:46:59,DROPPED
419,901243,4200,02:14:34,13:14:51,DROPPED
420,962281,1174,12:44:48,22:21:01,COMPLETED
421,940264,8776,08:35:48,20:19:20,FAILED
422,567901,2157,02:51:47,22:43:58,COMPLETED
423,506406,9075,20:45:31,08:12:45,FAILED
424,926614,3991,08:07:34,23:37:42,COMPLETED
425,682034,3757,02:07:34,07:48:13,FAILED
426,519901,6099,05:20:45,03:24:31,FAILED
427,735355,6680,17:15:47,08:47:32,FAILED
428,451022,6207,06:23:30,17:18:50,FAILED
429,991970,3135,20:43:57,04:05:51,FAILED
430,773795,6854,01:12:23,16:44:34,DROPPED
431,862128,9880,07:33:12,01:53:47,COMPLETED
432,637031,7354,01:56:03,11:26:45,COMPLETED
433,503507,9533,02:08:50,11:49:07,FAILED
434,275963,7538,23:17:57,00:21:18,DROPPED
435,997292,5035,04:07:13,20:39:09,COMPLETED
436,727858,9452,20:03:10,01:22:17,DROPPED
437,859801,1960,08:24:27,14:03:44,COMPLETED
438,113949,6883,13:06:01,20:21:30,DROPPED
439,665576,3177,15:20:12,07:23:37,FAILED
440,540568,5181,23:51:04,05:18:06,COMPLETED
441,617175,8498,08:26:01,13:29:28,DROPPED
442,823857,4265,02:54:22,23:25:31,FAILED
443,891176,8376,10:31:29,05:46:30,COMPLETED
444,625947,4407,07:54:42,01:53:58,DROPPED
445,802286,7897,06:00:24,03:37:52,DROPPED
446,119119,3691,14:46:55,09:05:05,COMPLETED
447,434714,2821,10:38:04,07:14:10,FAILED
448,937106,5737,02:34:42,10:21:41,FAILED
449,479352,3284,07:47:23,03:07:11,COMPLETED
450,690188,8834,06:23:22,14:26:46,FAILED
451,154910,4884,15:48:52,05:31:12,FAILED
452,153421,6581,20:40:39,14:49:59,DROPPED
453,760739,8870,15:58:09,08:22:59,COMPLETED
454,627718,4130,11:35:45,09:04:19,DROPPED
455,528703,9725,17:34:54,20:07:05,FAILED
456,159318,3805,11:24:01,17:52:17,DROPPED
457,800006,9475,10:41:14,13:43:07,DROPPED
458,745365,3164,05:52:06,08:10:00,FAILED
459,339720,8495,20:45:36,06:35:03,DROPPED
460,847620,7836,11:44:15,23:33:30,COMPLETED
461,754054,6567,21:35:13,05:56:24,COMPLETED
462,303739,7038,19:39:03,23:40:14,FAILED
463,652674,8585,14:32:42,01:09:33,FAILED
464,837191,5437,20:42:51,06:35:55,DROPPED
465,690713,8710,11:16:40,12:47:58,COMPLETED
466,609853,2568,19:00:53,01:27:22,FAILED
467,540039,8159,15:19:45,10:42:23,FAILED
468,911057,7107,04:20:34,16:11:45,COMPLETED
469,789363,7505,03:29:58,12:07:31,COMPLETED
470,359131,8836,15:46:11,03:13:08,FAILED
471,414324,1482,09:23:25,17:12:19,COMPLETED
472,988608,9161,21:03:27,18:37:50,DROPPED
473,466329,5322,10:10:06,09:14:52,FAILED
474,773370,7973,20:26:59,17:23:12,COMPLETED
475,388665,8382,22:35:36,17:03:40,FAILED
476,147485,2991,00:53:49,02:02:42,DROPPED
477,564308,3198,00:02:28,04:56:47,FAILED
478,911600,6587,02:19:00,05:27:06,FAILED
479,723893,6806,23:30:20,13:28:30,COMPLETED
480,595588,3474,21:22:24,02:08:42,COMPLETED
481,321372,4744,02:52:55,09:54:07,COMPLETED
482,817993,4271,00:35:24,23:56:51,COMPLETED
483,223963,7488,13:12:58,06:57:18,DROPPED
484,498463,6588,16:36:28,03:52:37,FAILED
485,417569,8047,12:07:08,19:03:53,COMPLETED
486,542211,5521,11:53:05,19:20:50,DROPPED
487,543677,8132,22:31:40,20:44:55,FAILED
488,493368,6868,03:05:28,21:39:20,FAILED
489,931167,4408,04:25:42,23:56:36,DROPPED
490,323317,8878,15:44:40,06:41:08,DROPPED
491,210396,4432,08:13:27,09:27:35,DROPPED
492,836228,4616,15:42:23,12:09:40,DROPPED
493,972382,3003,18:01:23,03:43:11,COMPLETED
494,952111,4239,10:38:12,02:27:08,DROPPED
495,847334,7666,11:50:05,16:53:29,DROPPED
496,389498,4257,22:36:30,09:09:14,DROPPED
497,493443,9298,09:57:06,18:33:25,DROPPED
498,708836,4549,16:48:57,13:19:34,FAILED
499,418504,4386,14:20:02,16:39:19,DROPPED
500,981984,8364,10:15:14,09:49:14,FAILED
501,955491,7347,12:36:58,13:14:29,FAILED
502,566958,3665,19:42:05,12:14:43,DROPPED
503,933859,3579,11:11:46,07:35:37,FAILED
504,580733,9563,16:57:47,10:21:18,COMPLETED
505,124935,8303,08:44:51,07:24:21,DROPPED
506,762388,8412,02:12:09,01:49:35,COMPLETED
507,203002,2814,22:57:10,22:52:30,COMPLETED
508,492311,5767,08:32:41,10:32:07,COMPLETED
509,899759,5481,01:11:05,01:15:52,COMPLETED
510,269617,3246,11:46:55,23:41:27,DROPPED
511,869108,5967,17:44:09,17:42:54,FAILED
512,486729,2355,00:20:30,14:13:44,DROPPED
513,796851,9963,15:30:24,04:59:35,COMPLETED
514,907524,6981,18:17:40,09:59:39,COMPLETED
515,992512,2909,16:51:33,05:53:46,COMPLETED
516,637474,8464,19:29:37,14:57:38,COMPLETED
517,332334,2639,02:21:01,12:16:06,COMPLETED
518,223904,9309,23:09:53,12:53:54,COMPLETED
519,953066,4158,18:17:09,02:57:18,DROPPED
520,731899,8569,10:25:44,16:20:46,FAILED
521,418113,7446,03:30:24,16:00:24,DROPPED
522,770956,7492,19:37:40,04:45:54,FAILED
523,841535,8134,06:40:34,13:12:05,COMPLETED
524,209999,3856,07:55:36,12:53:23,COMPLETED
525,472448,7233,11:05:45,14:23:51,COMPLETED
526,325935,3201,18:16:03,22:01:03,FAILED
527,710550,3191,15:35:18,13:47:31,FAILED
528,551987,3423,23:33:34,11:41:26,FAILED
529,466923,5484,15:24:59,01:34:22,FAILED
530,592561,2883,20:32:44,15:35:40,FAILED
531,510869,1993,11:14:08,15:35:56,COMPLETED
532,660078,9165,12:21:37,11:50:47,DROPPED
533,181576,4207,10:20:25,03:01:22,COMPLETED
534,150500,6365,21:35:05,08:53:53,FAILED
535,481191,4988,04:16:29,15:21:47,DROPPED
536,737348,7592,23:15:16,09:18:25,DROPPED
537,522251,7076,06:00:56,21:14:02,COMPLETED
538,674640,1843,21:54:33,21:28:14,DROPPED
539,953553,6691,01:55:35,09:48:17,COMPLETED
540,592194,1789,15:02:14,15:47:14,COMPLETED
541,691715,7701,16:53:53,08:36:17,DROPPED
542,315786,4188,02:49:17,06:09:02,FAILED
543,493718,3250,09:56:22,08:19:36,DROPPED
544,646967,2665,20:40:29,19:28:44,COMPLETED
545,552411,2556,05:46:06,05:44:49,DROPPED
546,302480,2927,06:05:45,05:13:42,FAILED
547,532153,3402,10:42:20,17:06:26,FAILED
548,123509,3182,19:22:22,14:59:54,FAILED
549,433367,7582,07:43:25,01:12:12,COMPLETED
550,305794,3436,19:16:41,00:18:20,COMPLETED
551,449623,4003,02:22:59,20:22:57,DROPPED
552,418572,1337,01:59:08,01:19:30,DROPPED
553,531718,5852,18:34:24,20:47:01,COMPLETED
554,409611,4019,08:06:53,07:15:39,FAILED
555,647473,2009,06:34:49,06:07:12,FAILED
556,488500,7114,20:46:19,04:23:17,FAILED
557,290761,6675,02:59:54,08:53:32,DROPPED
558,457215,4207,08:00:42,20:13:06,FAILED
559,403979,9281,15:05:07,08:28:43,DROPPED
560,425882,4095,23:11:40,01:56:46,COMPLETED
561,875352,6694,20:35:05,21:09:25,DROPPED
562,229555,4567,05:22:51,10:32:17,DROPPED
563,962788,8156,14:40:04,16:56:12,FAILED
564,266686,8020,13:41:44,07:32:33,DROPPED
565,347775,9012,17:01:18,13:34:43,DROPPED
566,903455,6153,12:48:32,15:38:31,DROPPED
567,570785,4099,12:14:28,04:37:03,DROPPED
568,496278,5419,01:09:09,19:53:03,FAILED
569,562950,1830,02:57:03,01:15:04,DROPPED
570,836820,5782,23:09:27,14:55:32,FAILED
571,273368,4077,10:58:24,19:29:38,FAILED
572,906071,9857,16:06:28,04:32:58,FAILED
573,917859,9094,06:58:50,01:34:06,DROPPED
574,619908,8861,10:14:10,16:52:26,DROPPED
575,483540,6316,23:52:43,12:27:38,DROPPED
576,846185,6172,05:59:47,04:01:14,DROPPED
577,570018,4697,15:41:58,03:41:30,DROPPED
578,695855,8870,06:48:24,11:07:11,DROPPED
579,339998,4987,13:15:54,23:19:01,DROPPED
580,545677,3621,09:22:02,06:11:46,COMPLETED
581,862356,3559,17:50:22,10:29:46,DROPPED
582,584511,3622,04:17:20,21:37:18,FAILED
583,290415,2767,09:26:11,23:27:48,FAILED
584,617184,7425,09:30:54,19:59:03,FAILED
585,970704,4881,07:32:42,23:17:31,FAILED
586,628849,7075,16:17:47,22:10:04,DROPPED
587,298083,9518,08:30:25,22:09:59,DROPPED
588,511966,7255,15:54:14,08:53:10,FAILED
589,919161,1254,05:05:24,03:02:14,FAILED
590,309086,3200,23:02:47,10:22:09,FAILED
591,509384,1019,22:24:46,14:13:47,FAILED
592,189888,4305,02:32:32,07:22:42,DROPPED
593,106184,4686,13:43:36,15:09:01,COMPLETED
594,752334,7406,07:35:03,14:36:00,COMPLETED
595,157442,5524,17:40:24,23:46:29,FAILED
596,647280,9262,09:12:09,19:15:17,DROPPED
597,608309,3367,14:45:12,21:16:33,DROPPED
598,558934,8245,02:14:52,20:40:57,COMPLETED
599,425278,6718,12:45:49,20:45:29,FAILED
600,683432,7652,21:29:31,09:43:38,FAILED
601,739533,6036,20:42:36,10:41:14,DROPPED
602,182584,6244,08:20:39,08:16:11,DROPPED
603,197113,2589,10:35:21,09:45:07,FAILED
604,115053,7363,05:06:02,20:59:31,FAILED
605,547643,6463,08:42:05,06:44:24,COMPLETED
606,498855,6756,02:46:49,23:59:00,FAILED
607,764810,7511,02:56:24,03:47:14,DROPPED
608,867802,8059,07:44:53,02:20:10,COMPLETED
609,137965,6314,21:36:38,14:05:12,DROPPED
610,692376,1676,23:06:09,01:29:01,COMPLETED
611,682612,3468,22:42:02,20:39:55,COMPLETED
612,411282,7075,14:45:05,14:32:44,DROPPED
613,742003,1068,22:27:24,09:19:03,COMPLETED
614,232269,3735,15:43:47,16:14:38,DROPPED
615,252636,5400,07:08:29,03:30:19,COMPLETED
616,491253,6588,20:48:16,11:33:37,COMPLETED
617,216994,9897,21:38:12,02:20:19,DROPPED
618,881716,6402,08:52:59,14:15:33,FAILED
619,733255,4717,18:06:55,20:37:11,FAILED
620,925829,6802,03:14:39,08:25:53,FAILED
621,135588,5060,13:26:03,02:25:14,COMPLETED
622,559640,9914,00:07:04,05:57:13,COMPLETED
623,515882,5693,21:19:16,05:10:08,FAILED
624,275816,3464,07:17:41,06:57:17,FAILED
625,493607,6439,12:15:02,09:59:40,FAILED
626,855231,2275,05:12:45,06:02:40,DROPPED
627,157578,9108,17:59:12,08:59:25,DROPPED
628,830130,9786,06:50:11,19:48:40,DROPPED
629,396869,7618,07:03:31,02:57:11,COMPLETED
630,825274,3912,05:11:45,14:21:20,DROPPED
631,716175,9395,22:40:18,05:01:37,COMPLETED
632,574170,5755,13:59:42,21:15:15,FAILED
633,720005,1113,22:27:11,05:54:58,COMPLETED
634,148303,3792,04:22:57,13:02:32,COMPLETED
635,349349,3539,10:23:07,21:11:19,COMPLETED
636,856309,7207,16:18:02,05:26:10,COMPLETED
637,401949,8681,07:45:04,21:50:49,COMPLETED
638,702900,8563,00:41:25,16:07:34,DROPPED
639,267599,7147,18:25:07,04:11:16,FAILED
640,336162,2079,11:42:23,00:38:15,COMPLETED
641,872378,5425,12:54:28,12:10:59,FAILED
642,169482,5864,05:20:27,07:52:11,COMPLETED
643,967749,1230,06:50:11,01:04:31,FAILED
644,274467,5382,22:46:18,00:19:01,FAILED
645,887428,6663,15:22:23,05:36:41,COMPLETED
646,784098,7512,08:15:23,07:36:07,FAILED
647,695365,9619,22:33:34,03:52:59,DROPPED
648,261449,1222,00:22:56,23:06:05,COMPLETED
649,120643,8303,10:14:37,23:41:06,COMPLETED
650,637552,5449,07:14:55,01:53:45,FAILED
651,148647,4844,18:15:20,10:57:29,COMPLETED
652,323171,4497,12:05:22,11:55:48,DROPPED
653,505992,2647,00:01:24,10:23:58,FAILED
654,424955,5064,20:36:16,06:19:01,FAILED
655,180847,2079,12:17:08,07:20:29,DROPPED
656,796811,6072,19:45:29,17:50:49,DROPPED
657,764630,8403,09:26:19,22:56:53,FAILED
658,548857,1648,14:32:45,18:18:17,DROPPED
659,610590,5452,20:43:10,17:54:02,DROPPED
660,532333,3755,14:48:37,18:07:09,DROPPED
661,114675,6440,10:59:14,17:59:45,COMPLETED
662,744260,3601,13:53:15,01:15:50,COMPLETED
663,359265,8861,09:22:52,11:24:49,FAILED
664,198534,8920,07:19:30,07:49:07,DROPPED
665,797854,1819,02:59:41,05:15:55,COMPLETED
666,951422,6523,03:37:15,01:54:23,FAILED
667,738681,8984,13:27:32,08:14:01,DROPPED
668,466455,6619,12:40:40,04:14:01,FAILED
669,750770,8575,21:15:53,07:01:59,COMPLETED
670,324251,3148,22:51:39,10:14:51,FAILED
671,350952,8753,21:51:01,23:22:49,COMPLETED
672,669469,7378,11:18:34,13:49:56,DROPPED
673,397925,4360,01:00:32,03:36:45,FAILED
674,826618,7374,19:09:01,15:13:38,FAILED
675,715987,3550,19:36:22,22:22:25,DROPPED
676,794920,5665,07:06:55,14:52:38,DROPPED
677,133844,2273,08:27:05,02:35:00,DROPPED
678,920343,4825,04:34:25,17:15:10,COMPLETED
679,622520,6938,23:47:04,02:38:25,DROPPED
680,256008,5225,16:02:08,07:43:43,DROPPED
681,662220,8670,03:24:22,04:56:16,FAILED
682,256043,3007,05:25:44,05:38:03,COMPLETED
683,993161,2371,09:22:10,17:21:06,FAILED
684,855538,5364,11:16:10,16:37:52,DROPPED
685,171962,8885,16:31:17,04:18:25,FAILED
686,828630,2886,10:22:00,03:29:31,COMPLETED
687,514736,4764,03:46:28,06:50:12,FAILED
688,517593,7037,03:24:26,06:22:15,FAILED
689,545651,2473,17:09:45,17:06:06,FAILED
690,695471,9298,01:23:32,03:55:51,FAILED
691,456694,2290,16:01:15,23:14:48,COMPLETED
692,834894,7741,20:31:54,04:48:25,DROPPED
693,647435,6222,01:45:48,05:30:57,COMPLETED
694,768205,1619,13:55:04,11:45:38,COMPLETED
695,337248,3720,12:25:35,04:38:22,DROPPED
696,652718,7624,05:22:17,04:31:54,DROPPED
697,435443,4265,08:20:25,13:33:24,DROPPED
698,300492,7532,12:59:48,10:51:27,DROPPED
699,815043,2651,07:17:35,03:15:14,FAILED
700,215514,3167,07:00:12,00:57:18,DROPPED
701,673984,3862,20:24:11,17:13:29,FAILED
702,241398,2084,02:22:21,12:51:58,DROPPED
703,909552,6080,00:25:39,16:15:19,FAILED
704,459029,9217,08:27:04,19:00:59,COMPLETED
705,349795,1649,11:33:05,12:04:06,FAILED
706,993916,2806,03:06:04,08:33:56,DROPPED
707,735551,5370,03:10:31,18:07:07,COMPLETED
708,670561,9832,10:22:21,19:59:16,COMPLETED
709,141864,7579,15:03:08,06:47:54,DROPPED
710,122148,2783,17:54:22,17:50:31,DROPPED
711,106048,8471,07:46:32,21:45:34,COMPLETED
712,854894,9728,21:14:00,12:08:16,COMPLETED
713,616021,7678,08:03:34,07:59:54,FAILED
714,910481,8835,19:54:44,01:43:11,DROPPED
715,405653,5289,06:24:15,22:39:04,COMPLETED
716,391183,7506,03:34:54,13:21:03,COMPLETED
717,882718,6565,06:37:02,08:44:47,FAILED
718,336880,9017,22:28:33,18:58:47,COMPLETED
719,954844,8830,14:52:55,09:36:50,FAILED
720,194932,7794,14:05:57,01:40:14,FAILED
721,663689,3105,07:28:55,22:02:43,COMPLETED
722,194150,7571,01:07:23,06:23:18,DROPPED
723,425845,6767,16:01:56,14:09:28,FAILED
724,613996,8978,07:02:41,04:22:01,DROPPED
725,744317,6912,07:52:30,08:54:31,COMPLETED
726,947512,1066,06:27:09,22:01:10,COMPLETED
727,540666,7528,03:28:05,12:44:18,DROPPED
728,788045,3998,10:05:46,21:19:55,DROPPED
729,284139,9499,13:41:05,03:14:42,FAILED
730,438099,2543,20:38:10,13:32:25,FAILED
731,981206,2967,09:35:04,18:44:14,COMPLETED
732,945613,2746,10:43:31,00:46:24,FAILED
733,389649,8688,22:18:10,20:41:17,FAILED
734,938510,9882,06:59:21,03:53:29,FAILED
735,530935,9772,22:55:14,05:12:15,COMPLETED
736,148191,3384,07:09:15,09:22:44,DROPPED
737,186681,7029,09:59:53,14:58:32,FAILED
738,115087,4138,00:28:17,10:26:32,FAILED
739,769870,6374,02:30:35,02:28:21,COMPLETED
740,149388,8821,01:27:49,10:53:59,COMPLETED
741,162235,4925,23:04:35,11:01:34,FAILED
742,275382,6645,07:56:04,14:37:25,DROPPED
743,131053,6485,11:20:44,01:26:59,COMPLETED
744,623616,4608,13:43:55,02:37:41,FAILED
745,360823,9079,10:54:44,19:44:25,DROPPED
746,284064,8156,02:47:42,10:41:33,FAILED
747,433324,8416,00:38:45,17:50:01,COMPLETED
748,846808,6248,04:46:53,20:11:05,DROPPED
749,581621,7986,12:36:14,04:52:56,DROPPED
750,915833,2527,02:24:43,23:57:16,DROPPED
751,827404,3828,05:08:47,23:34:40,DROPPED
752,274490,4039,00:12:23,11:36:05,DROPPED
753,184381,8725,00:58:25,07:28:19,COMPLETED
754,450150,2233,15:30:03,17:31:33,COMPLETED
755,125457,2454,08:13:17,22:30:16,COMPLETED
756,797705,6779,11:28:12,20:12:20,COMPLETED
757,293762,4676,16:00:13,16:44:30,FAILED
758,988623,3240,09:49:02,03:20:28,DROPPED
759,680497,2433,23:10:37,18:13:31,COMPLETED
760,533352,6499,09:10:13,05:40:38,FAILED
761,976375,4223,01:32:12,14:50:32,FAILED
762,434650,6222,08:49:59,23:56:25,DROPPED
763,312397,9294,10:24:10,02:21:48,COMPLETED
764,757622,1738,12:25:10,18:23:47,COMPLETED
765,454737,2621,13:59:56,19:10:47,DROPPED
766,231814,4803,04:17:54,19:04:16,COMPLETED
767,381982,1331,04:29:21,16:14:18,FAILED
768,385115,4349,01:07:21,21:58:24,DROPPED
769,909070,4242,04:09:10,22:54:33,FAILED
770,777742,3426,22:19:20,03:25:59,COMPLETED
771,949522,1994,22:17:01,22:37:57,COMPLETED
772,481940,1529,20:35:26,03:30:51,COMPLETED
773,231746,8961,14:03:55,21:22:34,COMPLETED
774,372965,3420,15:59:59,12:45:13,DROPPED
775,244089,3831,11:42:50,05:18:43,DROPPED
776,270654,3836,13:13:51,14:54:49,FAILED
777,489135,6139,04:53:45,17:25:18,DROPPED
778,977114,7523,02:58:37,23:54:46,FAILED
779,778821,1386,01:16:39,00:43:53,DROPPED
780,916643,8247,13:14:07,11:38:41,DROPPED
781,738916,5732,15:25:33,12:14:49,COMPLETED
782,853039,6516,16:37:56,23:17:10,FAILED
783,445515,4069,21:39:33,12:32:22,DROPPED
784,299259,8329,17:01:23,09:51:00,FAILED
785,906045,3683,20:51:06,12:29:06,COMPLETED
786,775319,5797,17:06:54,16:56:07,DROPPED
787,693856,9306,00:15:22,12:56:31,FAILED
788,606936,9991,13:58:48,04:47:29,COMPLETED
789,946195,4866,13:38:52,16:49:51,FAILED
790,692209,5419,01:38:08,08:11:00,COMPLETED
791,406841,1836,23:02:00,00:55:58,DROPPED
792,483316,2485,06:11:12,05:12:44,COMPLETED
793,907790,4733,22:11:27,04:39:31,COMPLETED
794,216545,9544,14:44:01,10:19:31,DROPPED
795,743215,9390,05:02:39,14:45:19,FAILED
796,317332,6246,15:23:57,19:59:40,COMPLETED
797,794713,4159,14:38:03,11:56:16,FAILED
798,251648,6273,06:44:19,03:22:34,COMPLETED
799,210512,6503,22:33:27,15:53:31,FAILED
800,229286,2701,19:52:07,01:28:17,FAILED
801,826540,6644,04:27:30,23:54:32,FAILED
802,610276,3549,01:36:11,00:27:05,FAILED
803,566909,4265,21:37:57,18:35:54,FAILED
804,658055,1949,18:13:21,09:20:28,COMPLETED
805,236123,1722,09:32:43,03:44:08,DROPPED
806,234492,9379,01:02:22,23:52:19,DROPPED
807,616093,8235,13:13:19,10:56:00,COMPLETED
808,682207,6669,09:12:18,13:22:29,DROPPED
809,959440,5416,13:53:43,05:20:37,DROPPED
810,582774,8895,20:07:33,22:52:24,DROPPED
811,103984,7757,11:27:46,10:31:36,COMPLETED
812,903676,3087,17:31:04,04:54:39,COMPLETED
813,965473,4601,03:02:32,06:58:42,COMPLETED
814,929656,7524,11:15:28,14:12:59,COMPLETED
815,745271,5425,09:16:40,06:59:37,COMPLETED
816,756697,7476,15:10:26,15:48:58,DROPPED
817,904384,6548,22:53:18,09:49:20,FAILED
818,166261,6490,02:30:24,05:03:34,DROPPED
819,557979,1535,02:06:02,12:01:59,COMPLETED
820,128942,5791,01:50:58,18:53:45,COMPLETED
821,902393,6112,10:20:49,08:07:36,COMPLETED
822,102147,8088,19:44:05,21:04:46,COMPLETED
823,965002,1579,22:42:34,19:16:55,DROPPED
824,872791,4307,15:38:59,16:10:39,DROPPED
825,955231,3276,17:16:21,03:10:20,DROPPED
826,995861,4722,02:30:06,17:04:21,FAILED
827,254410,7822,17:14:28,16:50:22,DROPPED
828,399322,4829,14:13:53,21:47:50,DROPPED
829,363768,4025,00:01:56,20:09:33,COMPLETED
830,291845,9955,02:57:57,01:40:12,DROPPED
831,524072,6787,22:20:26,19:15:16,DROPPED
832,601171,9621,20:04:54,06:48:59,DROPPED
833,167066,4287,03:36:53,16:17:07,COMPLETED
834,591953,8410,16:58:48,00:35:44,COMPLETED
835,500867,1603,02:36:44,15:12:31,COMPLETED
836,210194,5355,22:27:09,06:09:54,COMPLETED
837,675121,1081,21:33:59,08:15:36,COMPLETED
838,653180,1919,23:46:36,23:03:02,COMPLETED
839,633796,1645,20:44:30,17:45:26,COMPLETED
840,154267,5740,05:35:51,06:19:47,DROPPED
841,247700,1765,05:51:08,16:11:46,COMPLETED
842,332768,3329,03:11:43,17:02:35,DROPPED
843,163401,5987,07:59:35,22:03:42,DROPPED
844,253654,7320,06:19:19,16:05:29,FAILED
845,657086,2156,04:45:36,10:36:10,COMPLETED
846,401582,8352,08:59:36,15:17:25,DROPPED
847,959401,4646,02:31:23,03:48:51,FAILED
848,370656,9717,00:45:16,18:10:36,COMPLETED
849,429486,3746,08:55:41,01:22:00,FAILED
850,304848,9888,02:59:41,12:32:07,DROPPED
851,249557,5491,08:58:08,02:39:42,FAILED
852,519644,4335,13:41:17,20:11:30,COMPLETED
853,975005,4186,03:53:27,13:13:34,DROPPED
854,322894,2379,12:29:01,14:42:48,DROPPED
855,603849,7191,10:57:30,14:35:44,DROPPED
856,365699,8861,09:19:22,01:18:02,DROPPED
857,321065,1812,14:36:19,09:50:05,FAILED
858,740674,1850,06:52:06,01:38:51,FAILED
859,536142,6056,23:38:13,22:35:08,COMPLETED
860,797321,5575,21:48:15,20:05:44,COMPLETED
861,694511,7563,21:41:45,23:45:43,COMPLETED
862,164046,2951,02:50:22,22:03:21,FAILED
863,637633,1484,08:23:46,03:06:45,FAILED
864,247418,2658,14:21:01,13:16:29,COMPLETED
865,720168,7225,18:01:45,04:13:51,COMPLETED
866,463341,2927,17:40:29,23:32:41,COMPLETED
867,295498,4700,07:23:12,12:45:01,DROPPED
868,977571,8254,08:30:39,05:11:37,FAILED
869,908579,8929,00:56:26,09:24:39,COMPLETED
870,415627,8515,12:33:37,03:20:46,COMPLETED
871,354536,9478,09:26:04,05:30:53,DROPPED
872,953786,8424,11:25:19,04:46:26,COMPLETED
873,103413,5270,16:24:12,21:11:44,COMPLETED
874,830100,5445,18:01:05,05:21:04,COMPLETED
875,328218,3303,04:00:28,08:22:29,COMPLETED
876,562483,9073,02:20:18,09:50:47,FAILED
877,816275,9749,02:50:40,20:10:09,DROPPED
878,521412,9298,08:46:36,08:20:14,FAILED
879,242668,7146,03:23:37,14:15:22,COMPLETED
880,819988,9924,21:32:37,15:20:36,COMPLETED
881,264567,5575,08:44:45,14:25:51,DROPPED
882,381953,6775,19:51:55,19:46:01,FAILED
883,610144,8686,11:26:55,14:05:34,FAILED
884,659850,6197,20:15:22,22:18:23,DROPPED
885,398898,5232,23:46:01,10:25:06,DROPPED
886,249482,4331,05:38:16,07:01:09,COMPLETED
887,333143,5237,22:34:29,21:26:22,DROPPED
888,112543,1181,00:02:39,08:46:47,COMPLETED
889,770591,5080,10:18:51,02:43:09,FAILED
890,421237,2402,22:28:04,10:47:54,FAILED
891,777078,3598,02:41:18,14:06:42,DROPPED
892,486470,2403,10:56:09,20:58:50,FAILED
893,897771,4215,23:42:28,02:58:54,FAILED
894,943080,6526,11:48:56,16:17:09,COMPLETED
895,106462,8880,23:12:42,09:00:15,COMPLETED
896,812590,6697,18:00:21,23:02:47,DROPPED
897,705004,5513,17:13:13,15:45:02,FAILED
898,260240,9880,12:02:08,22:49:06,FAILED
899,349279,5549,16:38:02,19:52:55,FAILED
900,932787,7365,16:12:53,17:50:27,FAILED
901,192696,1191,10:01:16,13:20:38,FAILED
902,869704,9606,16:15:17,18:43:37,FAILED
903,234417,4516,04:45:39,05:04:55,DROPPED
904,705406,6049,07:17:21,14:51:20,DROPPED
905,535780,5554,19:20:05,19:22:30,DROPPED
906,357447,5912,00:25:00,03:51:32,DROPPED
907,447146,2735,15:30:10,17:50:21,FAILED
908,468219,7479,07:09:12,13:15:33,DROPPED
909,189924,4022,19:20:02,09:34:29,DROPPED
910,306800,6377,19:18:44,13:06:37,COMPLETED
911,648093,9997,23:10:13,15:31:19,DROPPED
912,548939,9778,21:43:23,10:23:57,COMPLETED
913,410177,7742,20:17:17,01:09:49,DROPPED
914,421838,5932,09:28:39,11:32:56,COMPLETED
915,302108,9531,13:30:23,23:57:02,COMPLETED
916,872074,3258,15:44:34,16:02:19,COMPLETED
917,667164,7372,20:00:51,02:48:19,DROPPED
918,419796,9051,17:53:43,14:20:13,FAILED
919,281549,1624,06:01:11,13:22:37,DROPPED
920,842670,6040,12:49:42,08:21:12,DROPPED
921,285466,2700,04:41:32,03:10:29,FAILED
922,545399,6324,13:29:19,04:10:56,FAILED
923,627424,3216,04:57:31,04:40:51,COMPLETED
924,820247,6406,03:01:33,23:26:38,FAILED
925,732574,9734,07:46:27,16:58:02,FAILED
926,895399,3103,00:28:35,04:29:26,FAILED
927,287952,3985,22:21:44,05:18:12,FAILED
928,732094,8151,04:55:49,09:15:40,COMPLETED
929,687383,9286,14:37:55,02:24:13,DROPPED
930,417491,4250,15:40:28,17:51:00,DROPPED
931,292484,5122,22:41:03,00:19:09,COMPLETED
932,482215,3343,02:20:02,21:23:59,FAILED
933,503653,4463,01:55:18,09:39:32,COMPLETED
934,892458,5433,13:05:31,11:13:23,DROPPED
935,908023,4911,02:27:34,11:53:09,DROPPED
936,507035,5876,02:19:01,14:45:37,COMPLETED
937,444313,5972,16:32:40,00:21:31,FAILED
938,651145,7206,03:03:35,15:47:14,COMPLETED
939,605067,9030,02:46:09,08:30:04,DROPPED
940,703633,3483,02:38:59,14:09:23,COMPLETED
941,437830,5408,02:35:35,05:02:12,FAILED
942,804967,2316,06:32:23,07:12:25,FAILED
943,490743,4212,03:46:06,15:15:17,DROPPED
944,817500,8992,02:30:07,22:18:42,COMPLETED
945,252359,4467,16:14:54,22:37:31,COMPLETED
946,612049,8613,10:36:46,15:27:54,COMPLETED
947,434167,5833,23:09:35,20:59:06,COMPLETED
948,998524,7324,03:54:25,13:10:26,COMPLETED
949,439203,4813,13:07:47,17:25:49,FAILED
950,251720,1218,04:42:48,18:45:45,COMPLETED
951,579676,8824,21:52:00,06:49:17,DROPPED
952,359352,1470,11:47:52,20:21:08,FAILED
953,697492,1181,10:54:46,14:18:31,COMPLETED
954,188242,1425,14:34:19,06:36:12,COMPLETED
955,963163,6704,10:50:09,23:10:19,FAILED
956,938229,2556,03:43:53,00:31:05,FAILED
957,312498,1874,15:46:08,06:05:16,FAILED
958,310405,4745,16:03:30,03:33:59,COMPLETED
959,766664,8530,16:01:54,05:58:28,DROPPED
960,421515,1067,08:32:46,22:19:46,DROPPED
961,506676,2519,05:28:08,22:48:11,COMPLETED
962,700485,1728,01:56:19,10:17:07,FAILED
963,257305,6859,10:27:27,23:51:56,DROPPED
964,964103,3659,22:32:08,18:21:58,COMPLETED
965,528203,1362,01:06:01,06:21:04,FAILED
966,730420,4450,01:45:29,19:00:57,FAILED
967,648679,3196,21:13:54,04:34:23,FAILED
968,542212,5327,12:34:03,05:43:38,DROPPED
969,752333,9647,05:27:39,13:03:25,DROPPED
970,646440,1391,21:07:19,21:57:57,DROPPED
971,688293,1939,05:39:04,14:42:32,COMPLETED
972,782107,5780,16:45:50,17:53:42,DROPPED
973,842355,4018,17:28:45,15:44:22,FAILED
974,778113,5594,08:48:47,06:41:41,COMPLETED
975,315668,2075,03:34:11,18:41:12,COMPLETED
976,360504,3522,11:37:11,20:32:40,COMPLETED
977,898535,6185,09:35:17,08:48:32,COMPLETED
978,398617,7384,19:14:07,22:59:48,COMPLETED
979,950159,3322,01:43:19,23:26:13,COMPLETED
980,380803,5906,05:59:14,20:56:16,COMPLETED
981,791668,5705,01:02:01,20:03:25,FAILED
982,311906,3038,21:59:45,03:55:09,COMPLETED
983,824414,6638,20:35:58,00:27:14,DROPPED
984,443405,3595,05:31:47,12:44:49,COMPLETED
985,614251,3221,07:49:32,04:26:07,DROPPED
986,259259,3519,23:38:48,14:29:49,COMPLETED
987,877277,5949,14:39:15,22:06:26,FAILED
988,137303,7760,03:10:17,16:10:38,FAILED
989,774411,8794,20:37:31,01:55:39,FAILED
990,302461,3988,19:00:11,19:36:42,COMPLETED
991,158605,5965,18:16:52,18:41:10,DROPPED
992,442803,6141,17:34:01,09:01:21,FAILED
993,683849,7181,09:44:56,01:09:34,COMPLETED
994,314589,6760,22:50:22,08:23:22,DROPPED
995,294767,5018,15:23:06,11:08:15,COMPLETED
996,916118,6073,01:36:28,22:04:18,COMPLETED
997,953791,3679,22:04:47,07:36:05,DROPPED
998,338753,9903,00:14:03,03:44:51,DROPPED
999,789056,8331,17:14:32,19:08:58,FAILED
1000,470691,3378,03:48:51,12:55:18,COMPLETED
1001,116707,3977,22:25:09,22:24:32,COMPLETED
1002,158468,4060,21:43:34,08:46:13,DROPPED
1003,721113,4311,03:48:13,22:44:19,DROPPED
1004,447503,7717,03:59:00,00:55:34,COMPLETED
1005,474130,9603,04:24:09,05:34:29,COMPLETED
1006,506799,8942,07:37:46,06:59:32,FAILED
1007,142053,3434,03:01:15,01:22:36,COMPLETED
1008,296046,5141,23:04:05,15:30:32,DROPPED
1009,800981,3814,20:05:31,23:47:56,COMPLETED
1010,359276,6157,20:29:39,14:11:55,FAILED
1011,600736,6656,02:16:37,04:03:51,DROPPED
1012,212508,7195,19:51:54,13:44:27,FAILED
1013,493511,2629,12:06:36,18:27:06,COMPLETED
1014,926412,7498,20:52:40,03:55:09,DROPPED
1015,463962,4792,23:55:24,21:15:10,COMPLETED
1016,168270,8543,20:49:03,14:44:56,DROPPED
1017,964350,4479,00:21:17,14:06:31,DROPPED
1018,406691,3252,15:36:46,05:58:50,COMPLETED
1019,624565,2954,22:30:12,04:30:56,DROPPED
1020,109977,9620,09:42:35,19:32:14,DROPPED
1021,591491,2604,20:50:43,05:32:53,DROPPED
1022,625921,7355,09:35:44,13:20:45,COMPLETED
1023,398737,9310,23:31:36,18:59:58,COMPLETED
1024,541687,4076,00:42:26,14:42:42,DROPPED
1025,766160,8327,23:48:49,14:19:17,DROPPED
1026,828183,8178,13:33:15,07:11:35,FAILED
1027,518034,6190,12:05:17,03:21:50,FAILED
1028,884458,3033,13:22:47,16:42:45,FAILED
1029,352440,2568,17:41:53,16:34:04,COMPLETED
1030,559966,7076,20:36:25,12:45:21,COMPLETED
1031,183672,1313,02:32:41,03:03:37,COMPLETED
1032,688989,2160,18:00:14,18:29:16,COMPLETED
1033,544861,6825,06:57:27,13:54:13,FAILED
1034,128713,2154,16:47:48,10:41:30,FAILED
1035,922595,2550,17:10:53,18:46:47,COMPLETED
1036,479292,4976,23:26:38,21:58:07,DROPPED
1037,599525,2653,14:39:58,06:28:07,FAILED
1038,754776,6038,17:40:00,14:37:52,DROPPED
1039,100605,1346,03:47:44,22:34:15,DROPPED
1040,292324,5344,20:26:01,00:55:50,DROPPED
1041,433183,1528,01:33:25,20:33:57,FAILED
1042,555320,1197,05:59:34,17:36:38,DROPPED
1043,511742,5293,14:52:28,11:03:38,DROPPED
1044,930095,2812,13:45:58,08:05:08,FAILED
1045,647005,5434,11:57:08,04:55:26,COMPLETED
1046,784823,5849,02:46:13,07:20:03,DROPPED
1047,903475,3394,04:38:58,08:57:07,COMPLETED
1048,114268,6355,11:44:20,19:16:04,DROPPED
1049,404599,7840,00:17:46,12:01:17,FAILED
1050,719715,9710,13:39:34,07:45:40,COMPLETED
1051,703199,7453,09:00:12,04:05:14,COMPLETED
1052,843823,1823,01:39:01,08:33:58,COMPLETED
1053,486510,5139,18:33:51,04:54:26,COMPLETED
1054,673937,8869,20:01:26,14:02:09,COMPLETED
1055,443673,2114,13:15:47,11:48:53,COMPLETED
1056,401694,1798,22:38:56,06:04:48,COMPLETED
1057,458701,1522,04:00:12,09:10:30,FAILED
1058,243597,5690,09:11:10,16:52:51,DROPPED
1059,763474,3826,20:59:19,00:22:03,FAILED
1060,594940,5123,23:54:53,04:15:51,COMPLETED
1061,993925,9584,21:42:26,04:41:55,COMPLETED
1062,550030,2118,17:50:30,23:41:03,COMPLETED
1063,704489,9378,20:27:18,06:38:28,FAILED
1064,113376,7607,10:26:59,09:13:52,FAILED
1065,166779,6572,08:57:34,00:55:09,DROPPED
1066,731062,4198,03:18:31,11:59:56,FAILED
1067,103308,3412,18:54:48,09:41:57,DROPPED
1068,197127,3224,04:17:50,05:15:50,DROPPED
1069,260303,8259,18:43:07,12:51:57,FAILED
1070,464577,4871,00:41:41,15:10:57,DROPPED
1071,932288,7396,22:09:16,18:32:54,FAILED
1072,585107,8889,23:19:18,04:00:08,FAILED
1073,164596,6707,21:03:30,06:56:09,DROPPED
1074,972759,5024,15:03:15,11:52:07,COMPLETED
1075,313260,2244,18:13:13,09:26:41,FAILED
1076,722199,4217,19:49:10,09:39:48,FAILED
1077,951176,3055,15:23:54,08:40:06,COMPLETED
1078,348831,7663,18:07:02,17:39:18,FAILED
1079,631082,4238,04:20:27,18:33:29,COMPLETED
1080,907340,6866,01:02:40,13:44:47,DROPPED
1081,495700,9876,02:06:22,07:35:02,COMPLETED
1082,734176,8940,23:49:37,14:04:46,DROPPED
1083,144548,3273,12:41:10,14:35:56,COMPLETED
1084,307489,4846,22:58:35,21:47:09,DROPPED
1085,871852,9064,03:10:26,23:02:05,FAILED
1086,112798,5812,08:26:35,01:32:42,COMPLETED
1087,598671,1961,03:47:56,05:16:03,DROPPED
1088,127027,3769,03:18:00,12:56:02,COMPLETED
1089,529968,9747,03:01:16,08:06:41,COMPLETED
1090,902188,4170,08:32:06,15:50:14,FAILED
1091,145101,5954,18:00:10,03:29:32,DROPPED
1092,597026,3614,17:05:40,06:13:26,COMPLETED
1093,237568,6927,23:46:52,17:13:24,FAILED
1094,460867,7624,18:06:58,01:12:27,FAILED
1095,586268,2870,19:53:18,06:39:21,DROPPED
1096,367553,3882,09:58:48,20:25:05,COMPLETED
1097,678893,2439,19:15:13,05:50:03,FAILED
1098,710401,7495,08:01:16,17:24:50,FAILED
1099,912521,9491,09:28:25,17:00:52,COMPLETED
1100,731131,3269,03:54:52,19:55:45,FAILED
1101,294562,8498,17:34:30,17:36:33,COMPLETED
1102,290939,1322,08:17:15,00:41:30,COMPLETED
1103,953383,3937,02:35:03,23:30:05,COMPLETED
1104,668742,5150,10:21:09,12:46:33,DROPPED
1105,236168,8469,09:22:39,17:20:02,COMPLETED
1106,955617,6833,06:31:10,17:12:30,DROPPED
1107,394883,2868,03:00:57,21:24:41,FAILED
1108,819319,4050,18:25:14,17:07:05,COMPLETED
1109,642354,4709,12:08:50,14:41:19,FAILED
1110,528769,9848,05:23:16,23:27:23,DROPPED
1111,114187,7090,19:42:52,06:40:38,COMPLETED
1112,441054,7036,09:42:56,03:31:12,FAILED
1113,294798,5249,21:01:22,21:03:22,COMPLETED
1114,461608,5628,07:05:48,13:29:25,FAILED
1115,858625,5214,13:25:35,13:55:22,DROPPED
1116,657202,2019,14:23:17,16:28:06,DROPPED
1117,930074,8682,10:52:57,13:20:48,COMPLETED
1118,545151,7363,05:48:14,04:16:27,FAILED
1119,198161,9794,21:44:12,21:39:02,COMPLETED
1120,710539,1766,18:01:05,12:23:28,DROPPED
1121,403781,2836,17:25:36,19:52:48,DROPPED
1122,233177,5880,20:26:22,02:53:39,COMPLETED
1123,524446,6336,12:16:32,06:36:52,DROPPED
1124,347677,8389,23:56:16,19:47:44,FAILED
1125,534992,3242,09:20:42,23:58:14,COMPLETED
1126,209434,9739,18:06:11,20:40:05,COMPLETED
1127,717520,2195,22:31:17,08:21:53,FAILED
1128,584101,4607,23:12:57,05:19:45,DROPPED
1129,779370,9911,06:35:41,11:21:36,DROPPED
1130,127588,5086,15:57:57,04:19:24,DROPPED
1131,608466,1944,20:32:58,00:21:14,COMPLETED
1132,834396,8780,06:54:19,07:34:06,FAILED
1133,239570,4959,07:34:11,11:03:37,FAILED
1134,914861,4252,09:12:05,21:21:35,FAILED
1135,503260,3741,16:18:48,15:42:33,COMPLETED
1136,311917,8104,21:33:10,08:19:37,FAILED
1137,973679,9590,17:35:51,02:50:21,COMPLETED
1138,714560,6322,08:03:38,19:18:05,FAILED
1139,922689,9861,09:35:13,18:19:14,DROPPED
1140,946570,9226,10:22:29,08:22:52,DROPPED
1141,211356,2692,06:11:11,10:02:26,COMPLETED
1142,773036,8824,02:01:45,08:31:23,COMPLETED
1143,338807,6024,16:41:15,07:14:50,FAILED
1144,938291,6537,04:26:37,22:13:44,FAILED
1145,831495,2312,08:00:46,09:37:06,FAILED
1146,279290,9697,12:16:00,15:25:15,DROPPED
1147,885452,2549,13:02:56,14:21:44,DROPPED
1148,333796,7534,15:36:40,00:24:13,COMPLETED
1149,227286,1738,02:41:51,23:55:08,FAILED
1150,826116,5401,00:23:43,06:13:21,FAILED
1151,378044,7217,13:35:23,00:52:51,FAILED
1152,871632,8040,23:12:10,07:32:38,FAILED
1153,911882,8955,01:10:11,20:26:51,DROPPED
1154,669216,2320,07:01:36,12:33:12,FAILED
1155,111120,3613,18:12:50,04:09:02,DROPPED
1156,521000,7224,12:20:47,23:01:26,COMPLETED
1157,975532,8028,05:02:58,02:20:13,COMPLETED
1158,102008,4518,11:36:09,16:11:49,FAILED
1159,796586,5453,20:04:14,08:55:21,COMPLETED
1160,466718,4410,07:58:19,13:37:21,FAILED
1161,736234,3260,04:19:07,00:04:52,DROPPED
1162,488472,3643,05:38:46,16:08:36,FAILED
1163,542464,9720,03:06:55,10:34:20,COMPLETED
1164,599018,7389,20:37:16,08:48:33,COMPLETED
1165,385870,1754,16:52:39,21:53:38,COMPLETED
1166,160213,4936,06:52:18,23:47:01,FAILED
1167,535538,5007,19:21:18,03:57:15,FAILED
1168,245000,5374,17:49:36,23:12:16,COMPLETED
1169,525024,9336,22:41:40,15:39:45,DROPPED
1170,464715,5003,19:11:34,17:14:46,FAILED
1171,172854,6014,01:57:31,18:12:21,FAILED
1172,182518,9686,07:49:56,07:02:51,DROPPED
1173,348995,3634,01:17:30,03:45:52,DROPPED
1174,908032,4678,06:09:11,13:52:23,COMPLETED
1175,563633,5812,09:02:11,06:54:37,FAILED
1176,363874,6197,00:31:13,07:56:25,COMPLETED
1177,456225,9924,01:55:01,09:39:05,COMPLETED
1178,743293,8560,19:07:10,12:20:56,FAILED
1179,467490,9171,16:02:05,01:10:27,DROPPED
1180,495948,9906,10:01:35,21:49:02,DROPPED
1181,520814,6817,01:57:18,15:45:59,COMPLETED
1182,456897,9484,00:55:56,00:38:40,FAILED
1183,603977,1370,12:12:33,03:54:38,COMPLETED
1184,239293,8840,03:13:29,13:44:20,COMPLETED
1185,978822,3072,15:01:59,12:05:34,FAILED
1186,824631,2583,10:40:38,17:47:22,FAILED
1187,109144,8704,01:38:37,06:45:14,DROPPED
1188,735482,6016,19:21:47,17:12:52,DROPPED
1189,343563,4599,07:35:54,03:02:09,COMPLETED
1190,883628,5678,01:13:43,19:02:40,DROPPED
1191,124201,2922,13:47:51,03:30:07,FAILED
1192,477683,5277,06:31:15,09:03:41,COMPLETED
1193,303820,1586,19:39:24,19:43:46,DROPPED
1194,459581,9338,03:29:32,06:36:48,COMPLETED
1195,214428,7014,04:51:06,02:35:29,DROPPED
1196,392578,4653,18:59:42,12:40:29,FAILED
1197,161446,8374,22:48:27,12:57:36,FAILED
1198,243351,1554,18:24:19,14:38:16,DROPPED
1199,285507,2514,16:59:11,00:39:09,COMPLETED
1200,987005,1172,23:55:38,07:20:53,FAILED
1201,540352,7690,18:07:02,00:16:52,FAILED
1202,385521,9790,13:48:53,11:50:10,COMPLETED
1203,787515,1723,10:40:29,05:07:20,FAILED
1204,561025,7204,10:07:39,12:24:08,FAILED
1205,604317,6079,08:34:31,15:58:10,COMPLETED
1206,999105,4574,20:53:27,14:09:25,DROPPED
1207,606087,3987,19:14:37,02:19:25,COMPLETED
1208,382588,1815,10:06:40,10:21:01,COMPLETED
1209,709235,9516,12:18:05,06:13:19,FAILED
1210,504326,9670,22:58:10,18:38:25,COMPLETED
1211,740037,8001,10:16:49,15:33:39,COMPLETED
1212,383798,4608,09:48:36,07:26:04,COMPLETED
1213,583263,1277,06:55:03,23:45:00,COMPLETED
1214,319617,5310,23:54:57,22:26:45,DROPPED
1215,745334,2801,16:55:58,20:10:04,COMPLETED
1216,552710,7464,04:27:32,02:45:44,DROPPED
1217,444512,1573,03:03:43,21:47:25,FAILED
1218,497147,6162,21:57:04,02:42:01,FAILED
1219,497037,8501,04:30:21,09:11:12,COMPLETED
1220,128599,2912,22:21:23,00:58:29,DROPPED
1221,375892,7420,06:24:09,12:05:10,COMPLETED
1222,736876,4849,00:00:24,18:02:22,FAILED
1223,974084,3775,19:20:47,11:01:28,FAILED
1224,584583,8202,19:17:07,15:23:06,COMPLETED
1225,461841,3799,12:06:34,22:29:24,COMPLETED
1226,700353,8652,10:46:17,10:18:32,DROPPED
1227,785611,3867,03:04:26,23:49:03,FAILED
1228,570103,5039,19:57:17,02:57:04,FAILED
1229,553524,3483,15:46:24,22:09:46,FAILED
1230,302410,5725,23:55:19,14:56:07,DROPPED
1231,806324,3022,12:42:20,02:49:54,COMPLETED
1232,709642,3222,09:44:11,00:20:08,FAILED
1233,622039,9174,19:51:37,14:22:33,COMPLETED
1234,780600,1516,07:08:03,03:55:25,DROPPED
1235,893684,3593,21:10:18,02:24:23,COMPLETED
1236,139664,8375,11:20:46,03:08:52,DROPPED
1237,214246,3316,14:18:32,15:59:29,FAILED
1238,855885,4734,00:00:07,20:00:01,FAILED
1239,734172,2828,21:38:20,00:15:14,DROPPED
1240,425895,2834,15:03:44,16:58:12,DROPPED
1241,353883,6382,13:42:31,02:30:55,FAILED
1242,398212,8208,22:50:05,14:14:22,COMPLETED
1243,431150,8542,06:27:19,05:10:00,COMPLETED
1244,805106,5694,05:52:48,08:48:56,DROPPED
1245,557961,3231,08:31:10,15:20:06,FAILED
1246,124575,2395,17:18:55,16:52:00,FAILED
1247,700150,3060,14:34:16,14:14:41,COMPLETED
1248,498499,2748,21:48:54,20:06:57,FAILED
1249,364524,1601,13:58:55,11:40:04,DROPPED
1250,155321,3071,16:42:20,13:17:56,COMPLETED
1251,447743,7433,11:40:58,22:05:49,FAILED
1252,791269,5581,06:05:19,06:43:50,FAILED
1253,586515,3591,08:10:38,02:07:45,DROPPED
1254,645464,4840,10:51:20,14:24:17,COMPLETED
1255,875952,6080,07:36:59,23:30:31,DROPPED
1256,287853,9552,13:45:49,01:21:26,COMPLETED
1257,559427,5858,02:39:29,07:26:39,DROPPED
1258,552249,8862,02:09:44,21:57:04,FAILED
1259,700434,1635,08:19:54,00:39:27,COMPLETED
1260,816458,5898,14:46:26,12:31:45,DROPPED
1261,849107,4850,11:02:59,12:13:23,DROPPED
1262,649433,7338,23:35:08,02:31:32,FAILED
1263,913640,1078,11:42:29,16:13:19,COMPLETED
1264,115893,6048,06:59:44,10:59:05,FAILED
1265,632793,8226,17:56:40,23:07:21,DROPPED
1266,710948,2566,16:38:50,07:51:55,FAILED
1267,381618,9450,23:14:29,20:40:31,DROPPED
1268,774306,6172,23:11:17,09:49:17,FAILED
1269,446572,1550,17:55:49,13:49:55,DROPPED
1270,408158,9768,19:13:43,07:52:00,FAILED
1271,129271,2248,17:26:20,15:35:34,COMPLETED
1272,788924,6259,08:46:02,10:55:49,COMPLETED
1273,882343,6908,23:33:49,10:35:07,COMPLETED
1274,548709,5122,08:41:16,10:24:13,FAILED
1275,442371,1543,03:59:04,12:13:20,COMPLETED
1276,991214,9595,18:15:12,16:40:28,FAILED
1277,291522,5307,08:08:53,10:04:33,FAILED
1278,572709,2209,06:31:21,02:49:02,DROPPED
1279,448061,4203,12:33:04,02:17:19,DROPPED
1280,414299,2807,05:23:43,18:22:29,COMPLETED
1281,753459,7470,18:44:37,04:02:50,FAILED
1282,345099,7644,18:30:34,04:38:21,DROPPED
1283,127774,7014,18:22:40,10:20:33,COMPLETED
1284,379349,1118,22:46:58,05:43:24,FAILED
1285,277878,7277,03:13:48,23:11:35,COMPLETED
1286,399149,6415,15:12:55,17:05:41,COMPLETED
1287,403391,8135,14:59:29,00:37:11,COMPLETED
1288,353119,9361,06:49:20,16:58:13,FAILED
1289,514634,5882,04:46:14,19:47:54,DROPPED
1290,696460,5371,01:07:46,05:05:12,COMPLETED
1291,552690,8440,22:13:39,04:32:34,DROPPED
1292,498664,9705,05:55:58,09:29:51,COMPLETED
1293,692489,3421,18:27:18,06:15:52,COMPLETED
1294,762851,6628,03:53:51,03:03:18,COMPLETED
1295,134260,8230,03:28:49,09:45:26,DROPPED
1296,648092,3316,06:31:21,07:40:37,FAILED
1297,651217,6585,09:56:27,13:35:27,DROPPED
1298,720567,2318,10:31:14,22:17:41,DROPPED
1299,141260,9440,15:11:54,05:05:35,COMPLETED
1300,271286,1873,18:45:10,23:55:42,DROPPED
1301,229705,4362,12:39:30,06:51:13,DROPPED
1302,236634,7807,08:27:15,19:36:58,DROPPED
1303,866901,4482,01:34:21,23:00:06,FAILED
1304,757438,3297,22:56:17,18:51:09,DROPPED
1305,453922,3190,13:44:52,23:17:48,DROPPED
1306,185672,2291,22:51:53,14:11:47,DROPPED
1307,580381,6285,05:58:45,21:07:09,DROPPED
1308,656294,7073,16:42:15,14:57:29,COMPLETED
1309,681839,4637,11:36:47,23:30:45,FAILED
1310,361526,9006,18:31:07,11:33:19,FAILED
1311,217967,7071,00:08:02,15:05:16,FAILED
1312,456906,2721,16:13:04,02:43:27,FAILED
1313,288324,6820,16:52:23,11:54:37,FAILED
1314,323078,4140,11:41:01,23:28:10,DROPPED
1315,724188,7986,13:31:02,21:42:21,FAILED
1316,958696,4486,13:56:26,14:08:47,DROPPED
1317,840122,2145,09:17:32,20:38:16,COMPLETED
1318,773575,3619,17:23:06,05:47:11,COMPLETED
1319,693494,8855,15:30:37,13:04:35,FAILED
1320,235645,7520,18:53:39,17:21:02,DROPPED
1321,165101,6727,09:51:10,02:13:12,FAILED
1322,401748,7449,16:10:58,16:50:00,DROPPED
1323,514659,7248,06:20:22,11:27:29,FAILED
1324,178571,8457,22:46:02,23:28:47,DROPPED
1325,603549,7821,06:44:57,08:46:17,COMPLETED
1326,106693,3781,00:16:35,05:03:56,DROPPED
1327,719301,2716,03:52:56,12:09:01,FAILED
1328,115159,2019,18:26:12,11:18:24,COMPLETED
1329,602468,8217,08:30:56,00:39:50,COMPLETED
1330,972727,9227,11:39:20,06:10:18,FAILED
1331,926230,7296,15:21:44,00:54:10,COMPLETED
1332,121228,6690,15:16:02,15:04:12,FAILED
1333,776104,7627,01:53:07,03:13:51,COMPLETED
1334,995921,5225,03:13:00,09:09:08,FAILED
1335,663386,4169,13:27:07,18:26:01,DROPPED
1336,831239,9063,00:07:11,08:32:08,DROPPED
1337,591476,6590,16:10:00,02:22:28,DROPPED
1338,474357,6378,11:11:00,22:40:29,FAILED
1339,898358,7002,19:48:43,11:02:16,FAILED
1340,492585,6577,17:20:22,03:07:04,DROPPED
1341,479417,4146,08:14:33,15:12:41,DROPPED
1342,929867,6636,01:05:02,02:46:26,FAILED
1343,318337,5206,23:40:34,19:10:57,COMPLETED
1344,326780,1838,15:25:25,08:42:09,DROPPED
1345,952528,2751,03:19:38,11:07:20,FAILED
1346,418651,8830,07:23:35,22:42:02,DROPPED
1347,107007,7344,06:26:50,04:13:30,COMPLETED
1348,532831,4843,06:09:27,20:04:28,COMPLETED
1349,799408,6240,19:10:32,20:09:33,FAILED
1350,365793,5939,08:35:50,04:16:22,DROPPED
1351,486530,4252,09:35:12,16:10:16,DROPPED
1352,170579,3331,03:33:04,01:19:32,FAILED
1353,815600,6480,13:15:12,20:04:23,DROPPED
1354,345534,7692,23:29:21,05:47:43,COMPLETED
1355,921741,1904,06:11:36,21:06:16,DROPPED
1356,409181,1678,05:27:35,01:45:15,DROPPED
1357,402569,6756,08:56:42,17:41:14,COMPLETED
1358,105724,6493,07:08:44,01:18:11,FAILED
1359,484881,9172,03:51:24,16:11:41,COMPLETED
1360,224701,4736,18:28:57,23:11:58,DROPPED
1361,594983,6098,11:57:02,17:10:13,COMPLETED
1362,760285,2718,03:19:25,18:14:42,DROPPED
1363,404576,6538,23:33:18,22:22:42,FAILED
1364,224084,8042,16:02:22,12:52:21,COMPLETED
1365,566899,5611,09:11:17,08:20:40,FAILED
1366,947978,4542,16:22:45,09:04:21,COMPLETED
1367,244550,2770,05:04:03,16:16:35,DROPPED
1368,549704,6786,01:47:32,22:59:24,COMPLETED
1369,345136,8324,22:44:00,09:20:16,COMPLETED
1370,937379,7702,07:14:02,10:56:47,COMPLETED
1371,586339,6012,11:02:22,07:52:51,COMPLETED
1372,471702,5831,08:53:41,00:42:51,DROPPED
1373,825822,7923,13:49:12,18:11:28,FAILED
1374,389025,2255,00:42:01,12:50:19,DROPPED
1375,866131,2403,10:31:16,10:34:27,DROPPED
1376,375507,1744,23:11:31,10:39:19,DROPPED
1377,809785,8936,18:55:42,03:20:59,COMPLETED
1378,238883,6378,10:24:46,20:03:50,DROPPED
1379,924463,5649,12:06:30,11:52:29,DROPPED
1380,293624,2899,04:40:54,08:52:37,FAILED
1381,454310,5878,12:36:26,13:05:16,COMPLETED
1382,493221,6874,08:53:37,09:05:00,DROPPED
1383,900187,4695,10:47:56,15:42:07,COMPLETED
1384,309334,3838,14:02:06,17:55:55,DROPPED
1385,942408,8912,13:14:27,18:15:33,FAILED
1386,233298,8753,05:59:52,20:17:38,FAILED
1387,421019,6447,22:53:37,19:23:38,COMPLETED
1388,735361,6295,04:12:57,04:24:23,FAILED
1389,104931,5236,02:04:34,14:45:02,DROPPED
1390,147570,9708,21:22:41,16:01:32,COMPLETED
1391,441145,4906,20:07:30,21:52:34,COMPLETED
1392,259448,1175,12:13:02,10:54:40,FAILED
1393,223725,9972,22:28:47,00:12:55,DROPPED
1394,956460,5970,11:39:09,15:29:37,COMPLETED
1395,645610,9061,01:58:51,20:56:14,COMPLETED
1396,867267,4235,17:35:34,16:00:24,FAILED
1397,911262,7911,10:33:29,18:44:53,COMPLETED
1398,331269,8086,11:14:54,21:59:40,DROPPED
1399,348474,8548,04:48:37,20:26:01,COMPLETED
1400,763560,8993,18:27:12,15:09:57,FAILED
1401,300027,3178,11:25:25,16:47:47,FAILED
1402,426541,8124,06:29:25,15:09:12,FAILED
1403,826551,4934,03:14:07,07:16:57,DROPPED
1404,313097,2579,20:47:54,21:01:18,DROPPED
1405,758300,1201,11:35:09,10:37:05,FAILED
1406,880441,2230,13:55:23,06:29:06,DROPPED
1407,695780,3040,22:16:03,15:18:08,FAILED
1408,956301,5898,16:12:32,23:45:41,COMPLETED
1409,603225,9022,23:04:28,23:57:18,COMPLETED
1410,862598,9827,20:11:50,03:08:13,FAILED
1411,622436,4243,11:21:50,11:32:18,COMPLETED
1412,851120,9188,09:58:27,21:51:12,COMPLETED
1413,837714,3930,18:10:39,22:34:55,FAILED
1414,397094,5604,21:25:52,22:36:51,DROPPED
1415,321236,8604,17:43:19,07:59:00,DROPPED
1416,683305,1451,15:06:04,16:05:41,COMPLETED
1417,323339,6822,00:40:08,17:49:19,FAILED
1418,707404,4061,16:02:37,12:30:44,COMPLETED
1419,653160,2731,02:29:41,15:29:20,COMPLETED
1420,640891,5914,08:23:35,12:15:03,FAILED
1421,611337,6048,09:14:56,01:37:22,FAILED
1422,772090,7867,00:29:10,04:55:25,FAILED
1423,710066,8039,12:24:40,09:19:13,DROPPED
1424,908857,8705,03:18:38,05:50:12,FAILED
1425,939399,7141,05:33:51,00:48:05,DROPPED
1426,151571,9230,20:12:15,17:34:09,DROPPED
1427,127727,9663,02:43:20,18:17:31,COMPLETED
1428,599774,6696,20:24:19,20:00:42,FAILED
1429,529753,6873,06:40:39,02:35:09,DROPPED
1430,477189,3155,19:20:26,19:24:22,COMPLETED
1431,206588,9547,08:45:36,15:24:10,DROPPED
1432,555397,4933,22:51:02,12:29:46,FAILED
1433,582150,4903,00:16:43,08:05:24,DROPPED
1434,480896,1484,13:58:27,16:07:25,COMPLETED
1435,659890,9872,23:44:59,19:15:20,FAILED
1436,926090,4416,06:51:08,22:42:03,DROPPED
1437,979808,5929,01:09:10,18:59:54,COMPLETED
1438,302179,5945,12:49:25,13:08:08,FAILED
1439,807114,5354,15:12:35,12:48:55,COMPLETED
1440,726633,5827,21:26:52,05:34:15,DROPPED
1441,710303,8998,16:27:18,19:46:36,COMPLETED
1442,476443,8942,19:45:12,23:12:18,COMPLETED
1443,895093,3997,00:31:44,23:48:49,FAILED
1444,832841,3806,21:44:08,19:31:50,FAILED
1445,621383,6079,02:57:02,01:21:42,DROPPED
1446,643615,6613,07:46:56,08:30:11,DROPPED
1447,742908,9767,20:01:33,09:30:15,FAILED
1448,821801,8740,17:27:06,11:47:33,DROPPED
1449,810977,1019,11:08:30,02:56:47,COMPLETED
1450,651357,7130,23:21:01,09:14:57,DROPPED
1451,412336,5520,03:09:16,07:02:30,DROPPED
1452,761952,6543,14:04:32,08:34:39,FAILED
1453,373010,9764,22:28:14,14:10:03,FAILED
1454,628804,5436,20:29:11,23:40:43,COMPLETED
1455,302958,2289,05:04:23,12:26:23,DROPPED
1456,127574,4102,14:17:37,04:55:33,COMPLETED
1457,372593,4001,04:30:57,14:31:14,DROPPED
1458,895428,1582,09:40:55,19:14:17,FAILED
1459,993600,4906,21:01:07,07:21:00,FAILED
1460,519567,6362,15:33:15,07:49:05,FAILED
1461,516713,7036,18:26:44,07:48:40,DROPPED
1462,146390,8567,12:02:58,11:15:06,FAILED
1463,502373,4712,22:38:31,13:43:55,DROPPED
1464,752202,2268,18:14:57,13:20:39,COMPLETED
1465,823622,7679,10:38:54,10:10:40,COMPLETED
1466,335564,9442,15:43:30,03:28:37,COMPLETED
1467,317659,9169,05:24:33,09:56:25,DROPPED
1468,299020,6655,11:45:04,20:15:58,DROPPED
1469,909203,1312,14:25:31,17:02:38,DROPPED
1470,540594,4137,14:53:41,19:05:58,DROPPED
1471,475059,7695,01:16:14,15:14:17,DROPPED
1472,613399,1301,02:00:11,03:49:35,FAILED
1473,581893,7704,04:29:54,01:26:42,COMPLETED
1474,319328,3253,05:41:36,00:37:40,COMPLETED
1475,163362,3468,10:26:45,16:34:00,DROPPED
1476,302223,5863,22:19:37,15:03:54,COMPLETED
1477,155491,7652,02:43:26,13:25:31,COMPLETED
1478,676279,1366,16:52:01,02:45:19,COMPLETED
1479,879245,1425,20:59:26,09:17:40,FAILED
1480,653465,8734,03:44:06,01:40:22,FAILED
1481,650870,3914,06:33:18,21:31:20,FAILED
1482,917435,7536,17:01:00,10:32:57,COMPLETED
1483,133377,1135,13:23:27,12:52:13,COMPLETED
1484,906574,8487,11:30:29,19:20:00,DROPPED
1485,538981,2796,18:56:00,00:51:22,FAILED
1486,612574,3555,20:01:35,16:44:24,COMPLETED
1487,116177,7809,19:41:10,01:39:01,FAILED
1488,309348,3900,16:34:40,12:04:09,COMPLETED
1489,777112,5123,11:50:27,19:08:30,FAILED
1490,789186,7202,12:40:49,18:40:05,COMPLETED
1491,923874,9937,08:06:35,14:03:51,FAILED
1492,958785,3451,07:10:20,03:25:29,FAILED
1493,392012,5015,14:35:41,03:38:39,COMPLETED
1494,678637,5374,00:59:13,02:27:49,DROPPED
1495,122928,6205,12:03:12,10:13:12,COMPLETED
1496,494709,2051,11:53:36,18:14:35,DROPPED
1497,977598,5290,17:37:19,11:09:50,DROPPED
1498,437879,5534,22:08:59,02:08:06,FAILED
1499,769869,1671,19:41:48,14:24:33,FAILED
1500,580425,4458,08:04:44,13:55:41,FAILED
1501,373245,8316,11:16:43,12:25:42,COMPLETED
1502,803642,4994,21:44:15,17:24:13,COMPLETED
1503,728752,8527,04:50:16,12:29:44,COMPLETED
1504,503783,2826,05:36:21,00:28:47,FAILED
1505,205714,2272,09:26:09,11:19:19,COMPLETED
1506,220787,1505,22:11:28,07:46:08,DROPPED
1507,566009,5173,00:34:10,17:53:41,FAILED
1508,369631,7517,16:56:40,21:49:03,COMPLETED
1509,367678,1704,19:02:31,23:19:58,DROPPED
1510,805592,9750,12:30:27,22:11:43,FAILED
1511,533700,8510,08:29:46,15:45:59,DROPPED
1512,971006,6559,10:53:59,07:39:41,DROPPED
1513,598764,4590,02:52:18,06:08:27,FAILED
1514,751637,9336,03:05:09,17:59:09,COMPLETED
1515,525980,3906,19:35:19,05:27:02,COMPLETED
1516,372454,8886,19:39:07,16:58:12,FAILED
1517,401313,8339,20:42:56,19:00:21,COMPLETED
1518,215235,5653,16:21:41,12:30:44,COMPLETED
1519,482461,5302,00:17:28,07:23:43,FAILED
1520,806314,1832,20:25:26,09:49:53,DROPPED
1521,601657,1719,15:28:15,21:53:01,DROPPED
1522,630353,3393,21:09:48,04:05:18,FAILED
1523,528983,9870,01:19:49,17:36:25,COMPLETED
1524,349618,9949,23:11:16,13:52:11,DROPPED
1525,396380,8359,16:18:42,13:32:39,DROPPED
1526,481966,5896,01:24:56,20:10:08,FAILED
1527,381789,7755,16:19:47,22:19:28,DROPPED
1528,393014,8288,22:51:59,21:49:43,FAILED
1529,600613,2027,21:39:27,06:37:11,COMPLETED
1530,698023,4265,06:35:31,22:19:06,COMPLETED
1531,247381,4701,12:01:14,07:12:41,DROPPED
1532,314294,5152,13:33:45,22:58:46,FAILED
1533,894360,6183,16:51:46,16:34:26,DROPPED
1534,556749,5433,18:43:08,22:53:01,FAILED
1535,442565,4179,07:33:49,07:15:13,COMPLETED
1536,228951,9331,13:34:05,02:35:02,COMPLETED
1537,661802,7042,11:14:44,04:33:01,DROPPED
1538,622905,1795,13:15:06,12:30:47,FAILED
1539,655502,2244,12:58:36,00:03:09,FAILED
1540,300254,2779,05:02:31,22:03:28,DROPPED
1541,650334,7448,04:58:02,22:24:16,COMPLETED
1542,179450,1696,11:34:16,20:51:10,DROPPED
1543,278690,8677,18:36:41,05:11:20,DROPPED
1544,489490,6355,11:10:13,09:09:44,COMPLETED
1545,239688,6472,20:47:33,09:05:37,COMPLETED
1546,498572,5482,07:25:38,03:19:32,COMPLETED
1547,716592,7723,20:34:10,04:01:44,FAILED
1548,652387,4250,12:15:32,03:36:04,FAILED
1549,386023,6065,01:21:35,14:23:34,FAILED
1550,591033,3248,01:32:40,20:46:40,COMPLETED
1551,703911,2852,00:40:08,12:44:58,FAILED
1552,947189,9026,19:33:12,08:55:49,COMPLETED
1553,583758,4514,01:30:12,04:29:36,COMPLETED
1554,405106,9715,19:52:37,10:21:00,DROPPED
1555,953281,7700,02:04:08,00:01:35,FAILED
1556,641750,5946,10:14:55,18:58:24,DROPPED
1557,290314,6759,16:51:17,13:06:48,FAILED
1558,611516,4351,21:36:04,13:00:29,FAILED
1559,568407,7985,09:24:57,19:15:35,DROPPED
1560,788892,8475,00:35:25,15:06:57,DROPPED
1561,747303,5656,20:41:23,03:56:16,COMPLETED
1562,178820,3694,09:58:08,11:28:42,COMPLETED
1563,579842,1299,00:23:07,10:47:02,COMPLETED
1564,964293,4961,12:14:03,01:08:06,FAILED
1565,322104,2867,17:23:42,04:29:22,COMPLETED
1566,591867,6373,05:28:45,21:49:13,FAILED
1567,181190,5284,02:09:18,16:28:45,DROPPED
1568,489118,4400,03:55:26,17:40:00,FAILED
1569,937627,6576,16:16:11,07:06:02,DROPPED
1570,567053,4754,13:55:07,18:44:36,COMPLETED
1571,955430,6783,02:13:20,01:44:06,DROPPED
1572,980267,1234,06:50:27,14:43:07,FAILED
1573,449586,6301,15:50:39,18:31:39,COMPLETED
1574,562971,7561,14:29:02,20:25:55,COMPLETED
1575,827251,3354,05:24:22,18:19:38,COMPLETED
1576,920535,4083,10:10:50,15:43:18,COMPLETED
1577,664847,8907,02:30:22,09:31:43,FAILED
1578,897808,9575,11:29:05,10:26:10,FAILED
1579,176831,3452,20:58:33,02:55:47,DROPPED
1580,953883,9850,12:43:59,21:44:47,COMPLETED
1581,605997,3401,14:27:55,13:31:20,COMPLETED
1582,349393,9271,23:37:37,16:55:05,DROPPED
1583,881201,8427,20:35:31,09:18:10,FAILED
1584,108155,9943,07:12:07,09:06:24,COMPLETED
1585,666940,2807,08:36:38,12:56:42,COMPLETED
1586,299947,6017,15:10:25,23:17:07,FAILED
1587,725298,2809,05:50:52,05:27:08,COMPLETED
1588,741507,3157,16:15:11,05:36:08,DROPPED
1589,365368,4235,22:44:52,20:28:23,FAILED
1590,980762,5492,04:09:11,19:45:40,DROPPED
1591,678650,8943,16:24:42,06:15:20,COMPLETED
1592,619923,3472,18:40:25,12:21:20,FAILED
1593,616036,7548,20:54:35,07:26:09,COMPLETED
1594,859150,3212,21:46:40,20:51:52,DROPPED
1595,571856,1081,06:23:49,09:55:31,FAILED
1596,466491,1058,14:27:30,10:13:17,FAILED
1597,920376,3563,00:09:01,04:20:10,DROPPED
1598,803709,1975,12:08:57,06:59:21,COMPLETED
1599,848359,2157,08:23:30,14:47:29,COMPLETED
1600,249081,3763,12:54:49,17:47:28,DROPPED
1601,912458,9798,13:38:56,05:11:04,COMPLETED
1602,788329,6784,05:34:26,07:00:41,DROPPED
1603,276956,3924,21:27:48,14:46:06,FAILED
1604,960813,7364,02:59:43,06:53:55,FAILED
1605,745351,9548,00:55:27,18:19:57,FAILED
1606,819507,2249,21:20:00,23:05:47,DROPPED
1607,718885,7744,20:14:42,22:17:51,COMPLETED
1608,885260,8152,19:27:53,14:04:54,COMPLETED
1609,609924,8817,01:49:53,05:46:17,COMPLETED
1610,975591,6653,00:18:44,01:46:16,DROPPED
1611,258826,3262,06:01:50,04:16:32,COMPLETED
1612,876116,8202,09:20:34,23:33:33,DROPPED
1613,263068,2375,10:40:51,07:26:10,COMPLETED
1614,975849,7975,16:04:31,17:58:47,FAILED
1615,398874,8771,01:12:17,15:28:42,COMPLETED
1616,223682,8077,06:09:34,01:49:04,FAILED
1617,639798,4581,08:01:07,06:51:14,COMPLETED
1618,882424,6772,13:58:10,18:43:16,DROPPED
1619,647034,8865,05:21:22,22:18:07,FAILED
1620,370228,4290,04:04:45,22:23:59,FAILED
1621,168598,2110,06:18:15,04:10:30,FAILED
1622,805571,4263,10:48:46,02:22:50,FAILED
1623,478418,4679,09:53:20,19:51:34,FAILED
1624,322083,9273,06:48:12,21:50:21,FAILED
1625,471887,9896,07:01:39,14:23:05,FAILED
1626,295206,3330,14:32:34,10:33:37,FAILED
1627,692906,4112,02:38:20,06:44:32,DROPPED
1628,471411,4691,05:28:59,13:09:03,FAILED
1629,243996,2061,21:42:12,13:29:39,FAILED
1630,486653,4734,20:20:48,15:55:40,COMPLETED
1631,901885,6718,18:15:59,14:09:56,COMPLETED
1632,677370,3544,20:46:07,08:19:38,FAILED
1633,689779,4489,21:18:29,21:33:15,FAILED
1634,730207,4789,17:23:30,00:57:53,FAILED
1635,398373,5245,13:55:21,17:00:02,DROPPED
1636,471691,2965,16:13:44,16:40:09,DROPPED
1637,539427,1212,17:16:52,16:30:37,COMPLETED
1638,566511,4565,09:48:45,13:41:45,COMPLETED
1639,884406,3165,07:01:58,10:52:56,DROPPED
1640,600923,3689,12:39:49,09:37:12,DROPPED
1641,695059,5171,06:50:28,05:03:55,DROPPED
1642,603236,5261,09:02:30,17:54:36,FAILED
1643,132500,8810,17:19:49,19:44:51,FAILED
1644,159191,3003,21:36:00,23:23:49,FAILED
1645,676213,6437,18:40:48,18:11:11,FAILED
1646,387252,3440,09:04:13,02:10:14,FAILED
1647,822327,9109,02:32:57,05:20:18,FAILED
1648,826056,4509,23:05:59,01:00:07,COMPLETED
1649,247755,4520,21:58:30,02:48:58,COMPLETED
1650,655483,5500,12:12:32,18:21:16,FAILED
1651,142064,5738,22:06:20,16:38:57,FAILED
1652,548650,1695,16:42:05,14:06:15,COMPLETED
1653,669154,3956,14:00:23,13:32:07,FAILED
1654,576940,6076,21:12:53,20:21:07,DROPPED
1655,172605,5417,05:40:09,23:12:07,FAILED
1656,557993,4998,16:44:23,13:12:10,DROPPED
1657,335746,8955,19:02:30,12:52:13,COMPLETED
1658,494249,6165,09:33:21,08:15:08,COMPLETED
1659,606648,5436,19:05:35,05:21:32,DROPPED
1660,488826,4721,18:22:39,13:07:39,COMPLETED
1661,431664,3264,14:32:07,22:34:05,COMPLETED
1662,698483,1768,06:42:32,15:45:03,COMPLETED
1663,853934,1404,05:19:36,20:31:34,FAILED
1664,974516,7918,09:22:16,22:05:03,DROPPED
1665,805281,6507,07:38:11,13:51:25,COMPLETED
1666,662631,1127,04:46:48,15:25:17,FAILED
1667,793350,1700,19:13:23,07:35:12,COMPLETED
1668,112772,4001,08:55:07,12:04:30,FAILED
1669,651561,6540,18:27:55,03:48:58,COMPLETED
1670,459084,3121,09:20:58,14:45:24,FAILED
1671,547996,1582,22:55:14,16:56:07,FAILED
1672,714343,2937,10:36:26,06:18:57,FAILED
1673,910015,8495,00:25:54,06:30:00,COMPLETED
1674,269671,8544,10:57:09,16:53:26,DROPPED
1675,135261,5241,13:05:53,19:11:07,COMPLETED
1676,256911,3129,16:31:03,06:08:46,COMPLETED
1677,871027,3062,12:57:10,01:24:17,FAILED
1678,450833,8106,15:14:03,05:30:58,COMPLETED
1679,558619,1588,02:28:39,00:40:15,DROPPED
1680,140584,2110,22:20:38,04:32:31,COMPLETED
1681,357374,5272,04:43:21,14:11:35,FAILED
1682,910730,6161,10:07:46,23:41:34,FAILED
1683,241831,9062,05:41:30,11:15:59,DROPPED
1684,716084,5878,18:37:55,06:36:35,FAILED
1685,131725,4037,03:06:40,20:20:19,FAILED
1686,997162,5061,12:41:24,07:18:06,COMPLETED
1687,310740,6083,03:16:09,04:15:09,FAILED
1688,489672,8359,15:08:33,07:38:03,FAILED
1689,945714,5015,01:45:54,07:32:05,COMPLETED
1690,601613,6546,21:56:40,04:10:02,COMPLETED
1691,388025,4642,04:08:58,11:53:31,FAILED
1692,150760,2076,12:36:49,21:35:31,COMPLETED
1693,432131,2616,09:26:20,21:48:07,COMPLETED
1694,660778,7649,05:43:10,17:24:15,DROPPED
1695,759903,4496,17:02:30,14:56:18,FAILED
1696,439848,9084,10:00:53,13:57:56,FAILED
1697,734306,9255,16:50:33,18:45:11,DROPPED
1698,758657,2466,04:55:22,23:36:26,DROPPED
1699,224864,9591,02:28:54,08:17:35,COMPLETED
1700,983740,2506,21:53:57,22:54:04,COMPLETED
1701,290142,1747,10:50:02,09:22:47,DROPPED
1702,423902,8551,20:02:03,15:13:47,FAILED
1703,547886,7243,23:08:37,10:07:52,COMPLETED
1704,135744,9418,22:34:20,16:04:32,FAILED
1705,332528,2095,10:51:47,22:43:32,COMPLETED
1706,388961,2170,20:57:35,21:06:49,DROPPED
1707,690595,5020,13:12:56,05:32:12,DROPPED
1708,148622,7273,18:45:10,22:33:08,DROPPED
1709,754341,9605,10:50:58,09:57:32,DROPPED
1710,518903,5942,17:04:50,16:25:35,COMPLETED
1711,913054,4512,05:50:38,14:05:25,DROPPED
1712,974358,3375,23:09:35,04:20:09,COMPLETED
1713,941123,2245,14:49:03,08:36:09,COMPLETED
1714,389048,5192,17:21:13,21:48:44,FAILED
1715,103533,9639,00:44:59,11:15:47,DROPPED
1716,521645,8529,01:41:27,07:05:22,FAILED
1717,621641,4775,00:32:27,10:32:10,FAILED
1718,815148,6819,18:39:09,09:32:54,COMPLETED
1719,393974,4717,09:05:01,00:10:20,FAILED
1720,442524,5113,15:42:20,23:09:09,COMPLETED
1721,760323,2280,16:23:05,23:32:49,FAILED
1722,424105,9626,23:54:41,19:13:59,COMPLETED
1723,444280,6867,00:21:54,11:43:57,FAILED
1724,782220,2758,23:49:28,08:46:50,DROPPED
1725,978869,6177,03:23:45,19:20:27,FAILED
1726,738078,1832,13:19:28,16:24:28,COMPLETED
1727,451107,5042,21:46:11,14:45:06,DROPPED
1728,288242,5631,12:59:51,08:00:58,DROPPED
1729,685724,7834,06:31:28,07:59:23,DROPPED
1730,423910,9169,04:01:43,07:14:42,FAILED
1731,755268,3800,02:11:15,20:01:39,COMPLETED
1732,218558,1026,18:06:08,19:14:48,FAILED
1733,992860,2055,08:11:20,07:38:32,COMPLETED
1734,226538,9685,22:10:40,11:23:11,COMPLETED
1735,179736,7102,07:12:00,21:15:13,DROPPED
1736,141022,8540,20:02:33,12:06:50,DROPPED
1737,916220,7628,16:28:46,03:27:04,FAILED
1738,391442,1758,06:54:25,20:55:41,FAILED
1739,749031,1960,12:41:29,20:13:55,COMPLETED
1740,127030,5300,03:25:45,15:06:10,COMPLETED
1741,390459,2902,18:05:03,12:47:41,FAILED
1742,634276,3597,20:47:16,00:22:02,COMPLETED
1743,157024,9139,16:44:08,01:09:27,DROPPED
1744,971797,5448,22:52:57,07:28:01,DROPPED
1745,182587,3450,18:24:52,21:37:58,FAILED
1746,836290,9739,23:33:26,23:21:18,DROPPED
1747,506409,1754,17:47:12,06:05:05,COMPLETED
1748,127237,8762,20:13:56,23:52:06,COMPLETED
1749,632547,4120,01:19:49,00:36:35,DROPPED
1750,504095,5326,19:22:07,05:54:07,COMPLETED
1751,445339,1692,09:31:02,10:12:57,FAILED
1752,944176,6736,04:11:36,21:35:50,COMPLETED
1753,329935,2278,05:12:29,05:31:17,COMPLETED
1754,736231,7442,17:37:42,14:34:42,DROPPED
1755,654944,4703,21:03:16,05:59:32,FAILED
1756,424852,7333,08:05:28,16:11:06,COMPLETED
1757,663908,3432,22:14:06,06:00:22,DROPPED
1758,723795,7604,18:11:08,17:20:53,DROPPED
1759,103175,3939,18:29:39,00:54:44,FAILED
1760,438627,9502,18:30:43,03:18:21,FAILED
1761,937355,1104,11:17:42,00:01:07,FAILED
1762,347867,1094,18:15:43,23:09:10,DROPPED
1763,170723,5025,05:38:47,01:00:22,FAILED
1764,539036,6301,20:00:52,21:39:55,COMPLETED
1765,761549,8884,19:36:19,07:44:54,COMPLETED
1766,622930,8036,08:18:33,16:01:34,DROPPED
1767,459250,9648,05:35:56,21:55:16,COMPLETED
1768,275873,1947,02:28:22,03:18:23,DROPPED
1769,895136,7262,13:00:32,15:27:20,FAILED
1770,384189,2432,17:50:26,07:05:00,COMPLETED
1771,736449,5881,13:44:57,22:27:54,DROPPED
1772,550901,3082,12:36:10,03:50:30,DROPPED
1773,555891,3845,03:44:37,11:33:18,COMPLETED
1774,208742,7785,16:34:31,09:09:33,COMPLETED
1775,257750,6332,03:33:38,05:39:02,COMPLETED
1776,165035,9611,00:06:48,08:47:07,DROPPED
1777,816919,5372,13:09:46,21:47:30,DROPPED
1778,995604,9119,20:58:06,16:51:26,DROPPED
1779,211562,6964,00:54:16,20:24:11,FAILED
1780,316410,5512,13:52:19,04:31:55,DROPPED
1781,421411,8719,22:47:56,05:03:34,DROPPED
1782,913547,8707,06:39:47,18:44:40,FAILED
1783,409500,3671,05:08:58,14:04:20,DROPPED
1784,602738,3410,08:06:19,17:16:34,COMPLETED
1785,849742,5191,09:29:38,06:25:10,COMPLETED
1786,957173,1719,13:00:58,11:32:58,COMPLETED
1787,957824,5497,21:14:40,02:52:54,DROPPED
1788,993074,1707,18:22:16,05:18:01,COMPLETED
1789,459597,3310,17:59:23,17:33:24,COMPLETED
1790,229361,6898,14:53:13,01:02:26,COMPLETED
1791,208756,3921,07:41:21,00:45:48,FAILED
1792,321830,5054,12:42:57,20:07:44,FAILED
1793,495657,8997,00:15:41,11:33:10,FAILED
1794,841730,6548,04:22:00,01:22:45,FAILED
1795,473877,2519,02:19:19,19:44:30,DROPPED
1796,933480,1377,00:20:38,22:06:40,DROPPED
1797,430587,9521,07:56:49,11:29:18,DROPPED
1798,104588,8393,18:15:41,17:52:49,DROPPED
1799,569011,2036,02:12:10,05:09:15,COMPLETED
1800,193662,1679,19:24:25,19:26:38,DROPPED
1801,314209,1710,15:29:15,03:31:41,COMPLETED
1802,793615,3298,14:31:48,09:04:31,DROPPED
1803,716678,3607,00:19:32,23:50:46,FAILED
1804,253774,3922,01:58:58,02:08:44,COMPLETED
1805,847464,5496,10:53:06,15:51:51,DROPPED
1806,945801,1991,04:30:28,07:23:26,COMPLETED
1807,898143,8333,06:11:23,12:01:51,COMPLETED
1808,322004,9374,23:27:28,12:57:52,DROPPED
1809,920599,6063,05:12:47,07:07:57,DROPPED
1810,217332,4952,00:48:27,06:46:32,FAILED
1811,415582,7661,13:42:23,16:12:06,DROPPED
1812,109778,8775,13:36:12,18:22:28,FAILED
1813,889134,3359,05:37:31,20:36:47,COMPLETED
1814,699549,3222,16:43:48,00:02:01,FAILED
1815,799597,8623,10:48:09,03:40:38,DROPPED
1816,184463,7448,21:58:28,17:28:38,DROPPED
1817,832233,3698,07:34:56,11:00:23,DROPPED
1818,211367,2341,18:08:54,17:46:37,DROPPED
1819,367847,4221,20:51:48,22:44:45,DROPPED
1820,422050,8740,14:02:57,20:02:10,COMPLETED
1821,283432,9972,02:28:22,16:55:54,COMPLETED
1822,940006,5570,05:40:47,03:12:08,FAILED
1823,456542,6258,06:39:53,07:48:35,FAILED
1824,957131,9024,15:47:32,15:58:08,DROPPED
1825,575964,5502,17:26:14,02:28:54,FAILED
1826,470457,1223,05:02:00,04:51:26,FAILED
1827,934792,1973,00:09:12,15:26:37,FAILED
1828,630666,1383,01:21:40,07:52:04,FAILED
1829,295573,1089,20:09:32,12:46:57,COMPLETED
1830,216117,5390,12:40:25,12:32:44,FAILED
1831,451657,4844,17:03:05,08:36:43,DROPPED
1832,580016,8635,23:27:56,16:38:47,DROPPED
1833,209236,4552,14:21:42,20:41:52,FAILED
1834,809798,8793,15:41:01,08:31:16,FAILED
1835,175539,7836,18:51:21,14:57:25,DROPPED
1836,643721,8615,08:38:44,11:35:08,FAILED
1837,959260,9303,15:54:45,15:30:42,COMPLETED
1838,963849,1825,12:25:45,17:45:09,FAILED
1839,266893,8331,20:11:48,19:18:39,COMPLETED
1840,485793,9375,22:17:09,22:46:59,FAILED
1841,981130,1697,23:38:50,03:37:16,COMPLETED
1842,853454,8205,17:40:35,17:26:35,DROPPED
1843,760926,1747,20:12:35,22:24:23,FAILED
1844,184219,5879,06:55:33,08:46:16,COMPLETED
1845,984289,1735,17:44:18,09:53:52,COMPLETED
1846,869955,1816,13:28:23,16:31:58,DROPPED
1847,361674,9210,07:24:20,16:01:31,COMPLETED
1848,327759,3309,11:09:38,08:36:50,DROPPED
1849,549766,9223,17:58:53,06:26:43,FAILED
1850,844384,8573,12:57:09,23:35:01,DROPPED
1851,707863,2539,01:27:01,13:57:14,DROPPED
1852,659267,5118,13:30:15,09:48:42,COMPLETED
1853,132076,1843,19:35:10,13:51:46,COMPLETED
1854,973691,6780,21:56:46,07:57:39,FAILED
1855,673711,6305,05:43:52,11:23:28,COMPLETED
1856,555001,4510,18:00:48,00:17:21,FAILED
1857,479617,7701,01:34:17,18:07:30,DROPPED
1858,459893,1774,11:14:00,08:25:03,DROPPED
1859,148773,2753,13:54:49,22:16:54,FAILED
1860,299120,3437,05:04:11,08:18:51,DROPPED
1861,703284,2691,06:03:55,16:24:12,FAILED
1862,588329,3440,21:41:14,01:56:15,COMPLETED
1863,885821,1268,08:22:37,19:49:37,FAILED
1864,192329,5948,05:09:17,02:02:21,FAILED
1865,725338,8013,07:55:01,18:29:40,FAILED
1866,905348,9979,23:30:06,08:09:27,DROPPED
1867,502256,1473,01:10:25,02:32:18,FAILED
1868,810883,9647,10:44:26,14:33:33,DROPPED
1869,641479,8002,12:44:13,09:45:11,FAILED
1870,699656,2921,18:24:49,01:35:10,FAILED
1871,236939,1556,11:03:15,20:13:54,FAILED
1872,728865,9065,17:59:26,22:19:41,DROPPED
1873,926180,5677,06:30:15,02:03:54,DROPPED
1874,248579,6980,14:21:48,08:28:00,DROPPED
1875,934517,5836,11:55:13,21:52:25,COMPLETED
1876,178334,5356,19:03:09,20:50:48,DROPPED
1877,108034,7778,09:47:56,01:38:02,DROPPED
1878,458222,5306,11:10:17,00:08:08,FAILED
1879,930881,8604,00:36:05,04:04:50,COMPLETED
1880,732090,4050,21:21:02,13:32:46,FAILED
1881,895737,5797,18:03:48,20:05:10,FAILED
1882,911453,5497,03:44:27,03:48:25,COMPLETED
1883,866183,1253,19:33:06,19:44:34,DROPPED
1884,984498,8339,00:12:58,19:23:12,DROPPED
1885,760929,6761,23:20:02,18:52:48,FAILED
1886,640767,1908,08:48:42,08:03:55,DROPPED
1887,918470,2156,08:27:44,09:23:50,FAILED
1888,163231,3201,07:21:27,22:34:39,COMPLETED
1889,606895,8710,17:00:35,11:12:09,DROPPED
1890,803189,9462,01:58:48,04:13:16,FAILED
1891,676777,8724,23:21:54,21:55:12,FAILED
1892,141510,7412,10:16:27,11:51:47,COMPLETED
1893,468398,7464,15:12:24,22:22:01,COMPLETED
1894,585348,3677,23:52:02,20:33:13,COMPLETED
1895,891283,8374,19:34:46,12:41:38,DROPPED
1896,603107,9261,20:47:27,00:03:22,COMPLETED
1897,271456,4097,00:52:03,16:06:19,DROPPED
1898,336084,4832,22:33:11,22:54:00,DROPPED
1899,178956,7501,14:08:35,01:41:56,DROPPED
1900,679530,6578,07:47:47,00:24:28,DROPPED
1901,378552,6873,12:08:25,10:29:20,COMPLETED
1902,551088,2228,18:44:33,06:28:52,DROPPED
1903,493245,4848,09:37:50,12:44:41,FAILED
1904,667982,8805,06:41:11,11:50:25,FAILED
1905,346046,9148,00:48:37,03:36:45,COMPLETED
1906,882182,7527,01:40:39,20:59:14,FAILED
1907,321987,4017,14:43:57,04:35:27,COMPLETED
1908,535187,8267,10:05:41,18:20:32,COMPLETED
1909,562522,8447,23:31:28,15:54:42,COMPLETED
1910,409574,4333,02:05:22,01:19:50,DROPPED
1911,156871,1170,04:05:50,05:04:21,FAILED
1912,395134,3855,14:24:56,14:24:02,DROPPED
1913,945586,3295,21:26:40,06:52:20,FAILED
1914,284888,3971,15:38:47,22:20:12,COMPLETED
1915,263174,3297,17:19:43,07:56:12,FAILED
1916,945691,8218,01:58:04,00:21:25,FAILED
1917,413265,8331,08:02:11,09:02:22,DROPPED
1918,997706,5998,00:14:58,14:27:34,DROPPED
1919,360927,2810,14:47:44,21:57:55,FAILED
1920,173515,8385,03:36:12,12:21:08,COMPLETED
1921,810481,5285,14:30:38,10:29:21,DROPPED
1922,705075,1919,14:08:20,12:01:14,DROPPED
1923,567659,3347,16:06:57,14:22:14,COMPLETED
1924,298644,5172,08:00:13,01:20:30,FAILED
1925,980381,4663,09:19:32,03:22:36,COMPLETED
1926,457479,2123,12:24:10,18:49:06,COMPLETED
1927,311347,2791,18:00:15,22:08:24,DROPPED
1928,578439,9924,21:38:06,04:11:17,DROPPED
1929,497264,4139,12:24:27,08:47:51,DROPPED
1930,226324,2786,15:03:38,16:07:59,DROPPED
1931,451460,3121,02:22:40,06:37:40,COMPLETED
1932,471006,7210,09:34:37,21:11:21,DROPPED
1933,701449,3701,09:36:03,14:41:41,FAILED
1934,648713,6947,15:54:22,14:03:29,FAILED
1935,933139,7392,21:17:03,09:02:10,DROPPED
1936,445182,6956,03:23:20,05:37:53,FAILED
1937,934036,8694,11:36:29,23:18:03,COMPLETED
1938,288390,5371,16:47:10,03:09:56,DROPPED
1939,266777,2492,03:08:33,06:45:58,DROPPED
1940,228647,8968,09:49:45,18:30:08,FAILED
1941,643649,2847,14:44:23,11:16:17,DROPPED
1942,759998,9153,21:03:24,05:53:32,COMPLETED
1943,508092,7512,09:03:18,17:34:40,COMPLETED
1944,598681,3887,22:42:52,00:09:50,DROPPED
1945,183394,1811,17:48:57,11:58:05,COMPLETED
1946,693433,4689,14:11:18,13:57:15,COMPLETED
1947,509214,8334,15:01:17,13:38:46,DROPPED
1948,291655,9121,23:58:23,12:50:02,COMPLETED
1949,464352,1469,00:05:48,02:35:26,DROPPED
1950,904495,9686,20:53:03,19:48:09,DROPPED
1951,551860,9522,15:45:15,10:54:03,DROPPED
1952,711985,3288,09:56:48,23:03:31,DROPPED
1953,438384,4836,05:18:13,07:32:52,COMPLETED
1954,880982,6231,08:05:28,08:07:47,COMPLETED
1955,514870,5753,11:52:55,00:28:17,COMPLETED
1956,648684,8247,12:45:50,13:24:30,FAILED
1957,419267,3766,00:20:13,15:57:36,FAILED
1958,601275,7298,08:54:21,05:29:14,DROPPED
1959,724251,3812,17:44:18,19:31:17,DROPPED
1960,766346,7685,06:31:40,19:23:10,COMPLETED
1961,217223,2761,02:13:32,20:23:23,FAILED
1962,198695,1925,02:57:25,20:57:24,FAILED
1963,807978,6128,01:19:56,15:02:56,FAILED
1964,537432,6687,00:15:46,01:02:25,COMPLETED
1965,770677,5798,09:57:13,22:06:10,FAILED
1966,300416,2151,08:31:11,13:27:03,DROPPED
1967,667793,5280,23:28:08,16:19:39,DROPPED
1968,555025,1812,16:08:29,03:58:22,FAILED
1969,772086,7428,19:05:52,02:01:09,DROPPED
1970,206586,2317,08:25:47,01:36:32,FAILED
1971,726623,7706,22:03:22,00:56:50,COMPLETED
1972,983631,8320,05:23:55,12:12:42,FAILED
1973,177881,2224,13:39:08,15:32:32,COMPLETED
1974,888339,2449,07:09:55,04:59:27,FAILED
1975,488369,2150,06:05:09,04:49:26,DROPPED
1976,327241,8322,06:03:53,01:31:35,FAILED
1977,103375,7337,18:20:57,20:34:02,FAILED
1978,546160,4686,19:02:31,23:32:53,DROPPED
1979,888190,9861,14:47:55,10:50:06,DROPPED
1980,988979,8287,02:26:26,06:37:01,DROPPED
1981,711747,6765,03:47:06,19:23:32,COMPLETED
1982,721541,2496,01:48:17,16:24:50,DROPPED
1983,271614,6399,05:23:22,06:01:25,DROPPED
1984,375862,4682,01:59:08,20:52:39,FAILED
1985,360751,7028,22:41:06,00:31:35,COMPLETED
1986,626510,8840,04:53:02,07:19:11,FAILED
1987,719454,9440,13:39:27,01:49:51,COMPLETED
1988,191662,3365,17:54:00,14:26:42,COMPLETED
1989,898980,6092,17:22:09,19:03:10,DROPPED
1990,241207,7635,02:22:49,02:12:09,DROPPED
1991,340815,6461,14:19:02,08:40:45,FAILED
1992,559731,8978,11:52:26,08:07:28,COMPLETED
1993,979199,6102,22:02:05,12:37:45,FAILED
1994,628869,5748,12:43:16,09:10:15,DROPPED
1995,826279,7163,17:45:09,02:44:42,FAILED
1996,112947,8790,03:40:50,12:25:30,DROPPED
1997,396567,4135,08:50:26,19:13:18,FAILED
1998,724121,2346,10:02:14,03:44:04,FAILED
1999,861300,4956,13:52:38,17:20:59,FAILED
2000,149850,2917,13:24:34,17:15:23,DROPPED
2001,168522,2908,23:10:08,14:11:15,FAILED
2002,251989,7359,11:50:21,22:30:30,COMPLETED
2003,731082,4259,09:47:40,14:49:11,COMPLETED
2004,572157,2613,20:19:53,12:33:09,DROPPED
2005,996015,2811,20:03:41,22:05:30,DROPPED
2006,477148,2803,14:35:28,01:07:44,COMPLETED
2007,168408,5814,08:25:20,08:02:44,DROPPED
2008,671934,4615,14:18:00,05:05:50,FAILED
2009,439553,6274,13:42:26,06:00:43,FAILED
2010,974484,4356,06:27:47,08:43:30,FAILED
2011,251520,6837,23:20:41,00:35:25,FAILED
2012,289030,3841,20:57:10,03:49:14,FAILED
2013,573810,4382,21:54:59,12:10:23,DROPPED
2014,620918,6951,19:03:57,23:14:10,COMPLETED
2015,524631,8802,15:48:44,18:15:32,DROPPED
2016,262445,4224,23:17:06,03:11:16,FAILED
2017,601881,9689,00:40:54,06:05:32,COMPLETED
2018,148463,1312,23:04:21,21:58:03,COMPLETED
2019,310039,9012,11:58:28,14:28:11,DROPPED
2020,572197,2201,05:26:34,13:16:23,COMPLETED
2021,317775,4829,11:39:44,06:49:29,DROPPED
2022,664648,4962,22:36:03,19:49:55,COMPLETED
2023,765790,3391,08:44:25,19:12:59,COMPLETED
2024,903541,3174,11:30:11,12:18:42,COMPLETED
2025,460646,4925,13:30:53,12:07:15,FAILED
2026,981139,6903,05:11:29,04:48:46,FAILED
2027,434887,3830,00:00:31,18:24:06,FAILED
2028,576832,3883,15:53:46,16:54:43,DROPPED
2029,328675,4839,09:29:07,02:08:56,FAILED
2030,628542,2109,10:51:34,17:21:42,COMPLETED
2031,148249,7773,01:01:53,23:04:24,COMPLETED
2032,713995,5515,16:55:53,06:12:25,COMPLETED
2033,853142,7975,19:29:03,13:08:56,COMPLETED
2034,200327,1548,18:54:48,17:41:49,DROPPED
2035,734255,9169,03:55:04,02:06:17,FAILED
2036,412504,4073,05:54:08,21:22:01,COMPLETED
2037,562908,5925,12:09:39,14:11:15,DROPPED
2038,664003,1412,08:43:31,04:58:19,DROPPED
2039,133680,9037,19:31:01,04:04:53,DROPPED
2040,138741,9584,10:00:01,10:54:32,FAILED
2041,614497,6606,15:35:34,04:42:47,COMPLETED
2042,817411,5343,06:12:11,15:41:20,COMPLETED
2043,872565,5344,19:53:59,05:20:10,COMPLETED
2044,782796,3673,15:22:07,07:42:25,FAILED
2045,375339,4249,02:02:06,08:51:02,DROPPED
2046,263966,8833,19:12:33,23:03:35,COMPLETED
2047,272615,7862,08:02:48,01:26:07,FAILED
2048,566274,6579,12:22:02,15:18:28,FAILED
2049,258394,9933,12:05:19,16:12:59,COMPLETED
2050,872016,8902,18:29:00,11:18:27,DROPPED
2051,798759,7302,01:06:56,21:37:25,COMPLETED
2052,826420,5338,19:29:12,08:15:39,FAILED
2053,780132,9855,03:23:54,18:55:21,DROPPED
2054,271629,9428,09:09:30,14:02:55,COMPLETED
2055,952449,1667,16:50:22,15:16:19,DROPPED
2056,543431,5880,23:15:02,09:51:51,DROPPED
2057,476403,8929,00:01:54,00:43:27,COMPLETED
2058,130974,6671,22:15:33,06:27:45,COMPLETED
2059,615664,8812,08:38:14,06:05:08,DROPPED
2060,260297,2712,20:18:16,02:42:38,FAILED
2061,977956,4736,23:38:56,07:10:38,DROPPED
2062,430301,2796,17:34:31,23:05:06,FAILED
2063,342323,6606,08:57:28,08:45:21,COMPLETED
2064,174605,8154,07:27:30,13:57:51,COMPLETED
2065,961593,4764,16:07:05,17:30:49,COMPLETED
2066,300171,4331,14:36:06,12:31:04,COMPLETED
2067,768280,2567,19:34:12,18:32:37,DROPPED
2068,730480,4352,22:00:50,20:09:46,FAILED
2069,308476,5432,23:12:43,00:47:48,DROPPED
2070,165143,5018,20:45:30,20:31:08,DROPPED
2071,305193,3268,07:00:53,01:52:26,DROPPED
2072,896117,2538,14:01:26,19:37:53,FAILED
2073,604114,2207,20:26:13,02:44:51,COMPLETED
2074,996434,9960,19:38:37,06:08:53,COMPLETED
2075,616302,9151,23:21:05,06:59:15,FAILED
2076,346633,7755,11:45:22,20:56:36,FAILED
2077,244542,2617,19:34:35,02:38:49,DROPPED
2078,115747,9391,10:08:19,22:21:29,FAILED
2079,885401,7285,18:34:36,09:48:42,DROPPED
2080,592465,7408,23:31:44,16:48:45,COMPLETED
2081,595156,3499,22:42:35,04:49:28,COMPLETED
2082,974010,3665,11:31:51,20:50:35,FAILED
2083,689192,3986,19:56:28,23:16:58,DROPPED
2084,186265,4186,19:57:03,08:10:00,DROPPED
2085,760637,4992,12:13:37,14:38:38,COMPLETED
2086,478334,8084,08:08:31,16:05:12,FAILED
2087,243433,2058,15:25:15,02:05:39,FAILED
2088,834886,3769,03:01:15,00:41:26,FAILED
2089,775453,9226,16:38:01,16:47:46,DROPPED
2090,674286,4259,07:15:32,16:59:11,DROPPED
2091,406677,3437,10:27:23,06:37:58,COMPLETED
2092,963928,9724,12:35:27,09:21:48,COMPLETED
2093,855935,4084,13:03:13,20:09:09,DROPPED
2094,173276,4537,03:08:38,23:29:54,FAILED
2095,425180,1864,05:27:29,14:42:01,DROPPED
2096,672962,8819,10:24:27,11:28:53,FAILED
2097,975487,1314,22:41:55,03:50:41,DROPPED
2098,337516,1315,15:27:52,01:12:13,DROPPED
2099,716219,3741,01:43:31,11:18:08,COMPLETED
2100,426443,6240,03:51:48,15:34:40,COMPLETED
2101,640307,5264,10:05:52,07:56:56,DROPPED
2102,470858,4927,03:59:32,14:01:49,DROPPED
2103,251591,2987,03:29:28,04:03:48,COMPLETED
2104,147365,9010,20:54:03,20:51:58,FAILED
2105,568511,6846,17:48:09,23:16:17,COMPLETED
2106,264837,6416,22:32:39,16:52:14,DROPPED
2107,961157,4207,00:01:39,11:57:55,FAILED
2108,935997,6781,11:55:56,00:35:29,DROPPED
2109,727225,3440,11:22:01,01:53:16,FAILED
2110,925814,1004,08:17:32,15:19:47,DROPPED
2111,855678,1549,07:43:10,22:32:52,DROPPED
2112,752671,7699,09:46:31,01:04:23,DROPPED
2113,160525,3701,11:33:16,07:07:10,FAILED
2114,721766,9110,18:03:31,15:53:40,FAILED
2115,413060,5435,11:24:20,02:05:53,COMPLETED
2116,604506,5635,15:23:00,21:30:36,FAILED
2117,320633,7352,17:25:11,03:15:28,COMPLETED
2118,766919,5875,04:37:15,11:57:42,FAILED
2119,669222,5525,06:15:38,18:13:41,FAILED
2120,234078,8359,14:26:58,19:34:40,COMPLETED
2121,759065,4831,02:45:08,09:38:32,COMPLETED
2122,467223,7019,21:54:54,17:44:32,COMPLETED
2123,875329,2237,14:15:48,11:32:01,FAILED
2124,234015,5986,11:12:32,23:42:41,COMPLETED
2125,989589,6819,01:07:19,03:41:50,DROPPED
2126,796415,6944,15:43:38,03:04:14,FAILED
2127,428300,1046,21:19:39,04:38:24,COMPLETED
2128,936253,3620,18:21:02,18:51:26,COMPLETED
2129,817393,3851,16:36:17,20:40:42,FAILED
2130,628470,3519,14:18:54,18:26:30,COMPLETED
2131,756299,1110,21:16:23,00:32:47,FAILED
2132,307266,1320,15:59:01,14:40:28,COMPLETED
2133,965672,8892,05:33:50,10:09:16,COMPLETED
2134,285422,8200,21:15:54,07:50:41,DROPPED
2135,946973,3125,14:58:44,06:06:36,DROPPED
2136,955716,5021,08:42:52,23:57:26,COMPLETED
2137,290393,5455,05:52:54,22:57:44,FAILED
2138,356489,3009,08:05:30,10:14:07,FAILED
2139,652212,5969,13:33:09,01:04:07,DROPPED
2140,377227,6036,09:18:18,05:40:07,DROPPED
2141,833797,6171,07:12:16,04:15:10,DROPPED
2142,294209,4277,08:04:30,12:28:10,DROPPED
2143,222127,4398,14:10:50,07:41:32,FAILED
2144,730290,2411,00:58:39,03:26:15,DROPPED
2145,832219,3105,08:27:59,13:19:57,DROPPED
2146,677877,1945,11:07:51,05:13:20,DROPPED
2147,381495,2139,09:48:59,21:32:52,DROPPED
2148,263516,7338,22:14:54,01:06:41,COMPLETED
2149,516222,4370,23:50:49,13:29:15,FAILED
2150,120557,8850,06:56:32,04:57:28,DROPPED
2151,597728,5184,05:12:33,13:43:30,FAILED
2152,679586,9815,05:52:19,17:50:19,DROPPED
2153,335450,4011,12:00:43,04:31:37,COMPLETED
2154,599170,1987,01:39:43,03:05:28,FAILED
2155,846344,1443,16:00:23,04:33:30,COMPLETED
2156,979472,5742,13:59:05,10:32:50,DROPPED
2157,236595,5912,05:34:40,01:26:24,FAILED
2158,952093,9191,20:01:31,18:09:23,FAILED
2159,716005,6070,16:41:27,18:16:08,FAILED
2160,296314,8056,18:19:33,11:59:06,DROPPED
2161,549191,8334,00:18:28,10:23:43,COMPLETED
2162,901046,9473,10:14:25,22:36:10,DROPPED
2163,893920,5574,16:23:10,22:30:16,DROPPED
2164,260144,2575,22:27:14,17:17:13,DROPPED
2165,588694,9983,12:47:39,17:26:15,DROPPED
2166,622464,3441,09:56:06,23:45:24,FAILED
2167,206864,2969,20:30:11,13:58:21,FAILED
2168,487627,3930,03:22:53,15:09:36,FAILED
2169,830391,1828,15:30:29,13:00:41,DROPPED
2170,589556,1032,09:07:36,03:37:26,COMPLETED
2171,854429,9808,18:49:40,16:04:35,FAILED
2172,739340,7849,02:55:47,08:01:45,FAILED
2173,353860,8184,09:37:36,04:50:20,FAILED
2174,540352,7868,04:40:11,17:40:44,FAILED
2175,397581,2172,04:25:18,21:11:42,COMPLETED
2176,833125,2197,14:16:50,07:36:29,FAILED
2177,447838,2710,17:01:54,23:36:14,COMPLETED
2178,662504,2187,08:37:54,02:25:24,COMPLETED
2179,488470,3058,16:30:07,03:45:16,COMPLETED
2180,683524,5071,23:30:46,00:11:55,COMPLETED
2181,835477,8729,04:18:44,02:07:54,COMPLETED
2182,534358,9647,05:55:54,17:58:15,DROPPED
2183,284686,9711,18:34:58,12:26:31,COMPLETED
2184,671630,3803,00:51:21,11:41:56,FAILED
2185,418067,2251,13:43:50,12:38:53,COMPLETED
2186,666795,1604,04:50:37,19:33:15,FAILED
2187,979251,9634,03:50:04,22:48:22,DROPPED
2188,250255,5117,01:14:22,05:35:20,DROPPED
2189,745160,9257,09:53:14,19:11:43,DROPPED
2190,379956,2093,00:03:09,08:08:57,COMPLETED
2191,861910,6128,18:10:49,13:35:37,COMPLETED
2192,376317,5116,08:10:46,19:58:35,DROPPED
2193,107891,2527,14:55:04,01:40:14,FAILED
2194,322967,1050,13:00:17,19:55:04,FAILED
2195,929192,7582,07:18:43,10:58:24,DROPPED
2196,633509,8531,07:35:10,15:56:31,DROPPED
2197,584750,7176,04:34:54,00:36:18,DROPPED
2198,634794,8437,01:03:57,10:37:46,COMPLETED
2199,706968,7799,05:03:30,16:00:11,FAILED
2200,974556,3646,22:10:27,06:21:30,COMPLETED
2201,762505,3021,10:44:10,05:26:42,FAILED
2202,385257,6737,20:35:35,23:28:56,COMPLETED
2203,406026,8051,21:34:22,16:29:54,COMPLETED
2204,495496,2970,07:22:15,17:56:50,DROPPED
2205,148224,8873,08:04:48,17:45:02,COMPLETED
2206,367252,6297,05:52:28,21:26:27,DROPPED
2207,468788,9251,16:59:25,07:35:22,FAILED
2208,524551,1570,00:12:30,04:22:16,COMPLETED
2209,766818,2771,22:40:40,16:50:45,COMPLETED
2210,726884,4769,15:11:02,20:12:46,COMPLETED
2211,535117,2294,11:06:52,07:27:45,COMPLETED
2212,435979,7437,13:01:13,15:51:57,DROPPED
2213,210820,4678,06:56:33,23:22:50,FAILED
2214,761489,9520,21:15:45,13:43:06,DROPPED
2215,369076,4268,02:42:47,18:21:48,COMPLETED
2216,422232,7273,15:02:25,01:05:15,FAILED
2217,753950,1023,14:48:00,15:48:46,DROPPED
2218,817966,5138,20:53:29,14:52:43,DROPPED
2219,196333,6852,09:01:05,03:28:55,FAILED
2220,114127,3588,12:42:59,18:32:27,FAILED
2221,989964,4836,20:33:41,22:41:08,COMPLETED
2222,712230,9875,19:51:20,22:10:17,DROPPED
2223,970740,4701,03:49:09,20:27:21,FAILED
2224,197420,3201,00:42:43,04:36:48,FAILED
2225,317298,8296,15:42:09,13:55:04,COMPLETED
2226,925180,8660,05:53:04,09:46:33,FAILED
2227,669459,7244,11:38:03,10:51:01,FAILED
2228,298404,9298,01:41:01,10:30:10,FAILED
2229,361673,7582,09:04:13,10:10:27,FAILED
2230,908654,5576,12:42:14,01:15:44,DROPPED
2231,205547,8493,00:51:53,20:16:33,DROPPED
2232,987448,6865,04:52:35,10:15:41,DROPPED
2233,287552,2237,23:37:23,07:56:56,FAILED
2234,999132,2510,11:30:20,19:12:22,FAILED
2235,312337,4674,11:27:48,03:09:30,DROPPED
2236,914484,7246,04:55:05,22:00:41,COMPLETED
2237,243665,6820,19:51:24,11:16:47,COMPLETED
2238,194357,2947,21:20:26,07:28:10,FAILED
2239,757289,6564,03:20:57,17:17:24,DROPPED
2240,556613,1710,11:50:00,23:32:56,FAILED
2241,672002,5937,06:09:01,21:52:12,DROPPED
2242,822082,2526,12:23:45,17:09:38,DROPPED
2243,241825,5178,06:12:32,11:01:28,COMPLETED
2244,328264,7966,17:31:57,09:03:01,FAILED
2245,242883,4589,16:13:41,23:16:44,COMPLETED
2246,471296,8573,15:50:47,16:00:32,FAILED
2247,398040,9500,06:33:07,07:56:10,FAILED
2248,793022,2157,13:35:30,20:09:54,DROPPED
2249,563256,4312,19:48:40,13:13:31,DROPPED
2250,866676,9681,08:36:06,17:13:00,FAILED
2251,636087,3762,19:39:55,06:11:38,FAILED
2252,372660,3157,04:24:47,20:09:47,DROPPED
2253,897902,9589,21:48:28,11:36:57,FAILED
2254,391390,1268,15:10:59,09:55:11,COMPLETED
2255,971553,2360,16:38:23,06:37:54,DROPPED
2256,734977,5620,01:59:32,23:22:11,DROPPED
2257,269620,4113,23:55:05,06:55:14,DROPPED
2258,272612,4915,18:10:22,03:17:00,DROPPED
2259,239957,2741,07:32:17,21:38:34,FAILED
2260,817766,5261,11:12:18,02:28:23,COMPLETED
2261,587251,4289,14:45:06,11:15:34,COMPLETED
2262,723417,2425,05:54:05,13:49:28,DROPPED
2263,376393,8335,11:18:23,12:20:50,COMPLETED
2264,262873,4739,04:40:18,22:09:26,COMPLETED
2265,781306,7249,03:18:28,19:21:22,FAILED
2266,344228,3075,21:55:29,12:36:26,FAILED
2267,566791,4454,23:18:47,11:01:24,DROPPED
2268,656057,5979,07:59:57,04:10:43,COMPLETED
2269,196278,3050,23:40:51,10:21:01,DROPPED
2270,497520,6196,21:54:55,19:14:25,DROPPED
2271,968554,4216,20:20:29,10:39:38,FAILED
2272,985374,7958,21:01:02,15:32:44,DROPPED
2273,624827,9512,20:38:26,10:30:19,FAILED
2274,581957,2455,02:01:05,18:38:40,DROPPED
2275,677206,2154,02:04:23,12:02:07,DROPPED
2276,224423,9733,22:44:56,21:12:56,FAILED
2277,980438,6664,06:17:33,07:57:17,DROPPED
2278,720719,8166,19:14:23,08:34:20,FAILED
2279,296151,9815,05:37:19,11:26:54,FAILED
2280,431089,8242,17:02:09,23:55:24,COMPLETED
2281,465038,1740,13:28:05,02:21:31,COMPLETED
2282,423539,3090,12:40:55,09:17:36,DROPPED
2283,879214,3448,09:03:03,10:44:42,FAILED
2284,160247,8052,02:09:08,18:33:04,COMPLETED
2285,107270,3823,10:09:07,01:47:44,DROPPED
2286,969102,2385,03:53:09,18:09:01,DROPPED
2287,864703,7566,08:42:53,21:46:36,DROPPED
2288,830667,1621,03:46:52,15:36:13,DROPPED
2289,847990,6802,21:43:31,23:01:18,FAILED
2290,503568,5335,07:59:08,17:41:36,COMPLETED
2291,400983,4663,07:44:51,03:27:35,DROPPED
2292,994122,8285,22:55:01,09:47:54,FAILED
2293,410838,4951,02:23:31,21:03:22,COMPLETED
2294,745260,2066,01:38:58,22:23:28,FAILED
2295,179226,5449,22:41:25,15:06:15,FAILED
2296,909782,4798,16:57:45,21:31:56,DROPPED
2297,684689,7412,02:54:09,21:31:38,COMPLETED
2298,481364,7313,02:56:34,12:12:08,COMPLETED
2299,180491,4087,01:22:07,09:17:54,COMPLETED
2300,214157,4573,09:14:13,14:47:52,DROPPED
2301,316884,5708,22:45:07,20:25:17,DROPPED
2302,832913,7836,23:27:49,12:17:31,COMPLETED
2303,914555,5453,03:34:26,16:41:43,COMPLETED
2304,544490,8111,05:29:10,22:36:32,DROPPED
2305,614887,8840,20:06:11,20:37:40,FAILED
2306,912617,6236,08:18:47,21:12:39,DROPPED
2307,721212,9568,06:40:45,02:52:19,FAILED
2308,387672,3407,21:27:31,18:48:03,FAILED
2309,399520,4268,00:42:45,14:17:53,COMPLETED
2310,356365,9786,14:28:58,01:41:44,FAILED
2311,934712,7560,03:47:12,13:44:28,FAILED
2312,740908,6675,09:10:19,00:49:31,COMPLETED
2313,889883,4499,05:44:59,09:02:23,DROPPED
2314,783238,8973,07:38:23,11:15:53,FAILED
2315,721395,7541,10:14:34,18:53:21,COMPLETED
2316,484793,5536,00:06:05,03:06:34,FAILED
2317,227468,2468,10:54:39,06:42:16,FAILED
2318,539736,4266,10:32:43,03:10:09,COMPLETED
2319,458792,2803,07:20:01,03:39:54,FAILED
2320,982163,3792,07:20:36,18:48:11,DROPPED
2321,261779,9566,21:15:10,07:16:12,COMPLETED
2322,506800,5351,05:48:03,14:33:01,FAILED
2323,314171,2720,21:19:15,09:40:42,COMPLETED
2324,566102,4359,17:00:52,23:24:14,COMPLETED
2325,586225,2746,08:40:29,12:11:50,FAILED
2326,806592,5046,05:46:55,17:34:47,COMPLETED
2327,731319,5406,23:28:15,01:32:49,DROPPED
2328,338036,9412,00:17:15,04:22:41,FAILED
2329,794355,2523,07:46:12,03:30:23,DROPPED
2330,357573,8619,00:55:29,07:20:11,DROPPED
2331,503877,7927,09:18:23,15:00:37,DROPPED
2332,402034,5483,11:03:35,01:41:59,FAILED
2333,489357,9218,00:18:51,19:59:16,DROPPED
2334,125008,2056,14:43:53,14:16:00,COMPLETED
2335,880302,4456,00:56:49,03:18:54,FAILED
2336,845762,4726,15:59:47,09:56:54,COMPLETED
2337,964708,1735,20:13:44,18:02:38,COMPLETED
2338,982388,7648,04:09:09,09:01:20,DROPPED
2339,358363,3049,20:48:43,10:06:49,DROPPED
2340,764406,1886,11:42:02,13:59:07,FAILED
2341,423911,6357,05:04:43,23:54:29,FAILED
2342,782817,2351,23:15:26,00:20:05,DROPPED
2343,416630,6425,02:18:57,20:34:37,FAILED
2344,901860,3649,09:33:48,17:07:27,COMPLETED
2345,916964,1341,23:33:01,17:29:10,FAILED
2346,246396,5237,12:33:43,02:51:58,COMPLETED
2347,612009,8403,07:08:26,14:28:17,FAILED
2348,757390,9001,05:40:22,04:32:54,DROPPED
2349,277544,6327,04:49:29,14:43:28,DROPPED
2350,120045,1393,06:43:51,21:14:22,COMPLETED
2351,933213,9343,13:40:13,11:43:40,COMPLETED
2352,759297,5904,19:10:01,13:07:44,DROPPED
2353,714839,3716,02:05:47,13:25:51,FAILED
2354,562369,2909,10:53:15,20:18:31,DROPPED
2355,551767,8978,23:33:25,02:55:12,FAILED
2356,412521,6683,15:45:10,14:08:24,COMPLETED
2357,776472,9602,01:00:01,02:50:54,FAILED
2358,826282,1101,01:11:43,18:39:09,FAILED
2359,689590,5998,17:05:46,23:53:53,COMPLETED
2360,107885,8975,23:11:33,14:37:08,FAILED
2361,926467,8666,15:54:57,21:00:42,FAILED
2362,561283,3269,12:09:23,17:41:12,FAILED
2363,247050,6427,21:13:26,22:41:25,DROPPED
2364,891851,5320,00:53:15,00:54:54,FAILED
2365,678416,7303,04:32:51,22:53:36,COMPLETED
2366,798457,9204,05:04:30,09:46:16,FAILED
2367,895858,5392,16:15:58,05:56:23,FAILED
2368,756284,8322,04:18:04,12:05:07,COMPLETED
2369,313877,4434,22:16:41,16:48:42,FAILED
2370,871697,9899,01:04:27,20:44:02,COMPLETED
2371,300272,9265,11:47:46,04:34:52,DROPPED
2372,411721,4956,08:50:49,09:14:34,COMPLETED
2373,497470,6403,23:27:42,01:21:29,COMPLETED
2374,812033,1857,08:57:56,02:59:23,FAILED
2375,281346,4189,12:15:15,14:30:15,COMPLETED
2376,259324,9043,19:03:04,14:12:36,COMPLETED
2377,963908,1784,15:56:08,20:39:53,DROPPED
2378,485010,3990,23:49:31,00:45:44,COMPLETED
2379,195016,2959,17:52:15,02:00:39,DROPPED
2380,192015,7587,02:40:22,14:00:16,DROPPED
2381,100087,3571,01:10:42,04:29:59,DROPPED
2382,660531,9669,23:27:06,02:29:00,COMPLETED
2383,385821,9010,05:05:32,10:23:54,DROPPED
2384,642172,5794,04:16:37,18:56:25,COMPLETED
2385,965898,5764,06:16:25,10:06:43,FAILED
2386,810576,4633,18:32:18,07:37:58,COMPLETED
2387,393664,4499,23:41:02,08:28:09,COMPLETED
2388,259592,9612,14:29:50,03:21:27,COMPLETED
2389,134102,8761,06:43:28,12:33:49,FAILED
2390,703157,1763,18:47:20,00:17:26,FAILED
2391,535096,1336,05:39:03,14:58:28,DROPPED
2392,976852,4234,05:14:51,17:52:40,COMPLETED
2393,679888,1719,20:18:35,18:03:03,FAILED
2394,783033,2145,08:15:08,12:19:44,FAILED
2395,326452,4975,05:47:00,16:11:54,COMPLETED
2396,635253,7052,09:34:36,03:12:16,FAILED
2397,138536,6447,12:10:22,12:59:36,FAILED
2398,721279,5673,10:12:52,01:40:33,DROPPED
2399,979027,6472,23:01:27,09:09:06,COMPLETED
2400,705151,8807,09:43:38,18:50:46,DROPPED
2401,474543,9728,06:42:57,03:28:31,FAILED
2402,913380,2663,08:58:28,21:52:44,FAILED
2403,373732,8902,04:58:50,19:54:05,FAILED
2404,691156,5430,08:25:32,08:37:47,DROPPED
2405,953139,4622,16:55:02,10:11:38,FAILED
2406,729812,1343,07:24:34,01:30:00,FAILED
2407,332873,4320,09:40:34,20:31:16,COMPLETED
2408,992944,6330,08:32:45,04:47:47,FAILED
2409,364335,8935,09:59:52,06:04:15,FAILED
2410,843650,5738,07:39:01,07:29:51,COMPLETED
2411,545485,1325,10:47:59,12:56:20,FAILED
2412,332330,7627,12:47:14,04:14:17,FAILED
2413,576069,8299,00:27:29,00:52:21,DROPPED
2414,845424,4876,09:59:10,22:26:48,COMPLETED
2415,293812,9241,09:36:43,04:23:10,DROPPED
2416,503825,1426,13:02:51,22:19:16,COMPLETED
2417,687650,8068,17:05:14,17:47:50,DROPPED
2418,737381,5719,18:21:20,02:35:11,COMPLETED
2419,672694,4877,20:37:15,16:22:29,DROPPED
2420,806881,1388,03:50:53,21:18:26,DROPPED
2421,298985,5626,13:14:42,07:08:54,DROPPED
2422,308649,8702,02:55:54,11:59:35,FAILED
2423,389316,3094,11:16:02,11:46:53,COMPLETED
2424,550993,1420,17:46:54,01:54:54,COMPLETED
2425,965107,2990,10:56:25,03:51:59,COMPLETED
2426,487181,5468,20:24:53,09:14:56,DROPPED
2427,288070,2650,15:57:11,18:19:01,COMPLETED
2428,543663,8725,17:43:06,01:01:34,COMPLETED
2429,342011,9571,16:03:33,16:40:01,DROPPED
2430,893450,6996,10:44:58,08:10:34,FAILED
2431,826690,7189,06:25:23,22:34:59,FAILED
2432,409584,7314,08:27:05,19:06:32,DROPPED
2433,357028,8559,07:07:37,06:50:30,FAILED
2434,258582,7493,20:30:11,14:52:26,COMPLETED
2435,401177,3417,04:28:38,04:02:52,DROPPED
2436,605551,5853,19:21:04,12:29:19,COMPLETED
2437,237512,6144,02:32:36,00:35:31,DROPPED
2438,973241,2804,23:10:32,20:05:40,FAILED
2439,294294,5605,22:56:46,11:47:40,FAILED
2440,857641,3623,19:57:03,02:26:39,FAILED
2441,658075,6773,00:10:02,14:04:25,FAILED
2442,226579,5738,04:06:40,17:53:44,DROPPED
2443,284199,6961,18:31:34,00:02:06,DROPPED
2444,277588,7165,13:47:41,22:38:00,FAILED
2445,607052,3598,15:42:53,08:38:45,FAILED
2446,613620,9286,05:14:27,17:21:31,FAILED
2447,240681,3470,11:08:25,13:48:07,FAILED
2448,819818,4338,00:08:39,10:59:31,FAILED
2449,558186,9601,00:53:40,15:00:45,COMPLETED
2450,254798,3276,00:49:56,04:49:40,FAILED
2451,687663,9281,10:40:00,07:14:18,DROPPED
2452,969817,3875,10:10:30,18:53:41,DROPPED
2453,991519,4182,16:37:06,01:55:59,FAILED
2454,543360,8523,06:52:26,04:54:43,DROPPED
2455,523871,5948,07:45:07,05:47:34,FAILED
2456,535061,7997,01:18:22,22:26:40,DROPPED
2457,894981,7762,04:23:50,15:18:32,DROPPED
2458,727885,5273,06:07:47,06:30:10,FAILED
2459,358946,3630,19:09:42,15:16:18,FAILED
2460,976876,5349,11:09:01,08:43:08,FAILED
2461,329547,5340,08:17:25,00:12:21,COMPLETED
2462,774942,7690,21:17:16,13:11:03,COMPLETED
2463,769400,2610,01:44:32,12:39:47,FAILED
2464,674525,5931,04:46:08,14:19:19,DROPPED
2465,597273,6586,01:49:25,10:41:44,DROPPED
2466,276513,7684,22:30:21,15:51:42,FAILED
2467,298421,7911,08:24:56,23:57:35,COMPLETED
2468,879181,1952,09:25:11,06:55:31,DROPPED
2469,125894,1662,21:43:33,03:11:29,COMPLETED
2470,144045,8193,07:33:41,04:54:36,FAILED
2471,229042,5730,23:34:05,19:14:21,FAILED
2472,197587,9095,16:19:43,06:09:18,DROPPED
2473,842788,2530,13:42:29,08:58:29,FAILED
2474,327554,9832,06:45:31,10:20:06,DROPPED
2475,327253,2724,07:06:32,18:53:11,COMPLETED
2476,106487,3434,03:50:57,14:35:40,COMPLETED
2477,569144,8174,11:32:45,20:09:39,DROPPED
2478,923578,9980,05:26:37,01:40:03,DROPPED
2479,171674,2589,05:27:03,23:34:02,DROPPED
2480,278212,5233,02:20:27,13:15:05,FAILED
2481,797915,7779,06:36:03,05:24:01,FAILED
2482,509342,8213,05:41:24,03:56:25,DROPPED
2483,483316,1715,17:48:20,12:12:30,FAILED
2484,659139,7974,11:12:47,16:13:06,DROPPED
2485,684822,8196,06:42:18,07:07:22,DROPPED
2486,917724,9935,16:00:47,04:29:12,DROPPED
2487,214801,9894,05:36:04,18:25:05,COMPLETED
2488,694072,5649,03:39:29,13:51:08,FAILED
2489,903011,6172,14:34:22,23:05:00,COMPLETED
2490,707579,2789,10:03:24,17:39:52,FAILED
2491,877792,3676,19:20:16,22:30:10,COMPLETED
2492,740147,9233,08:55:33,06:26:11,FAILED
2493,150116,7406,16:22:56,20:16:52,DROPPED
2494,282540,2419,05:56:42,06:14:39,FAILED
2495,802231,8178,21:48:26,15:57:19,DROPPED
2496,426851,4154,19:21:32,07:44:05,COMPLETED
2497,382216,5845,03:37:28,03:07:22,DROPPED
2498,112774,6931,08:44:56,08:33:17,COMPLETED
2499,904171,6692,04:53:01,01:25:27,DROPPED
2500,313578,5547,13:32:50,09:59:52,COMPLETED
2501,901280,1145,13:39:28,14:18:03,COMPLETED
2502,810772,8582,22:05:10,06:33:59,DROPPED
2503,746025,8892,19:59:24,08:42:29,COMPLETED
2504,816780,3576,15:17:10,22:34:14,DROPPED
2505,334226,3845,20:29:43,22:28:18,COMPLETED
2506,560295,6765,00:22:18,13:54:24,DROPPED
2507,677131,2118,15:17:05,03:00:15,DROPPED
2508,662727,2245,06:52:39,19:48:12,COMPLETED
2509,712595,1487,02:04:28,10:18:48,COMPLETED
2510,469150,7758,20:55:33,21:04:57,FAILED
2511,685445,5065,01:04:21,21:21:13,DROPPED
2512,851049,1356,17:34:43,16:32:37,COMPLETED
2513,429234,5194,00:49:43,04:05:52,FAILED
2514,421123,1544,03:30:32,10:50:35,FAILED
2515,362389,7015,07:24:43,09:39:39,COMPLETED
2516,470671,4975,06:54:29,16:51:57,COMPLETED
2517,395029,9320,13:46:22,02:17:04,FAILED
2518,685532,3574,23:02:02,23:17:13,DROPPED
2519,122840,8932,00:01:16,15:28:28,DROPPED
2520,539175,1552,04:35:20,01:47:49,COMPLETED
2521,980264,9327,17:09:35,03:34:01,FAILED
2522,901610,8597,09:13:38,04:13:25,DROPPED
2523,688435,2601,08:24:16,15:16:28,COMPLETED
2524,201579,5971,12:28:31,13:10:54,FAILED
2525,342564,8857,10:44:42,05:22:11,DROPPED
2526,973358,9522,14:37:15,07:15:42,FAILED
2527,724802,2528,05:00:06,01:41:16,DROPPED
2528,733123,9876,15:15:46,07:50:12,FAILED
2529,924714,4473,02:55:31,20:48:55,FAILED
2530,793920,2666,12:17:40,13:49:55,DROPPED
2531,582560,9648,08:44:58,03:10:02,DROPPED
2532,763343,6071,11:31:39,05:23:10,COMPLETED
2533,388920,5052,16:40:30,18:08:04,COMPLETED
2534,985212,6964,07:22:37,20:18:31,DROPPED
2535,522001,6420,20:22:58,10:01:53,FAILED
2536,205171,3216,18:46:19,09:43:53,FAILED
2537,351465,3182,02:38:43,08:03:03,COMPLETED
2538,570958,6451,17:51:48,13:25:28,DROPPED
2539,727045,2526,19:30:49,02:52:40,DROPPED
2540,436174,9737,03:31:03,06:33:33,COMPLETED
2541,854931,4607,06:44:22,18:26:50,FAILED
2542,829361,9719,04:43:53,01:00:54,FAILED
2543,745262,2633,23:35:07,13:33:53,COMPLETED
2544,126148,7423,20:01:32,12:18:18,FAILED
2545,913513,2682,18:08:46,23:52:02,COMPLETED
2546,935846,7205,19:48:24,02:32:00,DROPPED
2547,801662,5384,15:43:25,21:48:22,COMPLETED
2548,877527,6145,04:05:58,17:00:45,DROPPED
2549,956935,1960,16:16:30,07:56:51,FAILED
2550,668362,5865,06:51:41,20:55:13,FAILED
2551,120069,4456,04:30:25,22:51:30,DROPPED
2552,218173,2928,23:56:16,22:17:34,COMPLETED
2553,566107,3216,03:00:08,03:44:25,DROPPED
2554,813877,1485,15:32:11,12:05:02,FAILED
2555,262076,2429,01:47:30,12:38:16,COMPLETED
2556,386779,7469,09:45:33,16:02:20,DROPPED
2557,212026,3600,04:26:12,11:24:21,COMPLETED
2558,655785,5116,14:38:57,10:21:55,COMPLETED
2559,600775,1843,10:48:34,14:30:48,COMPLETED
2560,208866,3097,17:22:57,14:04:21,COMPLETED
2561,970519,3350,20:53:10,21:00:39,FAILED
2562,299395,5600,12:09:23,00:45:57,COMPLETED
2563,585353,9161,02:51:05,08:40:58,DROPPED
2564,508899,3791,06:25:22,10:01:35,FAILED
2565,623888,9427,14:33:58,06:09:12,FAILED
2566,310999,1036,12:22:50,22:28:02,COMPLETED
2567,180793,8945,20:17:47,21:17:32,FAILED
2568,273379,5490,10:15:08,02:21:55,COMPLETED
2569,638713,8927,21:48:22,22:37:29,FAILED
2570,708726,1909,13:57:21,02:17:22,COMPLETED
2571,363729,6787,10:23:12,21:18:08,FAILED
2572,952302,1368,23:27:28,20:46:28,COMPLETED
2573,133205,2704,01:02:38,11:15:07,FAILED
2574,125097,9145,08:25:27,04:18:43,FAILED
2575,622744,7271,00:58:20,15:38:25,FAILED
2576,446570,2797,00:14:25,14:33:05,COMPLETED
2577,458403,5486,15:20:13,00:00:14,FAILED
2578,614846,9671,06:18:11,04:25:27,COMPLETED
2579,542053,4638,19:36:26,05:58:45,COMPLETED
2580,655209,3184,20:07:33,05:50:02,DROPPED
2581,795060,4583,14:27:44,15:50:13,COMPLETED
2582,714672,7200,15:32:14,14:41:35,COMPLETED
2583,499036,1863,20:23:19,09:45:42,COMPLETED
2584,854075,6131,14:42:31,16:35:29,DROPPED
2585,894542,6151,06:13:16,03:35:59,DROPPED
2586,961205,3301,14:09:32,21:45:52,DROPPED
2587,822818,1877,05:22:50,00:01:17,COMPLETED
2588,351157,3597,02:27:24,14:09:53,COMPLETED
2589,891313,1863,16:15:49,04:17:23,DROPPED
2590,896936,1275,17:31:06,09:37:29,DROPPED
2591,922489,5105,08:20:01,09:08:47,DROPPED
2592,731662,3268,23:51:36,01:38:59,DROPPED
2593,648227,5090,15:34:50,20:02:50,DROPPED
2594,589492,3154,18:28:27,04:24:43,DROPPED
2595,224207,5928,17:01:16,00:28:54,FAILED
2596,895022,1342,02:27:43,06:22:14,COMPLETED
2597,403690,9369,00:06:18,08:48:03,DROPPED
2598,438432,4480,03:51:00,05:56:52,FAILED
2599,572337,7079,04:45:38,10:01:42,COMPLETED
2600,269063,2344,23:49:23,10:37:24,DROPPED
2601,486374,6881,15:31:04,10:04:56,COMPLETED
2602,162969,8863,14:05:24,10:16:57,FAILED
2603,684138,9194,16:29:05,03:35:16,FAILED
2604,838231,6409,06:14:49,16:39:11,FAILED
2605,431021,6944,13:13:02,14:51:17,DROPPED
2606,144486,6116,01:56:03,11:19:13,FAILED
2607,567877,1244,19:11:47,17:35:22,COMPLETED
2608,265477,5326,02:35:15,03:40:54,FAILED
2609,510316,9949,01:36:55,17:19:43,DROPPED
2610,399264,1814,13:43:36,01:38:14,FAILED
2611,167675,8543,03:51:17,09:53:50,DROPPED
2612,157986,3786,09:44:06,03:38:17,DROPPED
2613,248330,9572,08:15:21,19:51:46,FAILED
2614,643653,6515,15:40:58,03:37:03,COMPLETED
2615,362986,8378,01:32:40,23:15:30,COMPLETED
2616,255910,8308,00:35:35,03:25:14,FAILED
2617,826957,1783,14:26:31,02:03:19,DROPPED
2618,446659,4397,09:09:52,10:09:09,COMPLETED
2619,121173,3409,17:40:31,00:47:47,DROPPED
2620,430704,7739,15:10:56,23:42:42,COMPLETED
2621,790529,4660,21:18:23,08:59:33,COMPLETED
2622,886568,8398,05:10:00,20:18:50,FAILED
2623,969455,6616,20:48:19,01:14:01,FAILED
2624,433566,3784,21:57:15,02:11:29,FAILED
2625,684519,6327,09:16:35,03:47:38,FAILED
2626,948120,5252,11:16:17,22:52:41,FAILED
2627,182860,9826,22:26:47,17:32:11,COMPLETED
2628,475429,7953,11:26:43,22:12:47,DROPPED
2629,438392,9477,16:29:41,23:09:43,DROPPED
2630,942207,1499,03:48:16,03:34:06,DROPPED
2631,585303,1880,15:47:35,19:09:03,FAILED
2632,744723,9295,04:22:27,04:16:22,COMPLETED
2633,255668,2075,20:20:01,23:03:26,FAILED
2634,684754,2573,06:26:30,06:56:51,DROPPED
2635,309381,8492,11:15:53,17:37:23,COMPLETED
2636,275480,5506,04:51:57,02:57:12,COMPLETED
2637,737168,4476,17:51:46,07:52:18,COMPLETED
2638,759159,8021,17:10:13,08:44:58,COMPLETED
2639,576665,4373,11:25:47,00:44:35,FAILED
2640,713722,7562,12:46:15,06:54:17,COMPLETED
2641,394995,2429,18:26:56,17:49:13,COMPLETED
2642,687027,2878,17:08:04,16:06:01,FAILED
2643,314472,4995,18:42:52,17:45:28,DROPPED
2644,977839,4453,15:00:30,06:02:35,COMPLETED
2645,624546,5912,13:54:55,18:20:05,DROPPED
2646,321408,6388,11:42:09,08:39:01,FAILED
2647,853520,4092,09:17:29,08:11:59,DROPPED
2648,205525,8768,09:44:03,04:25:11,DROPPED
2649,254690,6106,16:56:20,11:27:30,COMPLETED
2650,488590,9141,15:48:27,06:01:06,FAILED
2651,309877,3877,01:18:10,12:36:46,FAILED
2652,496458,8698,00:21:25,19:07:30,FAILED
2653,444036,8386,18:07:35,05:38:20,FAILED
2654,575843,5691,03:17:59,14:57:35,FAILED
2655,424361,8067,09:54:07,11:37:21,DROPPED
2656,243933,9516,16:52:54,08:27:51,DROPPED
2657,455527,1440,01:13:14,18:57:47,DROPPED
2658,603517,7508,13:06:44,20:53:26,FAILED
2659,282680,5542,18:54:08,06:29:56,DROPPED
2660,140611,8074,11:12:48,00:39:32,COMPLETED
2661,177291,8716,21:46:33,17:02:26,FAILED
2662,439426,5633,05:06:11,16:14:15,DROPPED
2663,350199,7865,04:41:24,14:55:37,FAILED
2664,415186,1580,10:28:03,11:28:19,COMPLETED
2665,662242,2405,05:20:10,16:19:20,COMPLETED
2666,386509,8695,06:04:10,18:44:39,COMPLETED
2667,264237,8495,00:13:56,10:31:43,FAILED
2668,752514,9180,08:40:26,19:20:57,FAILED
2669,902032,7625,09:07:37,14:35:03,COMPLETED
2670,221154,7429,11:08:59,13:43:09,FAILED
2671,676290,6407,14:42:40,15:37:33,FAILED
2672,133066,5064,15:12:21,00:14:07,FAILED
2673,558526,1048,12:51:04,10:19:19,FAILED
2674,457451,8723,20:19:00,22:36:22,DROPPED
2675,879870,5108,10:08:58,14:51:41,FAILED
2676,800199,1640,16:40:01,19:51:41,COMPLETED
2677,477504,4315,21:08:27,06:21:28,COMPLETED
2678,421561,7703,07:47:08,04:13:41,FAILED
2679,701008,3490,07:33:24,08:40:20,COMPLETED
2680,265517,3098,06:00:58,11:11:24,COMPLETED
2681,985514,3689,21:28:43,03:21:22,FAILED
2682,237539,7310,09:04:43,02:17:58,FAILED
2683,430965,1748,14:42:26,11:33:19,DROPPED
2684,668492,4559,04:49:11,13:43:57,COMPLETED
2685,477310,8975,10:42:23,14:47:05,FAILED
2686,212567,5982,02:06:53,13:59:30,DROPPED
2687,323482,2493,21:17:43,09:22:00,DROPPED
2688,536372,5296,12:45:03,11:06:40,FAILED
2689,976467,5930,06:19:43,23:16:40,FAILED
2690,829893,4300,15:46:30,22:03:52,FAILED
2691,331103,8584,05:46:37,18:07:19,DROPPED
2692,450862,8808,05:49:21,19:17:28,COMPLETED
2693,298208,1592,08:54:07,23:59:28,DROPPED
2694,741378,2319,23:53:51,12:13:47,DROPPED
2695,811055,8569,05:00:24,15:47:53,DROPPED
2696,350777,9902,08:02:40,05:26:08,DROPPED
2697,271864,7636,05:46:11,15:36:56,COMPLETED
2698,159296,1291,02:44:44,02:53:49,DROPPED
2699,260582,9315,09:25:43,00:41:07,FAILED
2700,191765,2447,19:43:26,19:55:39,FAILED
2701,398962,7801,05:11:32,16:44:05,DROPPED
2702,372728,4198,18:59:59,08:24:29,FAILED
2703,247148,3840,00:21:12,14:28:42,FAILED
2704,355619,7739,03:15:48,16:28:30,FAILED
2705,410097,5564,03:17:15,13:56:37,FAILED
2706,685335,4289,15:36:29,19:42:08,FAILED
2707,249181,5404,17:10:58,01:24:43,COMPLETED
2708,290197,2726,17:59:03,08:06:50,DROPPED
2709,276553,7441,16:54:34,16:54:36,COMPLETED
2710,269963,5036,22:20:51,06:44:27,COMPLETED
2711,973747,8862,10:56:43,18:59:59,COMPLETED
2712,911293,7082,19:47:44,06:51:55,DROPPED
2713,515737,2649,12:34:09,14:58:19,FAILED
2714,717054,8553,13:41:23,21:06:25,FAILED
2715,734182,3247,11:26:16,02:13:36,FAILED
2716,377087,4904,19:53:36,02:56:24,FAILED
2717,793544,8101,01:52:25,22:23:10,FAILED
2718,861050,3823,12:27:52,13:57:23,FAILED
2719,593898,5153,00:35:59,08:19:25,DROPPED
2720,265721,9364,02:53:44,04:39:47,FAILED
2721,101651,8308,23:30:14,15:52:25,DROPPED
2722,610172,7374,03:30:38,19:59:53,DROPPED
2723,788556,1853,04:55:19,03:03:10,FAILED
2724,820721,7007,16:49:55,06:35:59,DROPPED
2725,415279,9488,06:04:11,20:32:35,COMPLETED
2726,345029,2976,16:27:43,18:35:05,DROPPED
2727,598842,9000,06:48:18,11:38:12,FAILED
2728,151076,7787,19:30:11,04:07:53,COMPLETED
2729,867937,7149,21:57:44,13:30:03,DROPPED
2730,522771,4561,10:56:41,13:43:58,DROPPED
2731,876043,9109,20:57:49,21:58:28,COMPLETED
2732,193687,8874,09:57:34,18:18:41,FAILED
2733,358595,5021,22:23:04,13:44:23,FAILED
2734,770442,2270,07:28:36,17:23:25,COMPLETED
2735,884422,9285,12:50:32,00:02:44,FAILED
2736,390139,1221,02:20:08,02:34:52,DROPPED
2737,803970,6195,07:13:16,04:44:16,COMPLETED
2738,169336,7276,04:25:30,11:46:57,COMPLETED
2739,795002,5988,00:56:19,17:31:00,DROPPED
2740,185068,3192,05:34:42,03:19:55,DROPPED
2741,237033,9775,20:24:20,02:12:20,FAILED
2742,508774,2460,12:01:19,00:44:03,FAILED
2743,196213,9843,17:48:38,03:21:14,COMPLETED
2744,452415,1675,08:11:52,18:53:40,FAILED
2745,517018,3805,16:49:04,13:14:10,DROPPED
2746,932733,7880,17:18:27,07:40:17,FAILED
2747,842792,2422,17:27:49,19:36:28,COMPLETED
2748,545513,1068,23:01:45,02:22:51,COMPLETED
2749,654479,6296,23:19:21,02:40:19,COMPLETED
2750,101422,6912,00:01:21,18:09:37,FAILED
2751,904043,8890,13:48:43,09:08:50,FAILED
2752,579683,8205,06:08:07,01:23:44,COMPLETED
2753,731407,4988,03:24:02,03:04:05,COMPLETED
2754,527008,1116,05:35:07,21:49:47,DROPPED
2755,146706,4391,15:18:06,19:27:43,FAILED
2756,584443,8826,21:57:33,14:20:53,FAILED
2757,272717,2028,19:35:55,05:39:11,COMPLETED
2758,506728,2757,07:43:16,21:37:58,DROPPED
2759,643081,3983,15:41:04,09:35:24,FAILED
2760,437791,7550,13:51:47,18:21:08,DROPPED
2761,651607,1626,09:51:22,06:57:41,DROPPED
2762,334161,3583,20:41:55,15:16:24,DROPPED
2763,971093,4621,00:13:37,11:27:42,COMPLETED
2764,551134,3871,07:31:59,12:17:02,DROPPED
2765,855415,5477,07:44:03,18:46:33,FAILED
2766,448173,4930,01:21:34,14:48:01,FAILED
2767,194706,5673,21:19:08,00:21:34,COMPLETED
2768,655359,6681,04:01:36,23:23:02,FAILED
2769,954564,6884,18:25:54,17:35:55,FAILED
2770,480779,6266,07:19:21,23:00:29,DROPPED
2771,302207,4972,21:42:58,07:51:48,COMPLETED
2772,897019,2579,21:33:32,08:18:06,FAILED
2773,363299,2829,10:27:49,15:01:30,DROPPED
2774,560482,4775,06:03:14,22:39:32,COMPLETED
2775,220740,6386,00:59:34,18:26:21,DROPPED
2776,351595,9778,14:43:57,12:32:10,COMPLETED
2777,321800,7349,04:54:34,13:34:31,COMPLETED
2778,116419,8708,10:34:54,10:54:53,FAILED
2779,268595,7065,19:25:34,04:41:39,DROPPED
2780,896131,4028,01:50:00,02:29:21,COMPLETED
2781,476972,4654,10:16:55,03:46:10,FAILED
2782,638126,4406,17:39:48,10:45:12,COMPLETED
2783,320262,4208,00:38:37,23:20:48,FAILED
2784,393143,2138,08:52:09,03:54:43,FAILED
2785,958574,6272,21:29:45,12:37:33,COMPLETED
2786,231800,6351,01:15:21,13:10:52,DROPPED
2787,311245,8003,10:41:19,07:31:15,DROPPED
2788,820872,3950,14:13:43,20:48:56,COMPLETED
2789,995129,1101,15:08:04,02:26:07,FAILED
2790,415687,9549,22:29:24,01:42:34,FAILED
2791,134505,6484,09:04:54,01:14:34,COMPLETED
2792,772283,8077,07:53:02,19:29:19,COMPLETED
2793,149389,9770,06:52:23,17:57:55,DROPPED
2794,723407,8343,05:01:00,17:09:56,COMPLETED
2795,634610,1463,07:48:39,03:43:59,COMPLETED
2796,860577,8431,02:34:19,06:42:34,COMPLETED
2797,454191,8516,12:33:17,02:01:30,FAILED
2798,702719,6545,19:39:54,15:02:18,FAILED
2799,811779,1268,00:06:13,00:06:46,FAILED
2800,591155,9101,22:42:24,18:55:59,COMPLETED
2801,772951,8669,23:15:11,15:30:00,FAILED
2802,731634,8328,06:29:23,07:51:33,DROPPED
2803,860954,9989,06:20:27,10:17:44,DROPPED
2804,184660,6458,15:21:54,01:21:33,COMPLETED
2805,132297,6611,16:14:38,23:36:44,FAILED
2806,124135,2199,18:32:28,03:09:12,DROPPED
2807,162094,2860,21:32:09,11:45:21,DROPPED
2808,881054,6126,02:57:25,05:42:59,FAILED
2809,832532,6070,18:09:44,22:58:35,DROPPED
2810,380284,9174,10:51:39,11:12:11,FAILED
2811,314592,9779,03:39:47,17:50:34,FAILED
2812,368676,4426,13:53:30,09:51:58,DROPPED
2813,949292,4196,09:39:29,08:39:46,FAILED
2814,315559,5703,07:01:23,00:52:14,COMPLETED
2815,415798,1446,21:47:16,17:57:02,DROPPED
2816,899254,4698,02:20:29,20:40:13,DROPPED
2817,571320,6087,08:28:32,09:59:36,FAILED
2818,701853,1430,08:11:46,10:52:43,DROPPED
2819,958742,7654,13:54:37,11:34:53,FAILED
2820,993086,5160,22:12:19,22:21:52,FAILED
2821,659088,2389,21:21:17,07:31:07,DROPPED
2822,339031,6556,05:27:22,01:10:29,DROPPED
2823,282912,4514,09:15:36,18:35:11,DROPPED
2824,557344,1560,11:08:07,17:28:17,DROPPED
2825,257355,4703,02:43:35,00:28:51,DROPPED
2826,265288,9003,20:03:28,09:23:53,DROPPED
2827,804874,6313,11:54:01,00:33:49,FAILED
2828,261594,9247,18:03:52,16:02:23,COMPLETED
2829,683397,5464,01:11:02,16:56:36,COMPLETED
2830,998885,9604,08:51:49,03:09:56,DROPPED
2831,278938,7412,17:13:51,10:40:18,COMPLETED
2832,959159,9305,11:34:35,00:16:22,DROPPED
2833,744022,3891,05:19:01,08:26:52,FAILED
2834,812865,2709,10:33:28,05:11:30,DROPPED
2835,210748,8605,23:04:15,23:42:27,FAILED
2836,989606,3569,19:05:49,12:51:31,DROPPED
2837,105898,8589,05:37:04,20:52:35,DROPPED
2838,730797,9164,13:18:55,13:23:55,COMPLETED
2839,986597,1515,09:12:07,01:10:08,DROPPED
2840,413810,7807,23:47:15,22:58:49,DROPPED
2841,852642,3329,02:38:53,03:53:11,DROPPED
2842,329643,1505,11:27:02,02:52:11,FAILED
2843,328071,4657,03:14:39,12:12:58,DROPPED
2844,688843,2201,08:29:38,02:43:20,DROPPED
2845,325720,7149,16:56:07,03:15:46,DROPPED
2846,111074,7584,01:31:15,17:31:09,COMPLETED
2847,789170,7037,08:04:11,22:50:05,FAILED
2848,856514,7304,03:28:14,00:17:30,DROPPED
2849,760679,4635,17:30:10,17:31:50,FAILED
2850,614015,1726,03:46:25,04:26:33,FAILED
2851,115202,7287,08:31:41,04:31:40,FAILED
2852,617810,5614,18:18:37,04:05:03,FAILED
2853,420525,3534,20:29:09,16:54:53,COMPLETED
2854,404968,5428,06:52:40,09:54:28,COMPLETED
2855,395999,8551,15:49:40,13:20:21,DROPPED
2856,139557,2711,14:49:48,03:33:18,COMPLETED
2857,981485,6946,10:04:54,01:42:45,DROPPED
2858,711497,1619,04:01:30,23:18:16,FAILED
2859,241242,2184,23:57:41,22:50:53,FAILED
2860,267864,7557,13:43:52,04:38:26,COMPLETED
2861,701626,9856,14:05:31,01:03:46,COMPLETED
2862,407418,9605,17:16:28,21:59:57,FAILED
2863,574381,1792,13:05:48,17:47:30,DROPPED
2864,949039,4773,15:07:48,12:29:21,COMPLETED
2865,427328,4609,20:49:21,01:16:30,DROPPED
2866,138462,5986,01:58:35,07:35:43,COMPLETED
2867,680893,8668,08:45:54,01:08:59,COMPLETED
2868,480647,6329,18:07:03,20:25:00,DROPPED
2869,465298,6128,19:43:41,09:22:34,FAILED
2870,924872,9094,14:17:14,05:27:26,COMPLETED
2871,897056,1212,16:44:19,16:50:27,COMPLETED
2872,992397,7842,10:44:52,01:49:14,COMPLETED
2873,519620,1042,08:09:11,05:42:00,FAILED
2874,985318,2556,02:53:16,19:26:45,FAILED
2875,835778,1376,14:44:15,01:46:39,FAILED
2876,142410,5560,07:41:57,08:38:00,DROPPED
2877,308600,8450,09:34:52,03:10:49,COMPLETED
2878,169431,8404,09:03:10,09:06:25,DROPPED
2879,645579,8838,22:14:23,09:51:01,COMPLETED
2880,249971,5123,16:36:00,05:04:33,COMPLETED
2881,934498,2077,02:37:28,23:08:38,FAILED
2882,431590,2685,10:27:29,18:06:28,DROPPED
2883,645139,5389,12:57:29,20:06:46,FAILED
2884,683219,7465,21:36:50,06:35:48,FAILED
2885,346381,6058,02:26:48,11:33:12,COMPLETED
2886,524834,8802,21:13:36,21:58:02,FAILED
2887,308590,9054,12:37:03,18:20:32,DROPPED
2888,312442,3106,14:20:40,18:51:17,DROPPED
2889,511590,9083,09:01:33,04:16:59,DROPPED
2890,511091,9247,23:37:35,05:19:02,DROPPED
2891,550916,6263,08:24:34,22:37:13,DROPPED
2892,792540,7623,13:41:17,05:46:12,COMPLETED
2893,501332,2840,22:18:20,20:40:07,DROPPED
2894,143956,1337,04:43:29,01:02:34,FAILED
2895,198618,9009,04:49:07,02:36:26,DROPPED
2896,379076,9206,23:27:23,07:37:50,FAILED
2897,546247,5630,23:50:05,05:35:26,COMPLETED
2898,831790,3989,02:03:00,02:26:50,COMPLETED
2899,916056,3148,14:25:56,19:49:20,DROPPED
2900,412734,9102,09:27:40,07:16:07,FAILED
2901,835577,8343,07:35:30,18:03:55,COMPLETED
2902,480923,2532,23:00:04,02:52:34,COMPLETED
2903,955400,5082,02:03:42,18:12:49,COMPLETED
2904,181885,1160,07:50:36,19:15:49,FAILED
2905,737993,2902,23:54:22,13:02:16,COMPLETED
2906,891082,7562,09:40:50,10:09:05,FAILED
2907,777894,2966,19:24:13,20:59:28,DROPPED
2908,963028,7760,18:03:05,02:30:45,DROPPED
2909,364697,9458,20:55:58,10:12:52,FAILED
2910,575708,9893,07:52:25,00:52:15,COMPLETED
2911,763184,9044,23:28:16,03:00:19,FAILED
2912,529792,9812,21:17:08,04:53:01,FAILED
2913,589843,9184,14:35:23,04:19:10,COMPLETED
2914,308015,3756,20:16:00,00:14:25,DROPPED
2915,958165,9946,00:21:58,12:35:27,FAILED
2916,551107,4509,04:18:33,19:15:27,DROPPED
2917,629683,5399,09:05:46,16:35:11,COMPLETED
2918,966355,1220,11:35:08,15:24:27,COMPLETED
2919,954765,8755,22:30:55,15:17:13,COMPLETED
2920,888470,7035,15:09:34,02:18:44,COMPLETED
2921,236775,8600,12:18:06,03:07:13,FAILED
2922,978274,6764,02:02:16,06:13:42,COMPLETED
2923,284967,7135,17:55:54,19:05:18,FAILED
2924,201869,9292,05:47:34,02:59:47,COMPLETED
2925,147596,9289,09:00:59,04:25:55,DROPPED
2926,506646,1455,00:34:56,06:40:11,FAILED
2927,277490,9486,09:16:31,13:19:24,COMPLETED
2928,915781,2422,03:45:57,15:12:10,DROPPED
2929,135017,8149,05:26:46,03:24:30,DROPPED
2930,733021,3915,03:07:54,14:26:58,COMPLETED
2931,340142,7263,00:27:40,09:24:36,DROPPED
2932,790244,6686,23:51:03,03:19:20,DROPPED
2933,165402,9400,16:22:54,04:02:56,COMPLETED
2934,313347,9848,14:16:39,11:34:40,DROPPED
2935,871732,9446,04:42:50,16:40:28,COMPLETED
2936,130296,5309,22:27:14,05:51:06,COMPLETED
2937,153610,6249,12:51:06,17:35:54,COMPLETED
2938,514151,7401,08:43:04,08:19:21,COMPLETED
2939,523851,1273,11:09:01,00:01:41,DROPPED
2940,729555,8765,17:59:55,18:28:33,FAILED
2941,829120,9358,22:54:12,07:43:20,DROPPED
2942,945713,9628,07:02:42,07:59:27,DROPPED
2943,112518,6910,09:28:50,01:53:38,FAILED
2944,166635,4430,10:47:36,23:37:46,FAILED
2945,805058,4609,15:55:31,10:42:07,COMPLETED
2946,143102,7863,19:08:56,21:51:07,FAILED
2947,719283,4750,11:28:48,17:40:51,COMPLETED
2948,702598,8114,10:07:15,15:35:46,COMPLETED
2949,382482,6741,05:25:34,02:26:21,DROPPED
2950,351615,2551,17:37:26,14:00:26,FAILED
2951,457024,8771,08:21:27,01:05:11,FAILED
2952,436534,8448,17:04:55,14:06:16,COMPLETED
2953,193793,6593,17:56:19,07:32:51,DROPPED
2954,730580,5365,13:43:37,06:41:39,FAILED
2955,294979,5539,18:17:46,14:14:34,DROPPED
2956,734797,8890,21:56:53,23:46:38,DROPPED
2957,879866,9839,21:10:39,12:37:31,FAILED
2958,901321,5143,19:19:24,01:44:56,DROPPED
2959,681343,4906,20:21:18,03:04:35,COMPLETED
2960,719356,1466,02:25:20,03:51:35,COMPLETED
2961,833609,6886,11:29:37,17:27:30,FAILED
2962,927719,3135,02:29:50,02:37:55,DROPPED
2963,304503,4006,12:42:14,05:42:59,DROPPED
2964,201419,4790,19:00:30,17:57:24,DROPPED
2965,582953,4702,19:44:37,19:25:59,FAILED
2966,411380,4216,02:21:26,22:30:33,COMPLETED
2967,212975,4087,04:32:32,21:20:47,COMPLETED
2968,208567,1088,12:44:21,07:08:45,FAILED
2969,547972,5447,04:02:21,23:46:24,DROPPED
2970,259388,5810,13:38:13,04:47:49,COMPLETED
2971,865577,3453,19:26:40,12:35:55,FAILED
2972,881791,3445,06:46:37,23:30:14,COMPLETED
2973,839502,9442,03:35:08,09:52:40,COMPLETED
2974,996004,5897,05:19:17,18:07:36,FAILED
2975,994601,8446,07:10:34,01:24:12,DROPPED
2976,741236,4823,09:06:43,08:55:32,COMPLETED
2977,607708,1075,19:39:02,14:58:43,FAILED
2978,641742,8633,09:53:26,09:59:58,COMPLETED
2979,544740,8885,03:12:09,09:59:52,DROPPED
2980,639681,9674,04:49:11,19:13:17,DROPPED
2981,317746,8043,02:54:16,13:48:35,COMPLETED
2982,594700,6080,02:03:54,06:36:29,FAILED
2983,840001,1300,11:23:16,10:45:50,FAILED
2984,297997,9247,20:50:16,20:53:23,COMPLETED
2985,489905,3555,10:51:49,12:16:38,DROPPED
2986,783443,5909,08:00:22,18:37:50,DROPPED
2987,921977,7335,16:22:07,14:19:49,FAILED
2988,270663,1743,19:08:53,11:57:07,COMPLETED
2989,545796,3927,14:14:07,22:56:39,FAILED
2990,869527,4390,19:42:24,08:57:25,COMPLETED
2991,201340,9044,00:37:26,19:19:00,COMPLETED
2992,608904,2337,03:54:45,11:49:08,DROPPED
2993,649491,2965,23:38:06,23:18:05,COMPLETED
2994,992064,9957,11:28:03,04:27:03,COMPLETED
2995,152509,1002,10:38:06,16:18:38,COMPLETED
2996,918032,8209,20:41:33,22:52:36,DROPPED
2997,137612,8978,06:40:14,16:30:44,DROPPED
2998,596696,7166,19:48:34,03:57:19,COMPLETED
2999,540841,4565,11:17:52,16:26:01,COMPLETED
3000,697388,2661,20:27:14,05:19:13,COMPLETED
3001,719282,7406,09:16:34,18:48:23,COMPLETED
3002,612758,2157,04:50:17,09:08:40,COMPLETED
3003,190357,6779,22:32:45,12:35:45,COMPLETED
3004,571273,2706,03:14:07,09:56:44,DROPPED
3005,592514,8482,20:42:10,09:35:32,FAILED
3006,230301,5115,04:22:46,23:37:58,DROPPED
3007,475467,9093,06:50:17,05:47:25,COMPLETED
3008,757826,8495,20:55:43,17:32:34,FAILED
3009,205475,2247,10:18:56,20:14:26,COMPLETED
3010,505579,6985,20:48:43,16:34:25,FAILED
3011,446293,1502,04:26:15,10:37:12,COMPLETED
3012,111099,8386,10:40:03,17:02:02,COMPLETED
3013,568204,3518,04:32:56,23:52:44,FAILED
3014,626989,8284,02:54:24,00:52:24,DROPPED
3015,156657,3473,10:06:17,19:23:35,COMPLETED
3016,109508,2854,06:24:04,05:38:21,DROPPED
3017,643892,3563,16:35:20,17:12:51,FAILED
3018,459544,4202,13:33:54,09:04:59,COMPLETED
3019,192401,9443,11:57:14,14:02:46,DROPPED
3020,842150,2097,06:40:38,02:19:27,DROPPED
3021,654358,4891,14:20:12,13:40:31,DROPPED
3022,654054,6205,18:41:11,02:41:11,DROPPED
3023,233423,5270,14:27:05,06:52:43,DROPPED
3024,227645,7197,06:12:43,05:17:20,DROPPED
3025,829905,9745,12:51:12,22:10:39,FAILED
3026,353360,3256,09:44:26,18:20:02,COMPLETED
3027,309810,8013,07:56:11,06:52:40,FAILED
3028,304040,6395,18:32:41,04:24:56,DROPPED
3029,884881,5581,15:37:46,06:24:18,DROPPED
3030,662057,5278,21:42:00,06:58:16,FAILED
3031,278323,8012,02:16:05,03:04:25,COMPLETED
3032,878317,5370,16:31:56,21:28:19,FAILED
3033,830085,5214,15:39:32,02:03:02,DROPPED
3034,279059,8030,01:31:22,11:21:45,COMPLETED
3035,467105,5556,03:41:04,03:34:48,COMPLETED
3036,881791,5829,18:17:58,22:30:25,DROPPED
3037,862831,3277,18:48:49,04:00:22,FAILED
3038,333502,5878,00:01:34,09:33:34,FAILED
3039,225787,7771,02:34:39,02:40:56,DROPPED
3040,962617,5504,08:08:37,07:46:34,DROPPED
3041,820055,7422,10:27:15,14:12:40,FAILED
3042,483884,6439,02:12:02,04:34:14,FAILED
3043,750591,3824,20:42:09,19:11:56,DROPPED
3044,677847,2115,03:55:11,23:29:52,DROPPED
3045,295146,7656,03:01:46,15:33:12,FAILED
3046,394404,1154,13:41:36,11:22:58,COMPLETED
3047,520516,3380,01:26:19,03:28:04,COMPLETED
3048,369553,8934,10:41:03,23:06:11,FAILED
3049,544261,2585,17:17:56,16:52:00,DROPPED
3050,285632,5016,15:37:50,13:46:13,COMPLETED
3051,675130,9778,12:04:57,03:12:06,DROPPED
3052,150816,1816,23:29:12,13:05:20,COMPLETED
3053,998234,8621,20:08:45,00:24:49,FAILED
3054,365173,1395,04:24:21,22:37:36,FAILED
3055,697779,9184,23:23:35,02:39:10,COMPLETED
3056,606345,4689,13:58:20,08:41:21,COMPLETED
3057,565519,2994,00:27:01,06:19:01,DROPPED
3058,335661,8743,11:00:05,15:39:01,FAILED
3059,525424,2171,03:49:27,14:33:58,COMPLETED
3060,379942,9449,19:59:58,18:32:53,COMPLETED
3061,479867,4916,01:54:35,00:03:05,COMPLETED
3062,532343,4143,12:48:36,15:03:01,COMPLETED
3063,520264,6750,13:20:33,09:11:44,FAILED
3064,324449,3391,17:44:46,09:00:00,COMPLETED
3065,299361,2115,07:00:55,04:45:58,FAILED
3066,682141,1435,01:04:17,22:43:26,DROPPED
3067,298482,6569,15:42:16,14:40:09,COMPLETED
3068,851953,8684,07:16:22,12:36:14,DROPPED
3069,337882,4287,16:42:13,23:48:24,COMPLETED
3070,991009,7770,02:12:34,19:48:27,COMPLETED
3071,691042,2840,16:20:30,20:56:28,FAILED
3072,602160,9202,10:52:06,15:52:34,DROPPED
3073,813955,8617,08:17:08,10:53:02,COMPLETED
3074,346337,3825,06:45:15,10:19:23,COMPLETED
3075,401881,1538,23:26:27,01:00:56,FAILED
3076,781290,6964,15:37:18,17:01:18,FAILED
3077,692667,4134,13:41:42,09:12:07,DROPPED
3078,678052,9878,15:52:39,06:24:24,DROPPED
3079,943409,8754,11:01:40,15:16:09,COMPLETED
3080,226091,8864,20:55:00,08:32:17,FAILED
3081,679694,6125,17:38:28,22:01:57,FAILED
3082,974309,6318,10:06:18,12:49:15,FAILED
3083,568161,7812,04:02:29,21:43:37,FAILED
3084,417639,1906,06:44:01,17:12:20,DROPPED
3085,462351,8056,13:17:45,03:26:17,COMPLETED
3086,500632,7384,05:58:25,06:29:56,COMPLETED
3087,973822,6915,05:25:16,22:52:07,DROPPED
3088,289098,6275,04:37:31,18:05:38,COMPLETED
3089,895520,9017,01:10:20,22:10:38,FAILED
3090,410964,3063,00:44:04,12:48:10,FAILED
3091,674157,9854,11:42:55,05:13:31,FAILED
3092,857342,9146,19:46:58,11:16:44,COMPLETED
3093,729884,3079,05:56:05,17:08:47,DROPPED
3094,970541,4814,02:21:55,15:05:23,COMPLETED
3095,757003,6830,12:25:08,17:40:30,DROPPED
3096,879063,7824,20:20:41,10:37:42,DROPPED
3097,254187,1133,00:00:41,22:08:49,DROPPED
3098,389051,4934,09:07:13,22:30:17,DROPPED
3099,876070,7244,10:43:25,12:39:42,FAILED
3100,888476,2377,20:01:29,21:21:31,COMPLETED
3101,864364,6671,15:29:19,02:56:25,COMPLETED
3102,432071,1574,00:04:31,19:00:24,FAILED
3103,522189,5785,00:48:55,02:42:35,FAILED
3104,503565,3853,02:56:01,04:25:27,DROPPED
3105,660227,6197,23:51:19,02:41:52,FAILED
3106,258717,6280,12:44:29,08:03:25,COMPLETED
3107,684543,3220,15:24:59,07:22:59,FAILED
3108,445204,4248,21:10:36,02:35:45,COMPLETED
3109,612379,1553,13:34:12,10:15:25,COMPLETED
3110,312962,4625,06:41:06,21:58:05,DROPPED
3111,201825,5572,13:02:20,02:22:33,FAILED
3112,486159,9606,13:00:11,11:04:46,DROPPED
3113,826798,7087,03:18:36,23:01:52,DROPPED
3114,990090,7301,03:57:22,20:18:12,DROPPED
3115,678607,8067,10:02:13,16:55:24,FAILED
3116,206771,1074,15:33:09,06:47:02,FAILED
3117,975320,1943,21:46:10,23:50:51,FAILED
3118,206216,4053,19:11:41,15:10:35,COMPLETED
3119,860883,7754,07:37:41,16:44:46,COMPLETED
3120,573315,6729,19:30:02,21:26:25,COMPLETED
3121,943875,5134,00:01:22,12:22:13,FAILED
3122,548697,5756,14:51:30,20:52:58,DROPPED
3123,776160,7487,07:06:17,20:10:32,COMPLETED
3124,783972,7322,13:55:16,08:10:44,COMPLETED
3125,764000,1113,15:29:21,22:58:09,DROPPED
3126,139019,1737,16:08:45,13:32:28,FAILED
3127,565149,5255,09:29:16,19:28:09,FAILED
3128,794121,2350,10:19:23,18:59:00,FAILED
3129,601349,3498,15:04:01,06:42:21,FAILED
3130,101489,6913,17:14:05,04:52:54,COMPLETED
3131,602063,8677,09:38:07,19:29:42,DROPPED
3132,941680,6087,08:08:59,16:25:32,DROPPED
3133,395073,5681,19:51:12,10:52:48,COMPLETED
3134,289656,7620,09:30:42,15:41:44,FAILED
3135,229990,5124,14:19:17,19:53:04,FAILED
3136,621531,3131,03:17:02,10:32:36,COMPLETED
3137,650704,6363,00:01:44,10:22:55,DROPPED
3138,974718,9565,07:15:26,09:33:32,DROPPED
3139,420223,4854,18:11:05,20:01:39,DROPPED
3140,168754,6557,21:05:09,03:32:45,DROPPED
3141,665680,6788,19:14:00,18:14:54,FAILED
3142,172028,8386,22:46:37,19:28:39,COMPLETED
3143,515168,9135,18:04:49,08:20:44,DROPPED
3144,201484,8807,06:12:22,12:10:11,FAILED
3145,904162,2736,21:08:15,01:02:28,COMPLETED
3146,587517,2420,10:51:49,12:50:00,DROPPED
3147,540871,4345,23:08:12,23:21:01,DROPPED
3148,322468,8361,12:34:19,05:19:29,DROPPED
3149,300692,6631,02:40:01,14:27:17,DROPPED
3150,932586,9591,02:23:26,21:49:28,DROPPED
3151,316554,2148,02:27:19,14:48:16,COMPLETED
3152,562986,6130,21:00:23,01:16:09,FAILED
3153,135856,9071,18:01:19,14:55:15,FAILED
3154,902082,2407,09:20:11,20:43:41,FAILED
3155,571545,3017,04:10:00,10:30:14,FAILED
3156,574464,9864,22:26:47,22:28:45,FAILED
3157,279985,7627,10:55:43,23:02:59,DROPPED
3158,928416,5968,20:53:21,19:53:02,FAILED
3159,327822,6230,08:13:51,14:48:45,COMPLETED
3160,656954,8877,03:31:32,18:53:54,DROPPED
3161,611207,6139,14:33:07,06:04:24,COMPLETED
3162,942421,3466,22:56:03,09:34:46,DROPPED
3163,714132,9185,06:40:04,16:09:41,FAILED
3164,946360,3818,07:21:46,04:39:00,FAILED
3165,796985,5569,03:40:07,10:37:28,DROPPED
3166,733143,3772,14:50:27,22:49:24,COMPLETED
3167,114540,7900,17:46:15,19:20:30,FAILED
3168,680050,4264,03:55:50,14:29:53,COMPLETED
3169,357563,7183,01:23:01,11:13:13,COMPLETED
3170,531122,2949,23:24:48,06:21:53,COMPLETED
3171,360987,1886,16:32:30,01:16:30,COMPLETED
3172,472637,3397,18:35:55,14:41:58,COMPLETED
3173,954697,6023,06:20:55,04:37:58,FAILED
3174,995992,3458,10:41:41,08:30:09,DROPPED
3175,933711,7451,03:09:19,18:44:03,FAILED
3176,423084,3371,05:52:19,17:05:02,COMPLETED
3177,676600,4445,04:29:09,10:39:28,FAILED
3178,992634,5471,19:16:44,15:28:03,COMPLETED
3179,738159,6325,14:20:23,07:54:03,COMPLETED
3180,102786,4622,15:31:07,04:58:02,DROPPED
3181,989954,9631,22:43:47,09:58:04,DROPPED
3182,238625,8628,18:13:11,05:57:44,COMPLETED
3183,433247,8666,04:12:35,08:46:49,FAILED
3184,283055,5691,20:05:25,19:26:52,FAILED
3185,975592,7725,14:57:18,17:58:50,FAILED
3186,418706,2285,09:56:37,21:30:42,COMPLETED
3187,573510,5406,08:01:02,05:55:00,DROPPED
3188,733604,5986,06:49:53,03:03:14,COMPLETED
3189,472465,7159,01:04:41,12:19:25,DROPPED
3190,426706,8903,19:30:22,22:35:48,FAILED
3191,835887,6419,12:12:31,23:45:06,FAILED
3192,829745,7779,11:38:43,00:34:26,COMPLETED
3193,869817,4583,04:59:15,13:03:54,FAILED
3194,319756,6318,13:55:04,05:35:30,FAILED
3195,636689,6688,06:44:34,13:11:34,DROPPED
3196,355260,3890,20:26:30,23:19:33,FAILED
3197,544134,3920,00:40:43,08:18:20,FAILED
3198,573636,3700,18:49:18,15:30:25,DROPPED
3199,872563,1570,20:57:45,04:43:02,COMPLETED
3200,691291,7818,17:20:19,15:12:13,DROPPED
3201,373411,1422,15:26:03,22:41:32,FAILED
3202,109474,2410,02:32:10,23:51:57,COMPLETED
3203,512568,1665,14:38:28,01:15:04,FAILED
3204,290439,2679,03:06:25,11:55:57,FAILED
3205,748916,8873,10:35:21,02:54:07,FAILED
3206,106547,8552,11:57:27,09:01:23,COMPLETED
3207,437736,3935,07:22:59,19:20:05,COMPLETED
3208,485512,6654,05:18:06,18:25:55,DROPPED
3209,703580,4118,23:30:42,04:37:45,FAILED
3210,931231,6507,09:18:38,10:34:13,DROPPED
3211,128596,1999,05:36:27,15:30:20,FAILED
3212,832299,5482,12:09:03,05:11:56,FAILED
3213,334014,1382,22:55:23,07:43:18,FAILED
3214,627693,8662,22:43:34,15:33:42,COMPLETED
3215,160329,2117,04:47:28,09:31:52,FAILED
3216,661790,2178,10:43:28,04:25:39,DROPPED
3217,588658,2905,03:03:23,15:55:48,FAILED
3218,341802,6973,13:28:29,02:32:00,DROPPED
3219,178651,9916,08:49:39,14:55:10,DROPPED
3220,999237,6932,18:01:01,23:11:47,FAILED
3221,351829,9140,00:32:23,01:12:30,DROPPED
3222,919038,9928,00:04:40,13:59:36,COMPLETED
3223,719749,4695,14:16:19,05:59:31,COMPLETED
3224,166539,2366,21:45:22,15:57:49,DROPPED
3225,400865,4597,00:02:19,19:20:49,DROPPED
3226,908631,2994,08:01:22,18:00:57,FAILED
3227,167115,3251,23:00:42,19:50:15,DROPPED
3228,401061,4304,03:04:20,22:49:38,COMPLETED
3229,544833,2662,15:54:01,17:04:19,DROPPED
3230,694735,2982,10:16:04,04:15:25,FAILED
3231,140027,2815,19:24:52,07:45:02,DROPPED
3232,342828,9045,13:23:59,22:06:58,FAILED
3233,913121,8995,00:42:04,04:41:08,COMPLETED
3234,491713,3662,21:07:32,00:11:58,DROPPED
3235,525722,5616,05:57:40,11:09:25,FAILED
3236,432248,7975,10:20:33,08:28:49,COMPLETED
3237,573630,3107,14:41:36,23:05:42,DROPPED
3238,833531,1434,18:48:38,09:15:19,FAILED
3239,625735,5152,19:21:18,23:21:22,FAILED
3240,644215,1970,01:17:25,11:12:52,COMPLETED
3241,960977,8836,19:20:50,07:18:40,COMPLETED
3242,164539,1665,10:37:44,20:47:56,COMPLETED
3243,416236,6276,06:50:50,03:46:27,DROPPED
3244,489349,4313,15:42:25,09:32:37,DROPPED
3245,246478,9746,03:51:11,22:51:37,COMPLETED
3246,551876,9416,02:40:10,01:58:49,FAILED
3247,453484,4459,06:08:21,00:10:09,DROPPED
3248,966647,9601,08:42:10,16:10:41,COMPLETED
3249,403962,3138,05:00:34,20:28:26,DROPPED
3250,631923,2068,10:31:07,01:05:31,COMPLETED
3251,783876,2468,19:04:26,23:49:39,FAILED
3252,297572,6073,17:32:12,11:55:08,FAILED
3253,121006,4756,17:24:00,18:21:17,COMPLETED
3254,959615,1280,15:46:40,00:20:25,DROPPED
3255,971192,8794,01:24:20,18:42:26,FAILED
3256,299185,4775,04:47:23,08:53:29,DROPPED
3257,397234,5773,21:20:36,09:56:02,FAILED
3258,904561,5555,17:05:59,02:22:26,COMPLETED
3259,272241,6302,08:36:27,16:28:25,COMPLETED
3260,311599,8871,23:34:06,09:47:21,COMPLETED
3261,985247,9487,19:07:03,02:57:10,COMPLETED
3262,340867,2173,03:56:19,00:48:26,COMPLETED
3263,554405,7230,11:51:58,04:51:12,FAILED
3264,256585,3566,04:38:40,16:19:37,FAILED
3265,714634,6168,15:55:41,07:09:08,FAILED
3266,818478,1086,06:06:28,01:27:55,FAILED
3267,941373,8781,06:17:46,19:44:13,FAILED
3268,775847,6631,09:00:56,10:25:14,COMPLETED
3269,647252,6786,23:15:26,13:40:19,FAILED
3270,441368,5990,04:06:50,08:24:37,COMPLETED
3271,978470,6801,08:18:22,18:43:34,DROPPED
3272,710330,3282,02:31:46,13:16:06,COMPLETED
3273,767159,3144,19:04:42,08:41:09,COMPLETED
3274,232155,2031,04:30:51,21:44:02,FAILED
3275,847021,4535,13:17:21,03:51:22,FAILED
3276,133076,6555,14:30:09,10:30:52,COMPLETED
3277,786598,2595,14:01:26,01:54:27,FAILED
3278,933048,9982,10:16:52,13:48:29,COMPLETED
3279,691148,7641,13:23:32,12:33:09,FAILED
3280,222684,8464,22:35:18,17:50:00,COMPLETED
3281,948016,2026,05:22:52,04:49:18,DROPPED
3282,311125,7878,03:12:44,02:52:52,FAILED
3283,753748,4052,18:13:50,13:42:36,COMPLETED
3284,666596,5068,00:48:08,21:49:45,FAILED
3285,254656,8470,02:08:47,19:23:10,COMPLETED
3286,882162,5953,00:42:30,19:46:50,DROPPED
3287,522107,1606,01:19:16,20:29:40,FAILED
3288,712601,5846,14:27:30,08:59:40,FAILED
3289,265781,6515,17:16:06,07:04:48,FAILED
3290,522214,1745,20:51:50,18:03:27,COMPLETED
3291,513699,2059,00:21:09,09:10:05,DROPPED
3292,394545,7317,01:40:44,14:46:39,DROPPED
3293,595853,7925,14:43:16,05:00:54,FAILED
3294,903332,4817,03:37:18,12:59:47,DROPPED
3295,446877,3765,11:38:31,07:49:11,FAILED
3296,147741,7397,00:13:12,16:59:51,FAILED
3297,507453,9046,15:25:53,04:52:04,DROPPED
3298,697361,2493,21:38:05,01:51:14,DROPPED
3299,571381,8115,00:53:22,16:15:54,COMPLETED
3300,961381,9055,20:29:51,21:43:37,COMPLETED
3301,762840,4643,10:14:45,17:57:12,COMPLETED
3302,702475,4091,08:21:24,09:42:07,FAILED
3303,891240,4885,01:22:30,08:19:36,FAILED
3304,624265,6952,12:51:24,04:52:04,FAILED
3305,516917,1977,04:29:07,01:16:45,FAILED
3306,880333,7423,03:50:50,14:21:36,DROPPED
3307,113473,3514,07:41:56,14:55:49,DROPPED
3308,920424,5475,00:11:44,03:21:44,DROPPED
3309,944919,1509,18:19:41,09:15:55,DROPPED
3310,508185,2280,20:20:49,08:56:50,FAILED
3311,635269,7240,05:47:29,11:46:06,COMPLETED
3312,506184,8372,18:39:11,16:37:25,FAILED
3313,232428,3915,05:36:49,15:25:25,FAILED
3314,505372,8295,09:51:17,05:57:02,FAILED
3315,457132,3260,09:40:29,19:56:20,DROPPED
3316,391128,3913,00:48:50,20:13:55,DROPPED
3317,701265,8735,16:27:40,10:33:22,COMPLETED
3318,303872,3610,05:33:47,13:58:01,FAILED
3319,629201,4375,19:34:04,17:42:33,COMPLETED
3320,275175,8485,06:25:44,07:15:19,COMPLETED
3321,774785,5146,22:41:21,03:11:48,COMPLETED
3322,393868,3247,10:24:44,03:32:43,DROPPED
3323,259763,5277,00:33:03,13:31:02,COMPLETED
3324,536898,5093,15:48:26,12:20:26,DROPPED
3325,106262,7456,04:28:51,17:56:43,DROPPED
3326,933540,9589,04:29:06,22:26:01,DROPPED
3327,272992,2464,12:44:38,09:13:07,DROPPED
3328,848497,7232,19:27:08,12:51:23,FAILED
3329,431097,6377,13:05:54,00:12:18,COMPLETED
3330,118918,5059,21:07:11,05:06:33,FAILED
3331,366807,7301,05:56:25,00:18:47,DROPPED
3332,866272,1690,11:01:13,02:54:57,DROPPED
3333,554043,5759,21:43:51,14:37:18,COMPLETED
3334,518668,4991,02:31:34,23:34:50,COMPLETED
3335,982519,4427,14:05:49,05:27:24,DROPPED
3336,425831,7054,05:06:22,02:59:29,FAILED
3337,119367,5290,03:45:37,02:57:53,COMPLETED
3338,278195,7211,00:43:25,14:40:32,FAILED
3339,367146,9494,08:28:05,16:56:42,FAILED
3340,810919,9800,16:58:56,14:19:00,FAILED
3341,779002,1047,16:25:18,05:45:29,FAILED
3342,145959,6029,03:28:06,00:09:34,DROPPED
3343,360184,2804,09:51:47,03:08:58,DROPPED
3344,106495,3672,16:04:27,22:13:09,FAILED
3345,183277,2650,05:09:39,05:24:44,COMPLETED
3346,713892,1553,06:18:46,08:57:57,FAILED
3347,793799,7172,04:38:48,06:43:01,FAILED
3348,240977,9785,22:55:30,05:08:15,COMPLETED
3349,861938,4306,08:05:50,16:27:48,FAILED
3350,697691,5187,14:12:15,21:21:59,FAILED
3351,691263,8837,18:54:59,10:48:08,DROPPED
3352,235210,5853,12:53:44,09:20:31,DROPPED
3353,937273,6157,22:44:24,10:30:02,DROPPED
3354,584877,5021,22:50:08,22:51:53,COMPLETED
3355,654334,6867,23:37:04,21:30:00,FAILED
3356,331143,7590,10:28:39,09:37:28,COMPLETED
3357,564844,3878,05:22:56,18:46:31,DROPPED
3358,737032,4129,04:11:25,23:52:20,DROPPED
3359,248898,4472,19:03:57,12:30:35,DROPPED
3360,577286,9861,20:41:16,19:08:53,FAILED
3361,686052,8031,05:50:43,04:20:13,FAILED
3362,522694,2413,08:24:40,06:37:53,FAILED
3363,193348,7578,00:44:21,00:22:33,FAILED
3364,474149,7849,11:39:09,13:27:48,DROPPED
3365,789083,3900,18:01:00,19:09:24,FAILED
3366,217835,8044,16:43:56,22:53:41,DROPPED
3367,680196,6000,15:01:01,22:42:06,DROPPED
3368,248978,5736,09:35:39,19:44:47,COMPLETED
3369,350744,2439,19:16:13,01:18:59,DROPPED
3370,813893,3837,17:28:07,12:40:58,FAILED
3371,697503,5463,05:49:43,17:01:03,FAILED
3372,544025,2978,16:41:41,08:10:11,COMPLETED
3373,353603,4205,10:01:28,14:53:13,FAILED
3374,994803,1987,23:20:46,07:09:33,COMPLETED
3375,510178,5226,03:13:28,04:15:51,DROPPED
3376,719697,1983,22:11:13,00:41:47,COMPLETED
3377,339951,1673,20:44:46,14:33:45,COMPLETED
3378,756213,6391,15:34:06,06:31:20,COMPLETED
3379,786057,8096,18:12:22,17:23:52,DROPPED
3380,534691,9744,13:24:08,14:42:17,DROPPED
3381,481071,9098,20:02:44,08:28:24,COMPLETED
3382,791886,1891,16:21:54,07:42:54,COMPLETED
3383,716481,4423,01:49:09,19:58:57,COMPLETED
3384,481571,3512,23:30:24,00:17:40,DROPPED
3385,662041,7449,06:49:15,06:43:58,DROPPED
3386,960455,3280,09:31:34,05:28:13,COMPLETED
3387,224103,1920,15:55:14,23:18:43,DROPPED
3388,328087,6358,16:59:20,12:39:39,DROPPED
3389,479451,1548,19:40:18,21:22:23,DROPPED
3390,678783,4124,15:39:37,21:50:09,COMPLETED
3391,504685,2066,10:03:06,03:00:35,DROPPED
3392,280587,6699,07:28:51,02:55:09,COMPLETED
3393,612010,8286,17:07:13,22:40:47,FAILED
3394,407355,2539,21:48:32,05:28:56,COMPLETED
3395,277905,7785,07:06:32,22:32:18,COMPLETED
3396,122167,1237,08:15:19,19:20:07,COMPLETED
3397,165015,8586,11:55:39,00:59:06,DROPPED
3398,496497,5074,21:07:03,21:20:17,DROPPED
3399,832201,9396,18:33:44,17:53:51,FAILED
3400,673871,4344,10:11:28,20:39:40,DROPPED
3401,393031,6553,21:19:57,04:28:58,FAILED
3402,106131,1991,04:05:23,20:20:27,DROPPED
3403,970246,6333,20:48:38,04:48:56,DROPPED
3404,400385,2657,20:16:14,09:43:19,DROPPED
3405,594635,6914,04:51:20,05:14:31,DROPPED
3406,362236,3637,04:57:42,18:47:16,FAILED
3407,438608,8031,21:26:39,13:34:18,DROPPED
3408,157375,4287,02:20:17,12:53:55,DROPPED
3409,638699,3549,13:28:45,12:07:38,COMPLETED
3410,110621,3247,09:08:17,05:37:13,DROPPED
3411,551423,7030,06:55:03,10:01:21,COMPLETED
3412,852285,6286,20:49:49,10:05:37,FAILED
3413,239347,8190,03:10:56,13:56:41,COMPLETED
3414,117903,7846,11:13:10,07:19:02,FAILED
3415,867462,7845,23:23:14,23:58:14,FAILED
3416,186034,3340,04:52:54,22:06:05,FAILED
3417,835300,3516,12:39:10,07:41:43,DROPPED
3418,262758,9517,04:30:51,05:39:05,FAILED
3419,368571,5774,13:15:37,00:53:13,DROPPED
3420,290081,9688,03:07:42,11:51:32,COMPLETED
3421,519229,2350,11:19:44,22:12:13,FAILED
3422,726199,3537,22:17:43,08:02:48,FAILED
3423,688822,5785,14:24:30,04:59:06,DROPPED
3424,922040,9828,04:18:34,03:21:40,DROPPED
3425,749069,4872,13:35:45,06:59:00,COMPLETED
3426,805039,1564,09:20:35,04:13:53,COMPLETED
3427,554386,5546,07:49:43,15:59:57,DROPPED
3428,150454,8301,11:28:22,20:53:42,DROPPED
3429,202664,8574,20:05:50,05:24:17,FAILED
3430,517668,9464,04:12:26,13:16:51,DROPPED
3431,875879,4859,18:20:10,08:16:27,COMPLETED
3432,191298,6693,04:23:25,21:40:10,DROPPED
3433,811123,1785,12:00:53,05:03:47,FAILED
3434,790951,8504,09:26:48,10:23:03,DROPPED
3435,282055,4284,15:02:49,19:50:48,FAILED
3436,269638,7899,07:09:50,13:08:03,COMPLETED
3437,704554,4228,19:07:29,08:05:42,DROPPED
3438,266403,8286,05:32:24,16:20:43,COMPLETED
3439,777676,4729,17:03:07,12:38:20,FAILED
3440,819946,3493,15:43:32,21:30:00,FAILED
3441,381752,5278,06:31:34,13:03:23,DROPPED
3442,408582,5947,02:51:11,08:18:13,DROPPED
3443,655495,5778,05:51:51,12:59:20,DROPPED
3444,143859,1238,09:38:56,11:10:37,FAILED
3445,323965,5243,19:23:11,11:57:18,COMPLETED
3446,342214,1479,19:06:06,19:39:08,FAILED
3447,753425,9280,18:37:23,18:39:02,FAILED
3448,248743,5894,13:20:36,12:31:19,FAILED
3449,995594,9889,01:17:56,11:01:19,FAILED
3450,767670,8961,14:09:19,17:33:28,DROPPED
3451,138540,8856,22:40:14,01:19:09,FAILED
3452,908617,1664,08:19:58,05:00:25,DROPPED
3453,226983,6351,19:53:29,11:49:44,DROPPED
3454,847188,9544,22:33:06,13:37:23,FAILED
3455,393342,4436,17:52:23,22:54:40,FAILED
3456,395607,3087,06:39:42,05:03:21,COMPLETED
3457,216193,2659,12:28:12,03:03:28,FAILED
3458,821449,6604,12:07:39,18:18:54,COMPLETED
3459,965169,1219,14:17:30,19:47:05,FAILED
3460,224440,8626,17:47:45,10:10:23,COMPLETED
3461,197212,2416,09:01:04,07:03:27,DROPPED
3462,279797,1823,07:27:17,04:38:20,DROPPED
3463,329719,4280,20:14:21,03:12:51,COMPLETED
3464,326118,9916,00:20:46,10:05:03,DROPPED
3465,481683,3101,22:02:45,18:00:26,COMPLETED
3466,255514,7781,06:06:49,12:49:56,DROPPED
3467,116722,9332,07:52:14,12:42:24,DROPPED
3468,799896,5463,02:27:18,06:31:29,DROPPED
3469,275517,1345,04:17:58,05:03:57,DROPPED
3470,464230,3457,18:09:19,03:50:49,DROPPED
3471,781245,5886,05:57:52,07:12:43,FAILED
3472,622725,7812,07:26:43,12:58:29,FAILED
3473,704581,8449,18:27:54,15:17:08,COMPLETED
3474,845601,3154,20:43:10,08:56:54,COMPLETED
3475,718607,1205,09:41:26,11:15:06,FAILED
3476,501045,9387,08:36:40,04:35:05,DROPPED
3477,194205,5806,08:38:46,23:42:24,DROPPED
3478,738645,5359,17:46:06,17:52:12,FAILED
3479,926337,4443,04:04:30,18:45:57,COMPLETED
3480,274013,6104,22:38:02,20:52:01,FAILED
3481,829804,2503,00:13:20,01:39:14,FAILED
3482,607725,1194,07:46:17,15:09:52,DROPPED
3483,953334,7544,03:02:16,17:28:01,COMPLETED
3484,987266,2845,22:16:12,00:40:20,COMPLETED
3485,759019,5912,05:38:22,00:15:24,COMPLETED
3486,544190,6425,11:48:52,07:43:45,COMPLETED
3487,762961,9378,06:12:43,02:08:10,FAILED
3488,471926,7039,22:13:48,14:21:40,COMPLETED
3489,460733,8651,22:12:17,17:19:01,COMPLETED
3490,542932,4871,04:06:49,02:26:43,COMPLETED
3491,267122,4940,08:47:25,00:42:00,DROPPED
3492,813060,2281,04:05:54,23:41:13,COMPLETED
3493,536842,4322,22:26:03,02:21:35,COMPLETED
3494,186669,7150,16:00:43,03:42:41,COMPLETED
3495,703912,4108,10:08:15,01:46:01,COMPLETED
3496,214271,5274,22:44:34,07:38:30,DROPPED
3497,820333,9638,03:35:27,11:34:27,COMPLETED
3498,610432,3016,06:24:28,10:21:12,DROPPED
3499,744838,2343,20:30:05,01:08:14,FAILED
3500,717660,5451,14:12:48,23:34:41,COMPLETED
3501,124365,7807,04:45:08,08:30:29,FAILED
3502,125456,8817,18:35:52,10:53:16,COMPLETED
3503,338307,7859,06:47:15,00:12:39,COMPLETED
3504,993041,7579,01:44:48,03:56:39,FAILED
3505,573257,5799,19:23:13,00:57:11,COMPLETED
3506,270922,2659,22:05:23,11:57:10,DROPPED
3507,662846,2099,23:38:00,18:30:57,FAILED
3508,907923,6089,00:22:40,08:14:15,DROPPED
3509,784554,8608,17:50:03,09:43:35,DROPPED
3510,765191,4815,13:08:34,01:15:48,FAILED
3511,884471,5309,08:14:38,02:30:08,COMPLETED
3512,441604,2364,18:25:43,07:33:26,FAILED
3513,201270,5945,12:41:31,04:24:45,FAILED
3514,585271,3652,06:48:57,10:59:08,FAILED
3515,381485,6199,08:48:32,05:29:24,FAILED
3516,410025,2353,02:33:12,14:59:23,FAILED
3517,272570,4782,20:38:05,07:52:46,COMPLETED
3518,163922,4789,03:31:32,03:36:16,DROPPED
3519,545453,5226,22:19:23,02:22:02,DROPPED
3520,682170,6155,07:22:11,04:20:07,COMPLETED
3521,809958,8900,15:03:01,23:07:06,COMPLETED
3522,181791,4586,10:33:40,01:42:15,COMPLETED
3523,549791,3078,07:28:05,11:15:12,FAILED
3524,697446,2409,11:14:41,00:12:28,FAILED
3525,703429,5520,05:34:18,13:58:16,DROPPED
3526,767559,3178,16:43:49,19:24:04,COMPLETED
3527,130685,3648,20:47:49,15:58:14,FAILED
3528,721941,4865,15:16:17,17:35:17,DROPPED
3529,923271,4045,14:54:31,19:32:54,FAILED
3530,418177,1776,04:25:19,01:34:59,FAILED
3531,550546,3728,02:32:23,20:02:33,FAILED
3532,542004,7664,11:52:03,23:30:08,FAILED
3533,522718,9039,22:24:35,12:23:42,DROPPED
3534,919518,5872,10:04:18,16:23:57,FAILED
3535,865908,6131,17:18:24,19:28:06,FAILED
3536,209784,3577,01:18:09,09:58:48,FAILED
3537,221439,1935,10:46:22,22:39:31,DROPPED
3538,318916,7631,03:07:30,05:57:02,FAILED
3539,275197,5014,19:50:08,18:26:11,COMPLETED
3540,642506,3334,08:58:17,17:26:58,COMPLETED
3541,480783,6997,19:59:48,10:06:01,DROPPED
3542,384545,2082,18:20:30,18:57:20,COMPLETED
3543,537785,3526,03:06:51,07:12:11,COMPLETED
3544,129747,1636,13:36:21,11:50:39,DROPPED
3545,471995,1782,04:31:22,11:43:19,DROPPED
3546,374384,2482,05:53:51,17:51:02,FAILED
3547,713131,2882,01:29:40,05:02:06,FAILED
3548,512824,9861,14:19:08,15:56:35,FAILED
3549,864925,8311,08:04:55,01:50:27,DROPPED
3550,533874,7499,21:13:23,12:40:29,FAILED
3551,287537,8410,08:45:36,09:03:52,FAILED
3552,218803,7585,19:41:35,20:14:00,FAILED
3553,275060,7937,22:55:59,06:05:16,COMPLETED
3554,711855,1926,20:01:59,05:51:21,COMPLETED
3555,984400,9055,21:58:47,16:18:40,DROPPED
3556,920668,3206,11:19:38,12:48:38,COMPLETED
3557,165371,4096,19:58:56,19:15:50,COMPLETED
3558,492375,9196,22:56:21,23:00:38,FAILED
3559,215220,5837,17:51:47,12:53:15,FAILED
3560,122068,5512,03:51:32,08:52:18,FAILED
3561,917415,6475,01:52:51,08:30:43,COMPLETED
3562,293163,9957,00:14:11,16:00:49,FAILED
3563,945874,2279,17:19:24,10:19:50,FAILED
3564,808831,5865,15:26:21,17:30:05,FAILED
3565,627528,8876,13:15:15,00:38:36,FAILED
3566,814161,8820,05:50:46,00:31:14,DROPPED
3567,415287,8685,23:07:46,05:09:20,FAILED
3568,140930,9422,00:19:18,06:38:33,COMPLETED
3569,229837,6439,21:57:35,18:52:00,COMPLETED
3570,920339,7376,09:18:33,01:09:35,FAILED
3571,118911,3480,04:06:47,14:22:41,DROPPED
3572,798888,9831,05:29:55,00:02:18,DROPPED
3573,491566,1993,08:29:14,22:28:08,DROPPED
3574,430491,5324,14:56:29,13:30:20,FAILED
3575,526973,5583,07:17:03,00:01:31,COMPLETED
3576,931727,7198,23:35:19,22:50:15,FAILED
3577,544901,5435,14:30:59,15:54:35,COMPLETED
3578,486411,5734,17:30:35,21:30:56,FAILED
3579,837670,2632,04:22:35,03:39:13,COMPLETED
3580,531143,5431,02:37:38,14:51:52,COMPLETED
3581,817851,9638,09:00:39,13:37:09,DROPPED
3582,797301,3830,14:52:21,07:41:05,COMPLETED
3583,574293,7480,08:30:50,08:26:54,FAILED
3584,246538,9391,06:21:04,17:55:44,COMPLETED
3585,651690,3403,00:30:57,21:43:31,DROPPED
3586,544001,7402,11:49:21,10:54:19,FAILED
3587,994782,3362,06:50:48,23:06:54,DROPPED
3588,372444,8328,11:13:50,10:25:16,DROPPED
3589,814511,5256,17:43:41,11:10:03,COMPLETED
3590,130814,2950,01:30:10,04:23:33,FAILED
3591,547706,9269,00:18:45,10:15:05,COMPLETED
3592,909234,1133,11:48:35,22:16:16,DROPPED
3593,903436,8326,05:06:55,22:43:23,COMPLETED
3594,116646,1638,03:10:52,03:44:55,DROPPED
3595,537813,9633,01:31:40,11:25:56,FAILED
3596,842158,4326,03:27:03,17:55:24,COMPLETED
3597,431141,1768,03:20:53,04:44:45,FAILED
3598,569691,2446,23:58:13,13:31:57,DROPPED
3599,118810,8558,12:18:55,06:18:55,DROPPED
3600,799079,7642,14:14:46,18:39:51,DROPPED
3601,717702,7591,14:31:06,00:20:16,FAILED
3602,890205,7981,16:17:48,03:01:21,COMPLETED
3603,433880,6205,03:12:29,16:14:27,COMPLETED
3604,799723,5952,14:43:23,00:32:06,FAILED
3605,281479,8539,17:27:03,14:33:29,DROPPED
3606,159782,5188,12:50:03,14:47:43,COMPLETED
3607,176031,4533,04:11:52,03:22:29,DROPPED
3608,129636,1576,08:05:00,01:04:32,COMPLETED
3609,435659,6958,01:12:44,01:57:04,COMPLETED
3610,130538,5051,00:36:02,04:01:02,COMPLETED
3611,233170,2314,12:17:44,02:09:49,DROPPED
3612,568511,8742,03:36:12,16:34:43,FAILED
3613,190799,7394,10:11:25,04:17:20,COMPLETED
3614,964005,6209,02:06:15,10:17:59,COMPLETED
3615,617649,1724,21:31:23,23:14:06,FAILED
3616,314203,6667,03:37:15,11:04:33,DROPPED
3617,590458,5849,18:04:32,03:20:06,COMPLETED
3618,617564,2862,07:47:58,23:50:45,DROPPED
3619,924904,3407,15:01:19,07:47:58,DROPPED
3620,549386,1394,09:10:20,05:51:58,COMPLETED
3621,763578,7525,23:44:22,17:29:44,FAILED
3622,287949,3284,03:11:00,05:37:07,COMPLETED
3623,401096,3796,21:17:28,03:25:38,FAILED
3624,165084,2897,01:11:25,12:06:43,FAILED
3625,368574,1266,15:27:15,12:58:44,COMPLETED
3626,233105,2811,19:07:31,03:56:21,COMPLETED
3627,841989,7391,19:31:51,13:31:44,DROPPED
3628,737270,2893,01:18:39,11:34:49,FAILED
3629,918534,9769,01:47:28,20:27:21,COMPLETED
3630,217977,9320,20:50:08,17:03:32,FAILED
3631,654498,3402,02:45:53,03:28:39,COMPLETED
3632,223446,1280,15:55:58,06:42:07,COMPLETED
3633,291773,5931,19:21:11,19:12:38,FAILED
3634,347388,4721,01:27:30,06:48:13,FAILED
3635,944712,7556,21:05:10,02:45:31,FAILED
3636,714671,1795,14:00:49,12:31:38,FAILED
3637,741359,8015,07:17:22,08:44:41,FAILED
3638,126923,6968,21:15:31,18:16:48,FAILED
3639,996014,3991,20:06:46,06:53:33,DROPPED
3640,493088,2305,22:59:13,18:04:32,FAILED
3641,144316,7224,23:32:17,18:51:30,COMPLETED
3642,403399,7486,21:25:21,10:08:28,FAILED
3643,476711,7862,06:06:00,02:27:14,COMPLETED
3644,850367,8257,11:20:18,01:53:31,COMPLETED
3645,389979,7130,05:47:03,21:55:57,FAILED
3646,281482,9269,09:02:04,00:04:14,DROPPED
3647,492482,1453,02:50:57,12:08:17,DROPPED
3648,544942,9917,05:00:29,20:21:54,DROPPED
3649,804053,2807,14:55:33,04:00:31,COMPLETED
3650,109972,7823,22:25:02,03:47:59,COMPLETED
3651,432169,2038,14:55:16,05:27:24,DROPPED
3652,503131,4847,10:23:13,13:55:40,FAILED
3653,487787,6472,09:01:08,17:19:37,DROPPED
3654,289726,1226,07:09:45,19:29:47,DROPPED
3655,907679,9929,18:40:25,10:16:21,COMPLETED
3656,289961,8474,09:24:29,11:33:31,COMPLETED
3657,342964,3587,02:51:01,14:16:53,DROPPED
3658,840692,2767,07:34:02,19:39:23,COMPLETED
3659,992581,6943,11:59:11,10:55:11,FAILED
3660,870311,4417,10:41:03,15:18:27,COMPLETED
3661,815912,4601,10:10:35,21:52:58,COMPLETED
3662,817377,3189,01:17:45,08:06:07,DROPPED
3663,975815,7404,01:09:02,09:40:06,FAILED
3664,801248,9199,00:43:13,20:29:25,COMPLETED
3665,269546,5976,12:44:05,10:14:14,COMPLETED
3666,201780,6495,19:26:32,12:50:36,FAILED
3667,160696,8954,04:40:13,20:57:53,FAILED
3668,616411,9594,10:01:47,16:55:46,COMPLETED
3669,635958,4076,09:15:48,11:03:20,FAILED
3670,342561,1825,21:39:45,00:27:17,DROPPED
3671,425050,3996,15:33:28,15:00:54,COMPLETED
3672,825388,7663,17:56:29,10:47:11,COMPLETED
3673,281553,5429,01:20:27,05:02:01,DROPPED
3674,843884,1681,09:27:01,15:48:46,DROPPED
3675,331115,7279,11:50:26,21:20:04,DROPPED
3676,700641,9081,10:47:24,18:18:20,DROPPED
3677,365409,3966,17:33:17,13:56:42,DROPPED
3678,194552,1414,06:27:28,21:59:41,DROPPED
3679,507930,8491,17:25:17,19:10:38,FAILED
3680,650612,7035,10:57:32,05:43:30,COMPLETED
3681,589125,8886,10:40:39,12:01:47,DROPPED
3682,804289,5918,16:04:47,03:12:04,DROPPED
3683,966753,4149,16:23:39,23:50:55,FAILED
3684,912405,7739,00:58:04,09:29:30,COMPLETED
3685,249652,5871,23:30:09,10:04:31,COMPLETED
3686,654180,4229,05:09:33,01:59:55,COMPLETED
3687,964007,5726,21:04:07,12:07:02,FAILED
3688,805099,2921,01:19:27,05:03:20,DROPPED
3689,813170,6753,07:48:46,03:08:13,COMPLETED
3690,754774,2372,04:39:36,03:42:58,FAILED
3691,920508,3830,12:10:45,21:59:33,FAILED
3692,372766,9339,19:09:18,17:39:30,DROPPED
3693,816415,7568,18:32:29,18:07:19,FAILED
3694,130111,4635,00:21:02,04:54:03,COMPLETED
3695,924618,5651,13:14:28,00:43:08,COMPLETED
3696,845254,3925,11:52:40,00:47:04,DROPPED
3697,505233,9071,13:02:24,20:00:55,DROPPED
3698,565821,8419,03:12:29,01:33:17,FAILED
3699,225973,2371,14:09:24,23:10:55,DROPPED
3700,258748,9367,22:35:49,00:03:07,FAILED
3701,659703,8852,06:54:00,23:49:11,COMPLETED
3702,124774,3435,08:56:00,12:04:45,DROPPED
3703,483225,8370,03:03:09,10:03:16,COMPLETED
3704,588630,9590,13:44:52,02:37:09,DROPPED
3705,674821,4901,02:42:58,10:27:44,COMPLETED
3706,707162,3598,07:59:26,12:58:03,COMPLETED
3707,859599,9494,03:50:48,04:33:45,DROPPED
3708,634336,9214,01:14:23,12:01:23,COMPLETED
3709,825937,9843,10:15:09,00:43:47,COMPLETED
3710,504599,1611,04:24:58,14:29:52,DROPPED
3711,622210,2390,23:29:00,05:55:06,DROPPED
3712,205801,1225,14:06:00,16:30:44,COMPLETED
3713,511789,8327,07:26:39,10:14:43,COMPLETED
3714,992845,6244,11:44:25,15:46:07,COMPLETED
3715,729968,4186,13:36:31,19:56:19,DROPPED
3716,873479,3538,01:32:00,16:30:32,DROPPED
3717,738232,4004,06:20:08,16:09:05,COMPLETED
3718,825450,2630,01:11:00,21:09:34,COMPLETED
3719,326665,2371,08:44:38,17:52:19,DROPPED
3720,764587,5380,23:31:49,02:19:45,COMPLETED
3721,707519,9929,13:34:09,22:34:53,COMPLETED
3722,557078,9693,15:43:13,23:20:17,COMPLETED
3723,288695,6204,10:51:42,13:30:37,COMPLETED
3724,376879,7515,17:24:05,05:08:36,COMPLETED
3725,469701,7715,23:22:10,05:09:25,FAILED
3726,626457,4490,12:27:20,13:48:55,COMPLETED
3727,477609,2217,03:26:48,09:43:48,FAILED
3728,113220,1483,17:00:11,09:12:55,COMPLETED
3729,440642,6871,03:29:41,14:54:53,COMPLETED
3730,427246,4703,17:10:13,23:07:50,FAILED
3731,915310,9460,05:15:31,22:48:45,COMPLETED
3732,764851,8666,18:34:48,21:03:24,DROPPED
3733,549730,8664,04:00:58,05:34:35,DROPPED
3734,592853,6204,15:56:02,23:39:42,COMPLETED
3735,933790,8070,02:14:14,00:39:46,DROPPED
3736,806465,5882,05:54:30,08:43:43,DROPPED
3737,351197,2481,19:20:49,13:56:54,COMPLETED
3738,633615,4273,04:09:36,18:37:52,FAILED
3739,754173,6993,15:23:34,15:44:10,COMPLETED
3740,473824,2388,05:28:51,03:51:42,DROPPED
3741,841364,7146,04:27:19,01:45:33,COMPLETED
3742,178378,9803,22:11:04,06:51:41,FAILED
3743,782370,9359,07:53:45,08:44:29,DROPPED
3744,475258,1102,22:52:48,00:08:29,DROPPED
3745,708038,9060,02:40:05,11:36:25,COMPLETED
3746,728020,4999,12:22:24,16:15:16,FAILED
3747,447516,1230,20:40:22,21:37:53,COMPLETED
3748,555297,3769,03:32:33,01:02:23,COMPLETED
3749,667073,5111,00:28:52,04:03:14,COMPLETED
3750,174588,9145,09:33:24,11:25:38,DROPPED
3751,153788,5027,05:09:20,00:14:22,COMPLETED
3752,535731,5755,18:56:25,13:19:37,FAILED
3753,416864,2584,12:37:16,16:03:28,COMPLETED
3754,246917,6179,09:29:26,22:19:14,FAILED
3755,697033,9363,20:15:12,00:53:53,COMPLETED
3756,765757,8831,07:51:01,15:01:49,FAILED
3757,654530,4340,02:17:53,21:40:23,COMPLETED
3758,304500,8920,03:38:27,00:12:56,FAILED
3759,478333,1930,19:16:37,11:52:54,DROPPED
3760,587423,4173,01:57:17,08:47:45,DROPPED
3761,617548,7489,03:19:30,00:27:34,FAILED
3762,997013,9725,13:48:20,22:42:22,COMPLETED
3763,196553,2266,11:10:06,16:01:47,COMPLETED
3764,841265,1065,14:45:11,11:36:33,COMPLETED
3765,332964,3378,08:53:35,21:54:01,FAILED
3766,718032,8209,02:02:03,06:07:41,DROPPED
3767,244403,3802,12:33:14,16:10:30,DROPPED
3768,300668,1111,16:22:01,04:18:55,FAILED
3769,902347,6308,21:58:59,04:05:30,FAILED
3770,546964,7033,06:05:51,06:52:04,DROPPED
3771,259547,3400,08:48:37,12:47:00,FAILED
3772,132005,6914,19:19:37,15:38:22,FAILED
3773,599692,1384,20:37:25,12:06:05,DROPPED
3774,871142,1571,01:52:55,16:04:22,FAILED
3775,699755,7330,17:27:44,11:58:56,COMPLETED
3776,756792,9163,07:33:58,02:36:56,DROPPED
3777,320328,8161,15:44:43,00:58:33,FAILED
3778,736391,5606,02:26:29,00:27:02,FAILED
3779,578466,3444,19:37:08,18:53:43,COMPLETED
3780,717025,3587,20:47:29,05:09:32,FAILED
3781,328491,7632,06:33:04,04:38:58,FAILED
3782,947084,3878,03:15:29,22:17:25,COMPLETED
3783,995329,8547,04:26:01,17:35:01,FAILED
3784,552497,4776,14:43:48,02:09:00,FAILED
3785,175748,6141,00:04:47,10:12:34,COMPLETED
3786,577386,9318,11:15:51,07:17:19,COMPLETED
3787,831817,9503,14:59:04,04:25:29,COMPLETED
3788,649882,4936,22:16:03,11:41:45,FAILED
3789,548479,6546,04:23:38,14:15:17,FAILED
3790,980863,2333,08:58:37,06:19:37,FAILED
3791,625688,6918,20:57:58,18:44:33,FAILED
3792,585952,6073,23:16:12,15:49:27,FAILED
3793,426014,9971,22:32:09,07:38:04,DROPPED
3794,996561,9664,00:01:51,13:24:02,COMPLETED
3795,498535,1336,11:45:16,06:07:08,DROPPED
3796,553939,2056,07:11:14,01:06:41,DROPPED
3797,668513,9452,01:14:52,18:02:07,DROPPED
3798,689797,9211,06:54:30,19:52:48,FAILED
3799,116744,1775,17:31:56,17:34:09,COMPLETED
3800,172192,6479,06:13:14,23:26:12,DROPPED
3801,862809,4640,13:05:25,15:33:25,COMPLETED
3802,875189,4275,08:04:09,13:52:05,FAILED
3803,938185,8601,06:18:32,13:05:21,DROPPED
3804,385837,6991,13:32:56,08:18:45,COMPLETED
3805,876153,6973,07:18:45,22:33:32,FAILED
3806,410102,1005,09:29:28,16:35:12,FAILED
3807,628140,9522,15:55:22,14:33:51,FAILED
3808,989527,6200,06:37:03,10:20:04,FAILED
3809,312960,8048,14:04:14,14:43:21,DROPPED
3810,265222,5595,21:54:32,06:20:56,COMPLETED
3811,197122,7967,11:35:13,00:28:38,COMPLETED
3812,773214,4415,05:29:19,01:55:02,DROPPED
3813,655632,3916,19:26:07,23:34:21,FAILED
3814,566684,3470,19:47:05,15:52:16,COMPLETED
3815,624949,5315,17:02:53,05:32:51,FAILED
3816,604629,6010,01:30:24,00:34:37,FAILED
3817,835272,7295,21:01:34,19:00:21,FAILED
3818,130984,5620,18:45:36,20:54:05,DROPPED
3819,794210,4410,13:51:20,18:17:00,COMPLETED
3820,771398,7722,03:22:47,22:55:36,DROPPED
3821,732462,4653,15:44:10,00:32:43,FAILED
3822,348363,3785,20:39:14,06:52:37,DROPPED
3823,396680,3368,15:07:21,07:55:59,FAILED
3824,846711,6508,21:23:08,07:54:39,FAILED
3825,243863,2410,06:56:17,02:43:55,FAILED
3826,711685,6138,11:49:58,15:11:53,DROPPED
3827,697143,6181,20:15:52,09:04:27,COMPLETED
3828,424290,6924,00:35:22,07:17:13,FAILED
3829,839644,8495,00:57:04,02:29:11,DROPPED
3830,435150,5487,08:16:31,21:02:02,COMPLETED
3831,728647,9770,07:13:21,16:18:14,DROPPED
3832,172801,8134,18:57:35,12:52:22,DROPPED
3833,980968,6523,01:01:55,22:49:43,COMPLETED
3834,876584,2640,14:40:10,21:41:40,FAILED
3835,942907,5331,12:29:06,00:14:01,DROPPED
3836,724617,2421,20:12:57,01:00:51,COMPLETED
3837,560479,6621,08:23:01,19:23:31,FAILED
3838,976477,9675,02:31:29,10:42:53,COMPLETED
3839,949296,3881,12:31:42,02:07:49,COMPLETED
3840,260933,5527,07:10:23,18:07:26,DROPPED
3841,400422,7434,22:46:58,02:00:14,FAILED
3842,295020,6887,09:11:47,01:23:54,DROPPED
3843,230056,2676,17:42:19,23:20:08,FAILED
3844,252566,7342,04:28:26,01:59:24,COMPLETED
3845,588419,2076,12:03:31,20:23:12,DROPPED
3846,576987,8050,12:54:45,08:23:23,FAILED
3847,209463,8206,18:53:27,04:32:30,DROPPED
3848,917306,3588,04:58:44,16:44:16,FAILED
3849,570797,5380,08:41:34,17:09:33,DROPPED
3850,309738,8554,20:21:33,05:16:35,COMPLETED
3851,734355,7246,02:40:05,19:32:17,DROPPED
3852,275900,4997,18:47:37,04:57:05,COMPLETED
3853,333117,8531,15:12:13,01:39:29,DROPPED
3854,360483,1575,15:11:04,10:40:57,FAILED
3855,537122,7090,14:42:41,21:56:18,DROPPED
3856,699453,9734,16:40:06,01:13:15,DROPPED
3857,263046,7935,18:22:05,15:11:03,COMPLETED
3858,156156,6435,02:04:35,05:04:47,FAILED
3859,211235,6801,00:51:05,21:56:12,DROPPED
3860,665665,3776,07:34:26,01:16:14,DROPPED
3861,186484,8198,11:43:52,22:54:11,DROPPED
3862,803210,6327,16:45:05,10:16:53,COMPLETED
3863,292783,8248,03:46:21,23:59:17,DROPPED
3864,656433,8479,14:40:41,15:02:39,FAILED
3865,858103,3774,21:58:00,14:41:06,DROPPED
3866,152513,3436,09:35:49,15:50:23,FAILED
3867,994710,1212,07:40:08,13:04:51,DROPPED
3868,514307,3167,01:54:20,07:09:36,COMPLETED
3869,129945,1234,08:56:44,22:08:39,COMPLETED
3870,482852,3800,23:53:15,14:18:21,DROPPED
3871,530971,1040,18:51:08,03:48:42,COMPLETED
3872,503202,4171,03:25:05,22:38:43,COMPLETED
3873,219456,8460,07:37:01,14:28:28,COMPLETED
3874,541483,5469,07:18:41,08:18:29,FAILED
3875,499283,6005,05:20:14,06:40:31,COMPLETED
3876,451618,3735,01:05:49,23:52:48,DROPPED
3877,971652,5739,09:49:36,03:02:49,COMPLETED
3878,859045,8141,14:40:58,16:36:56,DROPPED
3879,486459,7383,07:06:04,12:51:04,DROPPED
3880,159955,2758,14:27:05,00:33:41,FAILED
3881,817404,2264,17:41:12,12:16:47,COMPLETED
3882,204864,6121,21:31:05,17:25:18,DROPPED
3883,306607,9272,05:17:41,21:37:10,DROPPED
3884,534001,5993,14:51:52,11:03:53,COMPLETED
3885,397344,2155,00:47:11,04:25:34,DROPPED
3886,601803,7430,14:55:22,10:50:22,DROPPED
3887,103301,8612,10:57:23,08:16:03,COMPLETED
3888,358196,2085,17:07:08,17:25:17,COMPLETED
3889,652929,4662,12:59:01,18:22:02,COMPLETED
3890,621885,5306,22:33:27,22:35:26,DROPPED
3891,448026,7740,09:38:34,22:24:40,FAILED
3892,130019,6171,15:55:57,13:22:04,FAILED
3893,158568,7020,08:03:16,05:04:05,COMPLETED
3894,535686,2628,23:53:44,03:23:53,DROPPED
3895,355438,3102,11:03:34,23:27:44,COMPLETED
3896,123860,8638,19:23:14,06:12:22,FAILED
3897,620104,8083,11:20:04,10:36:43,DROPPED
3898,670854,8832,18:38:55,07:25:33,COMPLETED
3899,761348,1341,22:48:42,21:15:09,FAILED
3900,155297,5376,11:13:42,11:31:03,FAILED
3901,465600,7329,09:01:21,05:59:51,FAILED
3902,855174,5216,13:36:47,15:03:02,DROPPED
3903,664463,8574,14:11:36,16:00:46,DROPPED
3904,544626,5511,21:23:25,12:22:39,FAILED
3905,260494,5606,09:14:36,20:16:03,DROPPED
3906,960997,3809,16:28:44,18:35:35,COMPLETED
3907,799609,8467,11:09:09,18:37:07,COMPLETED
3908,869555,5563,06:59:21,11:39:04,DROPPED
3909,493071,9713,07:03:26,08:48:54,COMPLETED
3910,727265,9286,23:50:40,06:35:46,DROPPED
3911,973147,6326,03:05:31,03:10:39,FAILED
3912,462910,6091,08:10:59,14:21:26,COMPLETED
3913,898093,8378,07:14:49,17:56:03,COMPLETED
3914,159645,4326,06:31:21,00:40:05,DROPPED
3915,710363,4268,00:29:56,08:56:33,DROPPED
3916,680980,7122,22:41:40,11:42:45,DROPPED
3917,182031,1103,02:16:10,11:25:04,COMPLETED
3918,911290,5452,11:11:02,07:32:11,COMPLETED
3919,546490,5487,01:27:52,16:17:59,COMPLETED
3920,774545,5916,02:00:15,09:11:46,COMPLETED
3921,978294,1329,16:46:33,12:31:47,DROPPED
3922,532059,5559,14:44:03,19:00:32,COMPLETED
3923,840988,5401,11:03:39,03:07:37,DROPPED
3924,284019,8341,22:42:33,09:15:53,COMPLETED
3925,781108,3509,15:59:18,06:43:13,DROPPED
3926,396802,1777,12:57:41,01:38:24,DROPPED
3927,684546,3131,04:31:04,19:30:03,DROPPED
3928,787048,9126,12:36:17,09:15:13,FAILED
3929,982845,8400,08:57:13,08:04:53,DROPPED
3930,696633,5291,22:46:30,20:01:54,DROPPED
3931,469055,2788,00:18:10,14:05:51,FAILED
3932,297249,3848,02:14:56,20:31:11,COMPLETED
3933,279587,2321,21:59:40,01:44:12,DROPPED
3934,878820,8602,09:20:13,02:22:39,COMPLETED
3935,900229,4390,01:22:15,09:39:28,DROPPED
3936,143830,1557,08:13:16,13:10:16,COMPLETED
3937,704742,3350,08:49:44,20:02:51,DROPPED
3938,943233,6053,07:23:21,06:04:23,COMPLETED
3939,999847,5488,15:04:29,07:14:43,COMPLETED
3940,884831,4600,21:36:36,05:00:32,DROPPED
3941,962850,5216,02:53:42,14:10:35,COMPLETED
3942,190869,3758,09:52:30,09:03:31,DROPPED
3943,780655,4821,22:30:55,09:27:39,COMPLETED
3944,713204,2136,16:54:55,10:00:13,FAILED
3945,313187,9469,10:26:19,01:56:41,COMPLETED
3946,390081,1001,14:18:48,16:50:05,DROPPED
3947,337720,2976,19:53:40,03:26:43,DROPPED
3948,781989,6883,18:46:10,10:37:56,DROPPED
3949,687072,6176,17:59:03,20:16:24,COMPLETED
3950,734708,6346,20:00:24,03:53:35,COMPLETED
3951,357747,5789,22:26:52,13:53:49,DROPPED
3952,921090,2360,08:04:09,23:58:49,COMPLETED
3953,285496,1908,10:42:57,16:27:59,COMPLETED
3954,131095,1665,17:33:34,04:50:00,FAILED
3955,280859,7671,04:56:53,22:43:35,DROPPED
3956,981686,2001,13:15:58,08:21:32,DROPPED
3957,333969,9013,07:55:16,03:18:15,DROPPED
3958,685854,4646,07:09:39,01:11:18,DROPPED
3959,852661,6679,23:05:16,08:10:20,FAILED
3960,819026,6898,18:37:24,18:53:57,COMPLETED
3961,876395,8460,03:04:52,07:04:35,FAILED
3962,111045,3631,20:46:54,14:35:32,COMPLETED
3963,956323,2637,11:04:46,12:32:09,DROPPED
3964,782525,5518,13:28:00,23:04:36,DROPPED
3965,193772,5096,13:31:28,21:12:01,DROPPED
3966,944918,1491,16:00:54,04:00:24,COMPLETED
3967,862622,3994,20:34:26,08:22:25,COMPLETED
3968,542963,1589,20:15:11,18:08:37,FAILED
3969,865952,9205,02:42:37,15:33:39,DROPPED
3970,653915,5126,07:54:56,10:26:38,FAILED
3971,851311,7516,05:39:09,07:36:06,DROPPED
3972,297333,7514,23:39:26,03:34:10,COMPLETED
3973,323277,5934,07:58:32,16:04:33,COMPLETED
3974,456389,6365,00:26:13,08:57:01,FAILED
3975,766096,3143,18:59:41,15:03:32,FAILED
3976,778814,6023,09:14:07,07:49:31,DROPPED
3977,811028,4596,22:58:40,17:39:55,DROPPED
3978,696114,8450,22:55:46,16:38:40,COMPLETED
3979,823020,9573,14:20:26,11:40:49,FAILED
3980,832944,3123,02:47:18,23:31:28,FAILED
3981,495372,9560,23:00:58,10:17:48,FAILED
3982,713056,6279,04:47:57,03:33:12,COMPLETED
3983,487548,2219,06:45:36,09:39:44,DROPPED
3984,821189,2235,20:24:43,05:12:25,DROPPED
3985,998054,5096,03:56:28,07:53:33,COMPLETED
3986,387138,3074,11:53:01,15:44:49,FAILED
3987,316801,6083,11:49:41,13:27:30,FAILED
3988,737398,1478,13:21:05,15:59:44,COMPLETED
3989,942292,8726,03:09:05,05:59:01,FAILED
3990,645332,5007,23:40:16,03:01:55,DROPPED
3991,990251,7652,04:17:54,02:52:55,COMPLETED
3992,915542,4863,04:30:21,22:51:39,DROPPED
3993,774720,4664,20:55:57,00:10:40,COMPLETED
3994,754985,2173,04:56:55,23:25:15,FAILED
3995,903711,7045,05:10:05,14:40:48,COMPLETED
3996,749084,4694,03:41:31,05:39:45,FAILED
3997,115354,7183,19:53:42,12:39:54,DROPPED
3998,430870,8433,11:19:59,08:11:02,DROPPED
3999,817200,1806,07:18:41,08:22:55,FAILED
4000,529369,5884,20:12:57,06:29:28,DROPPED
4001,754936,8402,00:15:31,13:22:25,DROPPED
4002,398234,8664,18:37:29,11:00:30,FAILED
4003,423021,1374,03:07:58,10:58:43,FAILED
4004,276386,2651,05:33:30,17:37:46,FAILED
4005,272806,3409,04:40:50,14:56:48,DROPPED
4006,951218,3304,21:49:51,03:29:33,DROPPED
4007,335930,3401,06:16:46,04:16:49,COMPLETED
4008,959778,4337,14:33:10,13:12:03,COMPLETED
4009,609113,2178,10:16:06,19:19:05,DROPPED
4010,173011,4719,03:50:03,07:38:55,COMPLETED
4011,210317,7903,06:35:53,01:46:04,FAILED
4012,943123,6882,11:04:42,13:35:20,COMPLETED
4013,226094,9830,01:39:56,08:07:35,FAILED
4014,525067,3090,03:05:11,06:38:07,FAILED
4015,271325,3617,06:17:29,16:04:12,FAILED
4016,489933,3899,02:30:50,09:52:51,DROPPED
4017,537205,1480,22:03:59,22:54:24,FAILED
4018,738535,9890,17:08:03,00:56:14,COMPLETED
4019,849211,3687,05:26:33,04:59:43,FAILED
4020,810449,2936,03:18:51,10:08:38,FAILED
4021,373168,5013,23:43:16,18:28:35,COMPLETED
4022,161629,1550,22:18:29,03:12:41,COMPLETED
4023,619227,8215,16:58:11,21:03:18,COMPLETED
4024,827399,8687,07:44:55,05:30:52,COMPLETED
4025,351197,3328,15:25:24,02:38:00,FAILED
4026,865758,7861,21:47:13,15:08:28,FAILED
4027,453403,5918,12:24:45,16:22:14,DROPPED
4028,358374,9424,03:03:30,08:38:23,FAILED
4029,386936,5211,15:45:18,16:32:34,FAILED
4030,869290,7378,12:30:31,04:23:59,DROPPED
4031,252506,2790,13:23:21,07:59:37,COMPLETED
4032,357398,1347,11:13:54,06:42:44,DROPPED
4033,727785,4115,15:08:48,09:20:15,FAILED
4034,631110,8528,05:45:32,23:38:55,DROPPED
4035,385340,7376,06:39:46,11:50:08,FAILED
4036,823899,4665,22:14:48,03:39:26,DROPPED
4037,592666,4685,11:17:19,22:19:35,COMPLETED
4038,544762,8507,11:51:57,22:30:58,COMPLETED
4039,991522,8563,07:45:10,00:06:31,DROPPED
4040,431697,3535,04:48:14,17:56:38,FAILED
4041,131005,2026,03:30:44,15:57:39,DROPPED
4042,506574,9501,16:18:31,02:54:32,FAILED
4043,537199,7014,18:12:52,04:12:16,COMPLETED
4044,958070,1599,13:58:48,14:11:55,FAILED
4045,195925,2599,13:24:02,18:16:18,DROPPED
4046,481012,3696,00:04:44,09:47:03,DROPPED
4047,612467,5428,12:36:59,13:16:38,FAILED
4048,296437,7517,11:45:40,04:56:13,FAILED
4049,484263,7909,01:22:02,01:57:57,COMPLETED
4050,840372,8585,19:32:18,14:12:05,FAILED
4051,716317,9704,19:17:06,03:02:45,COMPLETED
4052,241200,4021,02:07:24,17:50:38,COMPLETED
4053,273395,6322,02:44:59,09:39:06,COMPLETED
4054,101001,7740,23:54:33,02:04:57,FAILED
4055,115459,9772,08:19:42,11:55:11,FAILED
4056,599495,9724,20:51:33,04:28:10,DROPPED
4057,816661,8839,18:39:54,21:43:03,COMPLETED
4058,607518,4620,11:42:27,05:44:10,COMPLETED
4059,656482,4260,23:45:10,17:36:55,DROPPED
4060,576326,6428,14:42:12,15:25:41,FAILED
4061,675649,3175,11:06:01,21:15:54,COMPLETED
4062,546391,4664,15:58:47,20:37:18,FAILED
4063,869834,1854,05:51:48,13:58:17,FAILED
4064,335204,3074,17:45:38,14:57:13,DROPPED
4065,361460,2185,21:57:05,13:44:06,COMPLETED
4066,267063,7256,16:09:39,03:32:19,FAILED
4067,831859,2095,14:19:24,08:55:51,COMPLETED
4068,587855,7307,04:17:38,00:11:21,COMPLETED
4069,396316,4647,20:34:03,17:47:46,COMPLETED
4070,199335,8644,13:04:02,09:22:06,COMPLETED
4071,725235,9959,14:12:00,08:10:11,DROPPED
4072,182032,9383,13:13:39,07:50:35,COMPLETED
4073,581703,1102,20:16:38,05:58:48,FAILED
4074,810237,2585,10:44:10,19:06:09,DROPPED
4075,731741,9064,15:08:26,03:47:14,DROPPED
4076,790342,1535,21:05:16,16:30:01,COMPLETED
4077,523190,7653,22:26:58,15:41:21,COMPLETED
4078,746983,8617,17:08:19,10:01:15,COMPLETED
4079,706958,8034,10:23:22,09:24:14,FAILED
4080,418568,7997,04:47:31,12:37:08,DROPPED
4081,445325,7218,13:39:35,13:44:40,FAILED
4082,503770,2633,22:50:03,05:39:00,DROPPED
4083,604813,1244,15:15:20,09:52:07,FAILED
4084,198790,2192,15:33:46,19:57:59,COMPLETED
4085,265361,8070,06:09:02,23:45:23,FAILED
4086,765163,7953,17:40:22,23:41:03,DROPPED
4087,582909,6163,23:16:42,19:35:51,COMPLETED
4088,276414,1419,10:09:46,07:16:22,FAILED
4089,287672,7278,02:08:44,07:00:04,DROPPED
4090,339465,3216,15:12:19,09:14:26,FAILED
4091,812428,8552,19:24:15,01:51:57,DROPPED
4092,975345,7924,17:15:07,11:03:21,FAILED
4093,202762,8673,09:11:33,13:05:21,DROPPED
4094,841843,4590,20:11:36,22:52:50,COMPLETED
4095,925440,7481,17:18:37,00:03:52,DROPPED
4096,892164,5102,04:09:19,11:39:05,DROPPED
4097,595902,7764,18:21:49,19:37:53,COMPLETED
4098,667967,3313,14:49:06,03:04:16,COMPLETED
4099,454042,7473,04:17:31,01:54:49,DROPPED
4100,816216,9636,10:10:57,18:23:05,FAILED
4101,579772,8234,03:43:00,08:03:15,COMPLETED
4102,161498,1012,00:22:34,22:51:58,FAILED
4103,802758,5028,21:57:05,13:41:49,COMPLETED
4104,950715,6639,02:44:08,16:53:47,DROPPED
4105,331599,2421,08:18:38,05:46:53,COMPLETED
4106,256533,5614,23:05:03,22:20:18,DROPPED
4107,521350,3195,15:33:26,11:04:55,COMPLETED
4108,873912,3547,22:29:45,09:53:26,FAILED
4109,470222,8430,16:08:56,19:37:58,DROPPED
4110,209416,6167,22:04:31,17:22:02,FAILED
4111,162404,1739,19:55:58,05:50:31,FAILED
4112,737040,6836,18:38:16,17:02:26,FAILED
4113,263681,8701,21:54:08,13:36:05,DROPPED
4114,831562,9863,00:05:03,09:05:39,DROPPED
4115,238173,5915,14:33:27,02:28:53,DROPPED
4116,271108,1152,00:10:31,03:04:16,FAILED
4117,949767,5734,07:59:44,10:40:15,FAILED
4118,808440,7246,07:25:05,16:09:56,DROPPED
4119,451635,1586,06:35:04,08:51:39,COMPLETED
4120,345076,5837,04:55:46,00:01:26,DROPPED
4121,894273,1228,14:17:16,06:26:27,COMPLETED
4122,925925,6973,23:48:49,03:34:54,COMPLETED
4123,549860,2226,23:03:53,03:38:39,DROPPED
4124,255369,2790,19:36:49,15:21:31,FAILED
4125,480424,5258,13:42:49,10:41:06,FAILED
4126,633251,1689,02:09:13,15:17:12,DROPPED
4127,553028,5581,10:28:39,17:42:07,FAILED
4128,957694,5818,16:00:44,02:41:34,COMPLETED
4129,262221,6301,10:36:48,05:29:37,COMPLETED
4130,166004,1921,05:15:30,21:20:34,FAILED
4131,274759,3514,11:13:35,06:23:45,FAILED
4132,884679,4922,17:43:21,06:01:06,DROPPED
4133,364887,7359,16:45:28,07:16:30,FAILED
4134,577457,5735,21:18:55,09:20:37,FAILED
4135,535301,7855,08:09:48,03:28:33,FAILED
4136,239496,4398,04:53:21,12:26:04,FAILED
4137,924891,9082,20:08:37,05:40:55,COMPLETED
4138,729823,5316,09:32:17,07:03:01,FAILED
4139,416159,9823,04:23:51,11:58:27,DROPPED
4140,310893,5584,23:43:00,13:39:43,COMPLETED
4141,393892,9282,09:00:58,02:05:27,DROPPED
4142,455423,1309,16:55:07,08:13:57,COMPLETED
4143,940870,8804,12:51:57,03:54:50,COMPLETED
4144,101553,3912,20:21:09,16:04:26,COMPLETED
4145,500810,3625,01:08:53,17:28:45,FAILED
4146,788062,3758,19:14:41,11:47:30,COMPLETED
4147,406770,4788,05:49:18,12:27:32,COMPLETED
4148,531355,4147,10:16:22,11:44:07,FAILED
4149,449359,1027,03:21:09,02:15:33,COMPLETED
4150,861197,3988,17:54:05,15:37:02,FAILED
4151,496576,3052,19:04:47,19:02:51,FAILED
4152,637731,4838,10:21:32,21:17:37,COMPLETED
4153,419721,5847,14:38:59,07:22:50,FAILED
4154,659528,8031,08:12:35,23:16:20,DROPPED
4155,647381,7447,10:24:02,22:55:59,FAILED
4156,429846,5221,20:38:28,18:33:46,FAILED
4157,806998,3882,12:49:42,14:23:04,DROPPED
4158,324521,8107,02:25:59,10:49:35,COMPLETED
4159,568789,6421,03:42:47,12:30:03,FAILED
4160,179149,6826,07:27:02,21:39:10,DROPPED
4161,996411,2498,18:44:25,18:50:15,COMPLETED
4162,235198,4137,03:16:24,11:56:45,FAILED
4163,435720,6770,06:24:48,10:25:19,FAILED
4164,921654,5305,05:17:20,19:04:38,FAILED
4165,614140,6723,16:50:24,22:16:49,COMPLETED
4166,699987,7161,20:53:06,01:18:14,FAILED
4167,417509,9354,13:53:36,18:38:16,DROPPED
4168,689522,5504,06:01:21,03:48:37,FAILED
4169,720329,6378,21:33:37,23:54:12,COMPLETED
4170,789064,8372,13:35:07,03:09:27,FAILED
4171,482556,9485,13:43:15,04:53:35,COMPLETED
4172,959906,4477,15:06:55,11:56:55,COMPLETED
4173,715688,5201,13:04:14,03:44:15,COMPLETED
4174,936203,7258,11:43:19,09:23:34,COMPLETED
4175,656143,5708,13:54:36,19:52:06,DROPPED
4176,765831,2456,10:44:26,21:50:23,COMPLETED
4177,590266,2977,12:54:50,21:23:35,DROPPED
4178,423623,2509,18:21:49,02:53:34,DROPPED
4179,611881,4499,22:06:18,16:13:50,FAILED
4180,933900,4604,06:09:46,07:22:53,FAILED
4181,982060,7643,13:20:28,17:08:13,COMPLETED
4182,731266,8634,10:29:57,13:58:05,DROPPED
4183,227156,6558,03:42:10,00:40:06,COMPLETED
4184,351368,4459,22:39:35,02:38:52,DROPPED
4185,373912,3291,01:53:39,03:07:24,COMPLETED
4186,819449,7653,06:33:16,12:28:07,COMPLETED
4187,943349,2634,22:09:29,01:17:34,COMPLETED
4188,819017,1357,22:01:16,12:22:27,COMPLETED
4189,669529,6905,12:52:03,23:27:24,COMPLETED
4190,883768,8665,04:17:22,18:18:16,FAILED
4191,151705,4725,07:15:31,00:41:50,FAILED
4192,726797,6958,00:35:59,00:36:24,DROPPED
4193,339661,1622,18:33:44,20:24:15,COMPLETED
4194,562291,9054,02:43:48,13:26:42,DROPPED
4195,948951,7377,17:07:32,22:54:05,FAILED
4196,396972,4734,17:54:46,10:52:19,COMPLETED
4197,850794,4700,17:18:17,21:32:32,FAILED
4198,206232,8599,05:52:48,13:53:49,FAILED
4199,583019,2349,03:52:56,15:05:19,COMPLETED
4200,297256,5595,14:28:00,20:32:31,DROPPED
4201,648828,4541,18:52:02,01:55:28,DROPPED
4202,794183,3749,18:24:04,15:36:21,COMPLETED
4203,148684,1650,07:26:12,01:40:53,DROPPED
4204,552927,8061,00:53:37,15:42:58,FAILED
4205,225962,9166,09:30:03,10:30:26,DROPPED
4206,846789,5343,06:55:17,03:34:50,COMPLETED
4207,880999,8941,13:16:23,16:45:00,FAILED
4208,273406,8503,02:57:22,21:56:30,FAILED
4209,884706,1691,07:35:57,06:41:13,DROPPED
4210,891536,3741,16:21:41,00:05:40,COMPLETED
4211,220777,1578,00:08:15,00:59:50,COMPLETED
4212,973174,7797,20:49:13,02:08:58,DROPPED
4213,653082,3149,10:31:23,11:45:22,COMPLETED
4214,793384,6994,13:00:08,21:03:06,FAILED
4215,617056,5172,13:52:14,21:02:24,DROPPED
4216,528363,5987,05:27:57,09:31:50,COMPLETED
4217,122938,2423,11:11:33,13:12:42,DROPPED
4218,572009,3537,23:47:48,03:12:56,DROPPED
4219,750710,7801,04:54:03,00:59:29,COMPLETED
4220,156916,9017,18:39:14,00:34:17,FAILED
4221,305165,7270,10:46:15,09:32:02,FAILED
4222,346424,7557,15:37:50,21:11:32,FAILED
4223,799513,7642,00:49:49,19:45:24,COMPLETED
4224,141420,4522,18:06:07,12:56:31,COMPLETED
4225,385237,4981,12:07:03,19:17:56,COMPLETED
4226,894399,6079,16:38:04,14:05:30,DROPPED
4227,618340,5667,19:06:20,09:23:17,COMPLETED
4228,944867,9128,13:03:15,15:22:26,DROPPED
4229,876368,8239,13:27:03,22:29:00,COMPLETED
4230,568350,2483,23:25:02,09:37:14,FAILED
4231,865574,2591,10:37:40,02:54:46,DROPPED
4232,980908,3795,20:01:32,23:04:20,DROPPED
4233,680450,4652,08:09:53,21:44:25,DROPPED
4234,978848,9955,09:22:43,07:21:42,COMPLETED
4235,892308,9923,06:54:53,18:51:58,FAILED
4236,272740,5459,19:11:24,23:14:04,DROPPED
4237,648500,9449,02:18:49,15:11:09,FAILED
4238,128800,7884,15:22:25,10:06:33,COMPLETED
4239,946480,4862,02:36:19,16:10:59,FAILED
4240,474906,2331,13:19:42,20:43:59,FAILED
4241,163346,5222,14:57:50,13:35:20,FAILED
4242,558093,7540,11:58:25,19:11:54,DROPPED
4243,198271,7337,15:08:48,09:44:08,DROPPED
4244,939824,2267,14:53:39,21:47:45,COMPLETED
4245,432786,3906,13:16:19,10:33:04,FAILED
4246,256819,9942,11:56:41,18:14:57,COMPLETED
4247,714267,5035,22:35:04,23:02:00,COMPLETED
4248,743435,8193,13:18:40,05:24:18,FAILED
4249,523378,7242,17:19:24,22:04:43,FAILED
4250,971868,3341,21:02:12,22:50:00,COMPLETED
4251,191646,5604,21:47:02,00:12:27,COMPLETED
4252,256283,1949,14:37:28,15:42:06,FAILED
4253,737314,2849,21:25:23,15:02:34,FAILED
4254,230801,3280,12:06:01,12:57:28,DROPPED
4255,478471,3808,09:05:47,14:41:52,COMPLETED
4256,220631,9359,11:39:22,04:56:53,DROPPED
4257,156226,5633,09:33:14,19:44:37,COMPLETED
4258,980329,5876,18:26:03,10:32:10,COMPLETED
4259,387873,3924,04:19:05,15:55:40,FAILED
4260,628226,1156,00:39:26,12:36:36,COMPLETED
4261,191295,9021,09:38:34,10:12:18,FAILED
4262,273991,2906,23:26:34,10:49:16,FAILED
4263,390048,1716,01:25:03,17:02:19,COMPLETED
4264,930294,2550,12:45:52,21:55:00,FAILED
4265,216436,4801,12:39:34,11:41:39,FAILED
4266,118630,3953,19:19:21,23:47:27,DROPPED
4267,235627,4382,19:14:36,08:42:20,FAILED
4268,506442,4282,09:58:54,09:36:26,COMPLETED
4269,459810,2655,22:19:08,16:06:37,COMPLETED
4270,329098,6431,03:19:21,17:55:55,COMPLETED
4271,809518,2527,15:12:02,01:45:55,DROPPED
4272,128484,6345,08:19:07,07:37:55,FAILED
4273,645911,6348,21:33:20,08:06:51,COMPLETED
4274,704732,3168,02:45:03,08:53:09,FAILED
4275,482309,3301,20:26:16,12:28:07,FAILED
4276,310165,2827,21:33:38,07:21:46,FAILED
4277,597260,7459,17:36:12,01:33:08,FAILED
4278,455069,5363,01:11:29,22:17:45,COMPLETED
4279,373781,4855,04:09:43,08:54:47,FAILED
4280,960632,8971,16:59:55,00:14:52,COMPLETED
4281,626027,5951,10:08:51,02:58:17,COMPLETED
4282,689276,6747,12:30:13,04:25:12,FAILED
4283,348049,9765,03:53:27,14:58:47,FAILED
4284,977706,1223,01:01:04,21:04:41,DROPPED
4285,121671,5034,22:55:52,16:51:42,COMPLETED
4286,891462,7330,17:38:16,15:17:09,DROPPED
4287,536251,3539,02:33:27,05:46:50,COMPLETED
4288,607413,9122,02:44:19,10:17:10,DROPPED
4289,539610,8051,22:04:17,19:33:41,FAILED
4290,233397,8945,14:45:20,03:19:36,FAILED
4291,369280,7332,11:29:55,20:28:26,FAILED
4292,412346,7828,00:55:01,16:02:24,COMPLETED
4293,597131,7641,02:36:31,21:00:15,DROPPED
4294,811666,9798,18:45:24,04:38:52,COMPLETED
4295,180437,5110,07:19:57,23:44:55,FAILED
4296,910310,2283,13:24:34,06:43:58,DROPPED
4297,174448,3120,08:06:43,14:48:52,DROPPED
4298,435628,7418,19:41:54,11:36:06,FAILED
4299,940694,6322,06:49:49,04:37:10,DROPPED
4300,431032,6328,03:56:12,05:20:41,FAILED
4301,177769,4940,20:15:28,06:45:56,DROPPED
4302,523790,1763,14:42:28,18:19:22,COMPLETED
4303,672073,6113,02:27:44,03:40:49,COMPLETED
4304,270864,8268,12:58:21,09:51:01,COMPLETED
4305,689713,8840,16:08:00,19:56:08,DROPPED
4306,575878,5291,06:26:06,04:08:58,COMPLETED
4307,287918,7115,10:06:40,01:51:43,COMPLETED
4308,150055,3603,00:22:07,20:47:55,DROPPED
4309,788538,4923,17:56:06,20:56:35,FAILED
4310,799419,9458,04:17:27,13:12:34,DROPPED
4311,330670,4151,18:45:10,17:31:04,COMPLETED
4312,297064,4192,06:03:10,18:57:23,DROPPED
4313,224979,5701,22:45:06,12:23:09,COMPLETED
4314,120009,9349,07:48:47,00:55:25,DROPPED
4315,960340,8470,15:41:23,23:06:38,COMPLETED
4316,424511,4342,21:30:50,02:58:26,FAILED
4317,539145,3052,13:12:50,06:29:41,FAILED
4318,427237,6233,12:45:01,02:32:32,DROPPED
4319,548511,6678,15:39:25,18:27:09,DROPPED
4320,405411,8211,15:12:59,10:46:14,COMPLETED
4321,828774,8567,18:23:12,22:12:20,DROPPED
4322,168440,3018,14:08:12,22:27:01,DROPPED
4323,261639,1634,08:38:37,14:08:16,DROPPED
4324,229521,8223,21:33:34,16:56:11,DROPPED
4325,169863,8852,13:40:38,16:24:28,DROPPED
4326,214953,7214,07:33:50,16:23:15,COMPLETED
4327,986491,6526,14:31:31,13:51:31,FAILED
4328,240604,9754,16:33:51,17:08:11,COMPLETED
4329,748838,6065,05:42:58,16:47:08,DROPPED
4330,886716,4508,17:39:19,19:21:55,DROPPED
4331,326411,7545,18:55:19,18:34:44,COMPLETED
4332,457109,4786,12:59:27,13:04:15,DROPPED
4333,761674,8355,21:43:25,22:15:22,DROPPED
4334,587526,7443,01:22:17,15:26:18,COMPLETED
4335,252892,5182,00:45:00,12:40:29,DROPPED
4336,429595,2514,22:25:43,14:11:02,FAILED
4337,549746,2963,22:47:40,17:41:11,COMPLETED
4338,774407,8745,05:44:31,02:50:49,COMPLETED
4339,135793,3561,19:56:22,01:46:46,FAILED
4340,873134,6118,09:17:17,21:01:19,DROPPED
4341,941228,5347,15:42:08,21:58:01,COMPLETED
4342,559965,2895,00:40:19,15:32:52,COMPLETED
4343,108917,2184,06:43:04,04:25:42,COMPLETED
4344,216989,1749,01:39:32,03:37:27,DROPPED
4345,453139,1485,16:05:27,16:29:50,COMPLETED
4346,860263,2908,15:37:05,13:49:37,COMPLETED
4347,181642,9576,09:37:06,19:24:07,COMPLETED
4348,374595,4414,16:32:05,14:34:33,COMPLETED
4349,615553,8295,12:41:38,15:30:45,FAILED
4350,888475,5495,23:12:44,16:02:46,DROPPED
4351,269121,9701,17:44:04,02:15:12,DROPPED
4352,906893,9722,12:48:30,02:10:39,FAILED
4353,575977,6990,09:45:12,03:08:00,COMPLETED
4354,255387,6714,20:07:58,22:25:14,COMPLETED
4355,308047,7273,05:15:42,13:45:01,COMPLETED
4356,896602,1440,09:43:57,13:23:08,FAILED
4357,253779,2518,13:10:35,20:11:18,DROPPED
4358,470454,8208,18:02:55,12:33:04,COMPLETED
4359,632345,6413,11:37:58,17:41:22,FAILED
4360,140101,9498,13:47:35,18:13:42,FAILED
4361,730758,3520,18:09:14,17:03:34,FAILED
4362,964839,1087,20:12:51,17:13:32,DROPPED
4363,140422,5317,03:03:15,18:31:35,COMPLETED
4364,681563,6723,15:48:57,08:32:32,COMPLETED
4365,492886,8076,13:57:49,20:31:12,DROPPED
4366,957394,5183,02:01:50,18:19:03,FAILED
4367,755906,1730,17:02:39,07:21:06,FAILED
4368,364369,4882,01:12:02,03:55:24,DROPPED
4369,254091,1927,19:46:59,06:52:23,FAILED
4370,237478,9733,07:57:25,01:37:59,COMPLETED
4371,938554,4112,10:37:49,12:13:04,FAILED
4372,368996,9939,15:45:26,16:12:09,COMPLETED
4373,404379,1337,02:50:39,22:24:40,DROPPED
4374,449872,2316,13:19:12,03:16:43,COMPLETED
4375,586556,8751,03:19:02,18:23:51,DROPPED
4376,854093,4951,11:57:59,21:45:56,FAILED
4377,439899,1298,09:32:21,23:25:18,DROPPED
4378,705828,3316,01:55:14,17:57:05,FAILED
4379,682993,1975,03:28:39,14:30:37,DROPPED
4380,280564,8976,20:18:12,10:07:19,DROPPED
4381,903212,5879,12:10:12,00:14:43,COMPLETED
4382,926447,7450,09:48:25,21:59:47,DROPPED
4383,121560,2672,22:40:50,06:52:53,FAILED
4384,377729,9459,23:41:22,23:09:32,COMPLETED
4385,775451,9301,09:29:23,20:37:15,FAILED
4386,275375,2561,03:17:08,19:42:53,COMPLETED
4387,744537,9982,17:05:06,22:35:15,COMPLETED
4388,571490,9603,12:19:35,19:20:48,DROPPED
4389,360945,6522,07:52:38,07:54:33,FAILED
4390,940022,1464,06:26:46,16:14:34,FAILED
4391,532577,6316,23:55:57,20:03:54,DROPPED
4392,162752,6314,11:44:49,01:27:25,COMPLETED
4393,441937,5823,21:27:52,03:29:44,DROPPED
4394,582037,1194,00:36:34,18:50:32,FAILED
4395,194317,2133,09:33:52,02:47:56,DROPPED
4396,990295,4865,03:33:13,16:15:09,COMPLETED
4397,635801,6092,14:23:09,06:36:36,COMPLETED
4398,832340,9885,02:02:05,10:40:53,COMPLETED
4399,559216,6536,00:56:54,05:55:16,DROPPED
4400,954510,8230,08:24:53,05:56:26,DROPPED
4401,811452,7618,07:18:05,16:49:51,COMPLETED
4402,543798,3551,01:05:04,03:00:02,DROPPED
4403,254208,4162,12:17:14,08:50:37,COMPLETED
4404,629298,1103,20:27:50,07:19:10,FAILED
4405,275665,5784,11:43:55,19:21:08,COMPLETED
4406,424784,2290,00:42:34,20:02:07,FAILED
4407,565456,7198,03:55:12,16:03:48,DROPPED
4408,375319,3886,20:53:57,00:24:21,FAILED
4409,362590,5346,16:15:45,20:47:27,FAILED
4410,606495,3295,17:54:14,18:22:41,FAILED
4411,133133,8268,22:55:52,08:08:58,FAILED
4412,893945,9341,19:43:12,12:12:39,COMPLETED
4413,392928,1812,20:22:51,10:57:54,COMPLETED
4414,449132,5862,08:06:09,15:59:45,COMPLETED
4415,286573,1562,04:56:47,11:56:09,FAILED
4416,954185,2518,03:36:37,14:23:51,DROPPED
4417,356543,7431,23:56:19,11:18:48,DROPPED
4418,110124,6425,05:46:50,16:50:25,COMPLETED
4419,750393,9224,15:18:13,10:13:25,FAILED
4420,929863,1688,19:03:51,16:43:22,COMPLETED
4421,900987,1450,13:02:39,01:38:19,COMPLETED
4422,406600,1075,23:50:25,15:43:05,DROPPED
4423,473810,2359,19:00:00,02:11:35,DROPPED
4424,868091,1238,06:48:47,11:45:17,COMPLETED
4425,799951,6785,12:38:29,10:23:31,COMPLETED
4426,583027,4353,09:35:21,09:21:05,DROPPED
4427,676897,9570,23:24:22,09:25:22,COMPLETED
4428,857609,6422,09:17:56,15:51:51,FAILED
4429,448325,1250,09:21:19,23:40:13,COMPLETED
4430,664818,6917,04:47:26,19:26:19,COMPLETED
4431,862856,4063,14:52:16,01:26:34,DROPPED
4432,783033,5769,18:40:03,18:54:24,DROPPED
4433,931362,7752,09:04:31,21:45:49,COMPLETED
4434,916231,4644,02:59:41,07:57:24,FAILED
4435,499493,5069,14:21:41,11:27:37,COMPLETED
4436,766939,3400,13:14:17,12:06:14,DROPPED
4437,860801,4465,04:39:54,13:11:36,FAILED
4438,723193,4388,23:44:03,23:55:30,DROPPED
4439,195439,6399,05:10:29,08:22:03,FAILED
4440,339568,3315,18:08:51,13:35:38,FAILED
4441,331438,3962,04:37:26,08:30:35,COMPLETED
4442,430128,9715,14:03:11,11:16:25,COMPLETED
4443,203564,6336,21:30:20,17:28:33,FAILED
4444,667628,3100,02:45:41,04:53:46,COMPLETED
4445,300655,3854,03:03:31,13:00:02,COMPLETED
4446,760594,7832,21:50:23,20:55:57,COMPLETED
4447,663668,2920,11:27:41,10:58:46,FAILED
4448,573542,3929,04:38:42,02:08:45,COMPLETED
4449,998747,7757,01:38:59,19:44:31,FAILED
4450,986586,7988,13:49:39,23:03:00,DROPPED
4451,325382,9947,18:26:27,20:13:50,COMPLETED
4452,203989,3732,19:33:53,14:04:44,DROPPED
4453,928232,2082,04:17:13,02:41:00,FAILED
4454,242148,9659,04:47:46,13:49:24,FAILED
4455,879136,6940,00:33:19,16:08:34,COMPLETED
4456,133951,5581,22:05:36,21:39:27,FAILED
4457,285890,5210,19:51:08,13:54:23,COMPLETED
4458,481330,4410,08:12:31,00:51:13,COMPLETED
4459,809597,5890,05:42:39,02:17:04,DROPPED
4460,870727,1071,05:32:58,23:32:54,DROPPED
4461,125321,1871,11:54:44,08:47:17,FAILED
4462,696324,2647,23:02:23,05:14:45,DROPPED
4463,811916,4826,08:49:17,01:05:25,FAILED
4464,555578,8095,16:34:22,04:40:10,DROPPED
4465,431224,6964,14:51:30,18:40:46,FAILED
4466,377648,8051,22:49:38,03:48:40,FAILED
4467,118361,5016,11:22:24,21:12:34,DROPPED
4468,198415,1061,21:06:28,09:39:31,DROPPED
4469,732068,4886,06:29:35,21:29:32,DROPPED
4470,501685,7481,20:54:01,09:38:25,FAILED
4471,219040,3292,18:37:56,10:08:48,FAILED
4472,307198,8514,01:16:20,19:00:28,DROPPED
4473,952678,2246,06:29:37,12:33:15,FAILED
4474,172500,4666,08:05:50,21:39:10,DROPPED
4475,820743,7692,10:14:27,09:00:13,DROPPED
4476,874757,1098,00:25:11,11:07:58,COMPLETED
4477,348657,7050,19:32:22,15:28:38,DROPPED
4478,819237,1399,04:34:36,08:13:21,DROPPED
4479,570628,2496,19:26:35,16:55:19,COMPLETED
4480,224618,5524,08:23:16,18:56:02,COMPLETED
4481,803475,8030,06:49:41,06:03:22,COMPLETED
4482,503653,9723,15:07:18,10:08:21,FAILED
4483,328320,1830,20:17:39,23:28:20,FAILED
4484,102104,1581,09:39:14,10:40:41,DROPPED
4485,226859,9362,18:26:02,15:02:55,DROPPED
4486,230299,5229,06:14:30,21:41:05,COMPLETED
4487,241440,6526,04:52:51,23:20:50,COMPLETED
4488,471162,9849,10:24:30,07:58:17,COMPLETED
4489,169901,5558,05:15:49,03:11:09,DROPPED
4490,485755,5307,17:54:57,03:41:47,DROPPED
4491,284896,6452,20:13:11,14:15:50,DROPPED
4492,234261,9191,02:59:58,09:17:00,COMPLETED
4493,896963,7724,02:57:02,03:49:43,COMPLETED
4494,173888,6724,23:17:42,21:58:10,FAILED
4495,935973,5006,01:59:48,09:53:30,DROPPED
4496,789157,1131,02:19:22,20:26:46,COMPLETED
4497,392112,4874,16:32:19,08:50:18,FAILED
4498,876260,1451,04:04:54,17:42:14,DROPPED
4499,725571,1943,10:46:58,09:27:37,FAILED
4500,235656,2028,16:51:55,08:35:10,DROPPED
4501,417185,3481,01:50:04,10:51:54,DROPPED
4502,798287,4638,03:52:38,16:08:49,FAILED
4503,783041,4733,02:41:11,10:42:51,COMPLETED
4504,979526,2969,16:30:37,21:53:09,COMPLETED
4505,314241,5803,00:45:01,10:22:10,FAILED
4506,790799,9458,01:00:35,17:44:06,DROPPED
4507,107636,9017,12:35:59,15:09:40,DROPPED
4508,736389,8545,21:57:54,02:55:59,FAILED
4509,207651,2621,14:41:24,23:32:44,COMPLETED
4510,477222,4827,06:54:06,19:47:23,DROPPED
4511,950861,4000,06:50:11,15:32:59,DROPPED
4512,574094,4867,18:49:47,19:08:28,FAILED
4513,533289,1223,22:29:06,00:14:30,COMPLETED
4514,249617,9249,06:26:48,18:48:59,COMPLETED
4515,330245,1259,08:19:32,15:12:21,COMPLETED
4516,130064,2824,02:00:04,00:36:36,FAILED
4517,664221,8339,08:58:45,11:49:43,DROPPED
4518,222571,7542,23:21:41,22:19:10,DROPPED
4519,398151,7308,08:37:28,19:00:44,DROPPED
4520,514809,1338,05:24:01,15:48:58,DROPPED
4521,962949,3134,10:21:50,14:52:26,COMPLETED
4522,339560,7231,18:40:25,19:00:14,DROPPED
4523,364985,7656,12:43:58,10:50:54,COMPLETED
4524,274768,1749,12:56:40,22:22:06,FAILED
4525,807328,2687,21:36:17,05:14:38,FAILED
4526,560362,1597,06:04:54,00:15:30,COMPLETED
4527,188888,9498,12:11:23,17:26:06,COMPLETED
4528,135742,7317,12:24:00,08:02:31,FAILED
4529,199308,2952,02:54:15,02:11:38,COMPLETED
4530,328742,6952,00:41:49,00:04:47,DROPPED
4531,736997,9969,00:10:00,03:29:25,COMPLETED
4532,604855,4596,19:27:24,12:41:07,DROPPED
4533,207167,6576,14:18:07,14:53:22,FAILED
4534,633425,1584,11:26:05,07:26:40,FAILED
4535,258351,8074,09:27:33,04:56:13,COMPLETED
4536,705822,2533,19:58:04,11:42:43,FAILED
4537,502650,2354,21:16:50,01:56:16,COMPLETED
4538,251749,8159,11:01:33,04:16:46,FAILED
4539,146661,7864,06:13:17,04:25:38,COMPLETED
4540,475836,7705,12:31:57,23:05:23,COMPLETED
4541,624338,1844,13:35:49,23:34:49,DROPPED
4542,597708,2754,16:10:57,21:37:45,DROPPED
4543,820964,6170,00:58:47,19:22:22,COMPLETED
4544,499700,1961,07:29:39,03:32:07,FAILED
4545,923009,9923,18:40:00,19:31:33,FAILED
4546,280951,2164,22:18:12,04:44:45,COMPLETED
4547,344264,2660,20:35:56,07:17:12,FAILED
4548,322070,6861,20:09:56,13:34:47,DROPPED
4549,319979,2501,05:05:44,02:04:48,FAILED
4550,419161,9367,19:19:30,16:16:01,COMPLETED
4551,505876,5369,03:54:56,05:36:33,COMPLETED
4552,633960,2665,21:50:20,00:57:36,FAILED
4553,548232,6473,19:52:55,04:23:07,DROPPED
4554,727830,8996,07:11:43,13:11:39,DROPPED
4555,211882,1104,00:56:57,09:35:33,DROPPED
4556,538549,5027,12:28:33,18:00:26,FAILED
4557,381708,9453,15:22:54,23:30:07,FAILED
4558,626232,5209,01:37:53,14:24:50,DROPPED
4559,640957,4840,10:24:30,15:45:05,COMPLETED
4560,191200,1559,11:46:25,20:23:49,FAILED
4561,634440,1333,07:32:24,00:39:07,COMPLETED
4562,709262,8937,08:09:09,15:04:11,DROPPED
4563,391506,5767,01:56:15,05:29:35,COMPLETED
4564,532131,5973,06:58:35,09:12:37,DROPPED
4565,573812,6007,08:30:22,10:14:52,COMPLETED
4566,834490,7135,20:08:41,14:34:51,FAILED
4567,207386,5559,11:14:36,02:13:52,FAILED
4568,635208,8814,22:38:44,07:06:01,FAILED
4569,753482,9096,06:11:30,03:30:18,COMPLETED
4570,862805,1268,08:51:12,01:42:03,COMPLETED
4571,660492,4799,14:52:53,19:52:07,DROPPED
4572,375403,9884,02:49:22,19:57:45,DROPPED
4573,812324,9495,09:14:52,05:34:53,DROPPED
4574,903584,2705,17:08:53,01:18:01,FAILED
4575,750645,6758,18:19:05,15:50:55,COMPLETED
4576,613201,2132,11:03:03,17:24:21,DROPPED
4577,534615,2243,21:59:33,23:00:43,COMPLETED
4578,209710,5462,00:17:40,01:38:07,FAILED
4579,628264,4390,09:34:58,16:06:48,COMPLETED
4580,422329,5208,14:57:27,20:50:27,FAILED
4581,882583,6199,09:22:35,01:55:45,DROPPED
4582,687413,8943,19:49:33,23:04:05,COMPLETED
4583,404366,7774,05:20:41,04:20:34,FAILED
4584,155325,8805,10:56:35,14:15:30,COMPLETED
4585,161666,1644,20:59:36,23:13:21,DROPPED
4586,563083,4258,13:48:03,06:39:39,FAILED
4587,545000,6327,03:14:10,19:23:46,FAILED
4588,187961,5800,18:31:21,06:15:58,COMPLETED
4589,466526,8187,21:46:47,06:47:33,FAILED
4590,898693,8211,15:53:23,06:17:13,COMPLETED
4591,295583,6384,08:47:50,11:59:03,DROPPED
4592,910101,2936,21:00:20,03:42:55,FAILED
4593,700568,2344,04:15:57,13:52:16,DROPPED
4594,402471,9724,05:06:12,09:59:23,COMPLETED
4595,155616,5579,04:52:40,18:51:05,FAILED
4596,801288,2744,06:49:55,03:54:35,DROPPED
4597,598513,6411,03:38:44,12:00:16,FAILED
4598,436777,7120,08:10:32,16:18:11,DROPPED
4599,830746,6356,02:03:24,21:54:08,COMPLETED
4600,629184,7504,10:57:16,10:48:26,COMPLETED
4601,260142,9792,21:52:03,17:01:21,FAILED
4602,428517,6824,23:24:44,04:33:39,FAILED
4603,583103,6875,09:48:47,23:49:16,COMPLETED
4604,106765,8883,09:16:05,13:04:07,COMPLETED
4605,404131,9395,01:29:46,03:40:11,FAILED
4606,829293,3446,20:10:26,09:09:49,FAILED
4607,119325,4426,13:36:34,15:33:06,DROPPED
4608,983557,7666,07:39:40,00:48:25,COMPLETED
4609,528680,4908,09:22:38,20:25:53,FAILED
4610,610358,1688,01:23:57,04:36:04,FAILED
4611,703746,7883,01:25:35,12:41:00,COMPLETED
4612,742406,7171,12:17:49,05:22:16,DROPPED
4613,975806,7703,02:46:06,14:55:53,DROPPED
4614,294000,3810,08:02:07,21:15:48,DROPPED
4615,253022,3498,11:31:06,06:51:16,FAILED
4616,320823,5531,07:06:50,19:17:59,DROPPED
4617,301094,7098,18:55:32,15:07:54,DROPPED
4618,711200,8266,20:45:07,10:55:28,DROPPED
4619,953950,6948,01:34:08,00:22:40,DROPPED
4620,868321,7014,11:41:38,19:45:14,COMPLETED
4621,921609,9076,17:23:13,07:53:25,FAILED
4622,798785,6323,06:32:52,02:38:33,COMPLETED
4623,194736,3459,10:56:21,03:21:18,COMPLETED
4624,772678,5941,19:53:23,00:26:55,DROPPED
4625,343273,8974,05:28:54,04:28:23,DROPPED
4626,932023,7147,04:24:42,11:30:02,DROPPED
4627,827520,4534,15:38:32,19:07:57,DROPPED
4628,664448,8790,16:39:08,09:04:24,COMPLETED
4629,862491,3451,13:05:31,06:17:51,DROPPED
4630,712965,4757,15:56:31,21:48:30,FAILED
4631,961280,8726,03:06:41,02:39:52,FAILED
4632,816970,6631,20:09:52,13:24:00,FAILED
4633,117533,9889,05:30:53,02:49:11,DROPPED
4634,890119,5850,01:16:56,08:43:54,COMPLETED
4635,517355,3530,12:04:03,12:39:55,FAILED
4636,772477,2963,23:01:37,17:24:01,FAILED
4637,450092,1109,20:27:04,10:20:18,COMPLETED
4638,581075,5759,06:33:16,02:42:00,COMPLETED
4639,816816,6181,06:16:19,23:31:04,FAILED
4640,174637,6108,05:34:09,01:53:55,DROPPED
4641,294540,2567,19:04:02,08:08:00,COMPLETED
4642,823595,2739,14:00:28,13:26:40,COMPLETED
4643,925413,3893,03:31:09,09:40:07,COMPLETED
4644,780357,7986,05:48:35,11:12:04,FAILED
4645,906561,2648,05:09:20,19:49:00,DROPPED
4646,610524,4520,14:44:05,07:22:38,FAILED
4647,940919,6232,21:36:38,16:55:22,DROPPED
4648,646870,1888,11:00:49,17:31:12,COMPLETED
4649,829321,3149,03:04:28,14:14:36,DROPPED
4650,859834,5573,16:05:09,23:58:40,FAILED
4651,885066,9206,07:54:08,14:51:55,COMPLETED
4652,700950,1206,07:16:19,13:57:22,FAILED
4653,364003,4496,20:13:51,19:27:42,COMPLETED
4654,341646,9461,21:46:52,15:18:11,COMPLETED
4655,945497,5377,02:57:56,14:35:32,FAILED
4656,385778,9101,05:14:25,18:44:54,COMPLETED
4657,899053,7477,19:16:26,10:40:06,FAILED
4658,307082,2377,22:10:54,05:44:33,COMPLETED
4659,890130,5943,02:43:42,05:31:48,DROPPED
4660,190075,4340,18:53:00,16:58:40,FAILED
4661,366745,9134,12:06:15,15:06:21,COMPLETED
4662,762577,8266,06:59:57,08:45:02,COMPLETED
4663,277385,5506,03:26:27,03:13:19,FAILED
4664,440025,1573,13:53:01,02:58:23,COMPLETED
4665,835001,5605,13:47:41,05:44:47,COMPLETED
4666,663147,7485,04:16:18,03:49:12,DROPPED
4667,538436,9544,15:44:48,13:20:47,COMPLETED
4668,303068,1422,23:06:42,22:04:11,FAILED
4669,638243,6504,12:48:32,18:44:35,COMPLETED
4670,919257,5475,22:42:44,01:37:32,FAILED
4671,382577,1301,22:25:44,10:15:20,FAILED
4672,988121,1260,03:41:01,00:33:37,FAILED
4673,863991,8792,18:15:55,11:21:57,DROPPED
4674,407857,1593,22:48:52,16:03:20,COMPLETED
4675,211897,6951,05:03:05,22:33:42,DROPPED
4676,825558,2694,15:00:03,19:20:15,DROPPED
4677,106078,8067,20:31:45,18:50:53,COMPLETED
4678,368939,1537,10:43:45,17:46:54,COMPLETED
4679,322016,6943,16:02:17,16:18:59,DROPPED
4680,537045,8888,17:14:35,05:54:18,FAILED
4681,731156,6402,17:12:16,15:13:36,FAILED
4682,641253,5902,07:03:55,02:25:09,DROPPED
4683,729505,8694,05:05:23,20:39:02,COMPLETED
4684,409811,2403,01:19:12,05:44:36,COMPLETED
4685,837846,4106,21:14:15,07:01:06,DROPPED
4686,733014,4821,09:59:06,17:32:18,COMPLETED
4687,965549,6464,10:19:52,06:04:37,COMPLETED
4688,733811,3520,06:46:03,16:20:35,COMPLETED
4689,798178,8165,08:16:54,05:03:32,FAILED
4690,242967,1932,13:15:49,00:21:28,COMPLETED
4691,306585,5233,09:56:07,18:18:50,COMPLETED
4692,518044,8947,13:42:27,14:36:45,FAILED
4693,827977,5126,22:10:59,05:42:43,COMPLETED
4694,872868,4919,19:58:39,23:29:54,DROPPED
4695,162181,7687,12:16:09,14:58:38,COMPLETED
4696,732683,4687,20:04:47,09:52:57,FAILED
4697,481233,6832,02:12:32,05:48:09,FAILED
4698,726796,5518,00:41:07,02:28:48,FAILED
4699,369194,4448,01:37:59,08:53:52,DROPPED
4700,116538,8241,00:18:04,10:47:22,DROPPED
4701,265479,6498,09:51:12,14:26:19,DROPPED
4702,824928,3121,02:59:45,22:33:00,COMPLETED
4703,420231,1986,19:16:37,08:36:41,FAILED
4704,925151,3992,00:50:33,13:58:30,COMPLETED
4705,313656,2504,11:47:21,05:55:58,DROPPED
4706,824329,3656,00:14:52,14:02:03,DROPPED
4707,421271,1256,05:21:09,02:57:20,DROPPED
4708,590588,1351,14:25:37,00:53:34,COMPLETED
4709,642155,2580,00:11:16,10:54:21,FAILED
4710,411281,8465,16:10:46,04:14:22,DROPPED
4711,821303,5499,18:10:51,05:53:04,FAILED
4712,152008,6666,09:19:57,07:01:17,FAILED
4713,194709,6886,09:19:35,03:49:22,FAILED
4714,159343,8301,17:46:39,15:23:05,FAILED
4715,974458,7597,23:53:36,22:11:01,FAILED
4716,447985,8946,08:32:26,06:14:57,FAILED
4717,880034,3158,14:29:28,05:38:00,COMPLETED
4718,111137,2814,06:07:24,11:28:35,FAILED
4719,992083,8048,20:28:58,06:49:12,DROPPED
4720,451970,2362,07:59:09,05:15:32,FAILED
4721,783002,8274,06:17:13,12:36:46,COMPLETED
4722,756493,8524,05:43:13,12:59:39,COMPLETED
4723,364544,4066,21:38:04,11:23:30,FAILED
4724,366599,6281,00:40:14,20:35:50,COMPLETED
4725,537718,4920,09:22:58,12:52:35,FAILED
4726,521250,1593,10:44:58,02:40:54,FAILED
4727,133642,9492,10:57:03,01:19:22,FAILED
4728,104080,7955,19:15:05,12:00:56,COMPLETED
4729,182141,7746,11:53:24,18:43:08,DROPPED
4730,150585,7045,05:06:17,15:02:42,DROPPED
4731,470112,9645,21:38:28,12:59:06,COMPLETED
4732,736886,8705,01:39:27,21:14:23,FAILED
4733,148278,5669,18:01:56,23:46:20,DROPPED
4734,515970,8346,23:53:51,14:34:25,FAILED
4735,557509,2871,21:36:43,17:04:06,DROPPED
4736,566344,3392,00:27:21,04:58:14,COMPLETED
4737,176515,3909,16:41:57,05:53:29,FAILED
4738,538114,2938,13:16:47,21:33:53,DROPPED
4739,833182,1700,08:04:31,11:39:11,FAILED
4740,846942,9985,14:08:28,23:00:49,COMPLETED
4741,864268,5707,02:48:38,03:29:40,COMPLETED
4742,920922,7349,16:22:35,22:13:35,COMPLETED
4743,807893,9181,10:57:09,10:25:01,FAILED
4744,101939,1728,12:13:38,20:52:34,FAILED
4745,292480,2202,05:48:41,13:37:39,FAILED
4746,121097,8042,02:29:22,14:51:03,FAILED
4747,829732,2934,15:21:14,04:52:17,FAILED
4748,139963,4394,00:56:40,22:47:10,DROPPED
4749,398954,8755,19:17:20,01:30:21,COMPLETED
4750,696376,2897,09:40:38,01:56:07,FAILED
4751,435525,6049,10:17:45,04:32:27,COMPLETED
4752,340361,2556,17:35:35,18:57:46,COMPLETED
4753,257007,4482,00:05:50,06:26:49,DROPPED
4754,274381,2389,16:14:08,16:44:08,FAILED
4755,755811,7505,13:00:02,08:22:16,FAILED
4756,433970,2288,17:14:41,12:06:00,COMPLETED
4757,595390,1652,03:22:34,21:37:19,COMPLETED
4758,157177,7218,02:51:54,22:55:34,DROPPED
4759,767128,9635,14:05:12,23:41:39,DROPPED
4760,939530,8021,04:07:42,01:25:47,DROPPED
4761,660033,3655,12:34:09,11:35:19,COMPLETED
4762,529817,4963,10:05:05,01:43:28,COMPLETED
4763,289288,4081,22:12:25,15:59:02,COMPLETED
4764,135969,9663,14:17:22,12:09:45,FAILED
4765,331610,9385,06:07:15,04:11:42,FAILED
4766,887116,1880,17:53:18,01:30:33,FAILED
4767,513996,9380,17:07:49,17:50:16,COMPLETED
4768,861214,6444,02:17:43,09:08:00,DROPPED
4769,865590,3170,15:32:17,06:12:08,DROPPED
4770,568540,5649,04:31:48,20:21:00,COMPLETED
4771,895370,2769,08:50:41,00:28:10,COMPLETED
4772,199161,6085,19:09:21,16:58:35,DROPPED
4773,475546,1189,00:16:12,07:06:53,DROPPED
4774,784885,9207,06:28:14,03:56:38,FAILED
4775,487126,7370,20:42:32,18:05:14,DROPPED
4776,135928,7505,20:18:13,18:39:38,FAILED
4777,364126,6931,13:36:04,02:21:30,COMPLETED
4778,966238,2041,20:38:44,04:01:24,FAILED
4779,363074,6212,21:29:19,05:13:30,DROPPED
4780,176559,3943,10:50:27,12:23:05,COMPLETED
4781,909090,3500,06:49:37,13:28:42,DROPPED
4782,521375,9135,22:30:01,15:11:18,FAILED
4783,730382,9530,22:56:59,04:04:26,FAILED
4784,951298,4635,23:07:51,19:55:01,DROPPED
4785,966721,1383,04:41:09,01:29:57,COMPLETED
4786,507322,3984,10:37:17,13:14:17,DROPPED
4787,513789,2203,11:46:20,04:11:52,COMPLETED
4788,866134,8491,05:35:33,19:12:50,DROPPED
4789,307834,7587,08:49:19,09:53:10,COMPLETED
4790,716243,1375,02:22:14,20:57:35,COMPLETED
4791,469546,3400,11:52:09,07:50:21,DROPPED
4792,488194,1405,17:16:10,22:27:21,COMPLETED
4793,444032,2752,09:51:59,11:21:30,COMPLETED
4794,865689,3736,23:33:52,22:02:07,COMPLETED
4795,565903,3362,13:00:38,03:29:06,FAILED
4796,784570,6295,20:59:27,11:58:30,FAILED
4797,209227,8608,04:54:07,07:54:57,COMPLETED
4798,639363,6242,07:57:52,18:38:42,COMPLETED
4799,490238,7027,16:40:05,23:29:34,COMPLETED
4800,662025,5584,20:22:35,03:34:49,COMPLETED
4801,199628,7205,21:39:41,00:02:23,COMPLETED
4802,864951,3726,22:57:23,12:19:12,DROPPED
4803,407207,6843,22:37:23,20:53:59,FAILED
4804,666808,9750,00:51:03,00:59:53,FAILED
4805,481854,5014,09:09:22,07:14:29,FAILED
4806,948466,9666,01:42:18,16:17:39,DROPPED
4807,264334,7322,08:17:16,05:32:01,COMPLETED
4808,278064,1944,08:51:46,17:27:32,FAILED
4809,832685,9369,17:00:42,05:37:53,FAILED
4810,796003,6663,23:03:34,21:44:49,COMPLETED
4811,827898,7733,10:38:14,20:24:01,FAILED
4812,429646,6313,00:07:53,00:46:10,DROPPED
4813,235048,6926,02:37:13,01:41:29,COMPLETED
4814,126509,9952,07:08:28,12:40:53,FAILED
4815,184936,6180,05:59:48,04:55:03,DROPPED
4816,803892,4225,22:39:19,02:45:54,COMPLETED
4817,602296,9762,18:18:15,17:40:28,FAILED
4818,590104,5926,19:33:28,05:44:34,FAILED
4819,668229,4184,21:20:40,19:30:28,DROPPED
4820,677441,1664,04:03:43,12:06:47,DROPPED
4821,769842,9611,18:00:40,12:52:32,DROPPED
4822,339795,1821,17:03:31,10:27:37,FAILED
4823,875176,4374,03:55:02,15:13:39,FAILED
4824,326509,6158,19:05:53,06:52:39,DROPPED
4825,861984,2618,00:50:41,02:04:01,COMPLETED
4826,820372,5941,15:39:20,06:02:59,FAILED
4827,455234,6258,06:00:20,13:47:14,DROPPED
4828,583842,4789,09:17:32,18:23:18,FAILED
4829,294071,3177,02:03:54,05:18:39,COMPLETED
4830,602732,8664,14:59:29,22:02:40,FAILED
4831,800580,9795,22:17:37,05:47:33,FAILED
4832,861302,3860,09:03:40,18:00:58,FAILED
4833,139882,9920,22:11:05,02:17:40,COMPLETED
4834,190252,9252,22:13:51,20:31:15,COMPLETED
4835,144412,1052,00:03:39,18:34:35,DROPPED
4836,890191,5220,02:59:40,02:04:27,FAILED
4837,566502,2919,13:38:07,06:41:03,DROPPED
4838,884265,2663,16:04:09,18:04:01,COMPLETED
4839,223944,8330,12:56:31,13:39:15,FAILED
4840,964764,2955,03:08:26,07:49:40,DROPPED
4841,860692,4856,12:22:25,12:42:21,DROPPED
4842,864983,2030,18:16:38,04:36:32,COMPLETED
4843,422095,5872,15:46:16,06:51:54,COMPLETED
4844,282840,4517,20:44:39,22:55:15,FAILED
4845,954667,5662,05:48:38,16:30:51,FAILED
4846,855916,3864,13:44:25,19:05:46,DROPPED
4847,871489,4824,15:27:48,09:50:46,DROPPED
4848,425330,5895,14:22:37,10:07:34,COMPLETED
4849,577359,2295,03:01:42,07:39:03,FAILED
4850,829983,9723,07:40:40,15:21:07,COMPLETED
4851,640306,5380,09:17:31,13:05:27,FAILED
4852,975957,6465,03:59:24,22:02:46,COMPLETED
4853,897932,9066,01:39:27,03:00:36,DROPPED
4854,367981,1566,01:41:32,23:46:27,COMPLETED
4855,417543,2662,22:56:59,00:52:50,DROPPED
4856,427471,9030,09:02:36,03:16:22,COMPLETED
4857,870890,3851,02:39:16,15:35:14,FAILED
4858,122876,4220,21:33:01,00:07:21,DROPPED
4859,649777,5219,22:29:05,04:18:13,DROPPED
4860,852388,7037,16:16:19,16:07:00,COMPLETED
4861,906641,8687,13:35:07,00:39:14,FAILED
4862,600304,3346,10:46:03,11:42:42,DROPPED
4863,266413,2434,21:52:03,04:40:28,COMPLETED
4864,931642,2661,11:46:50,23:50:22,FAILED
4865,420473,4433,08:05:06,11:05:22,COMPLETED
4866,807028,6920,20:17:20,09:01:22,COMPLETED
4867,755369,6477,11:01:40,18:16:52,COMPLETED
4868,697488,8508,00:14:54,13:28:11,FAILED
4869,302681,8360,03:05:07,21:34:37,DROPPED
4870,774653,7997,02:44:48,17:53:03,FAILED
4871,722503,4563,07:49:00,00:58:20,COMPLETED
4872,540495,7093,03:03:30,07:29:33,DROPPED
4873,821197,7671,08:39:38,20:04:32,DROPPED
4874,112647,1886,21:40:25,17:05:02,FAILED
4875,913746,1186,06:10:28,11:26:08,DROPPED
4876,704569,6941,20:30:17,03:32:42,COMPLETED
4877,233626,8536,13:55:53,06:08:37,COMPLETED
4878,717391,4466,01:12:59,23:07:13,FAILED
4879,643852,4106,14:25:45,00:12:56,COMPLETED
4880,960910,9821,09:58:04,11:06:14,FAILED
4881,179258,2481,06:33:53,01:53:39,COMPLETED
4882,609435,4361,17:48:29,12:34:26,COMPLETED
4883,785477,3890,15:44:17,15:53:40,COMPLETED
4884,938098,8571,02:16:12,20:54:37,FAILED
4885,803030,8722,15:08:47,11:23:48,FAILED
4886,807497,8069,19:56:03,09:22:30,FAILED
4887,469005,1756,03:21:15,07:06:57,DROPPED
4888,333749,9944,06:52:14,10:09:14,DROPPED
4889,688701,6564,07:41:17,19:11:40,FAILED
4890,201093,9754,01:46:49,22:58:36,FAILED
4891,527125,8895,22:34:03,01:10:39,COMPLETED
4892,885436,9402,23:39:38,16:04:11,FAILED
4893,172988,5037,06:32:39,07:41:45,DROPPED
4894,885709,2845,00:02:40,01:54:25,COMPLETED
4895,781900,7765,07:21:04,08:44:29,DROPPED
4896,554217,3260,07:06:18,20:15:07,FAILED
4897,937742,3259,14:24:44,14:55:47,DROPPED
4898,201289,7313,20:09:01,00:07:39,COMPLETED
4899,328169,6450,13:17:39,14:17:25,DROPPED
4900,297775,8922,19:28:10,06:36:39,COMPLETED
4901,560080,9150,20:00:41,07:35:18,DROPPED
4902,495206,4439,13:18:17,06:11:31,FAILED
4903,504433,7218,02:04:07,14:45:00,FAILED
4904,708747,9294,17:37:22,07:34:08,FAILED
4905,236563,6493,15:04:35,22:02:52,FAILED
4906,213103,5683,23:48:39,01:51:37,DROPPED
4907,143580,8925,13:30:36,01:49:09,FAILED
4908,691634,7380,22:02:50,05:37:27,COMPLETED
4909,621860,5536,03:09:35,19:37:58,FAILED
4910,961878,8935,03:15:51,19:27:04,DROPPED
4911,956386,2667,23:15:12,04:22:38,COMPLETED
4912,300236,3549,14:39:28,18:32:17,DROPPED
4913,196047,9238,06:22:34,00:07:08,COMPLETED
4914,934751,3999,00:57:16,15:42:22,FAILED
4915,384058,5164,10:54:20,13:33:05,COMPLETED
4916,503933,3775,07:47:04,13:34:58,DROPPED
4917,849963,6074,07:31:37,23:10:29,DROPPED
4918,431658,9187,08:37:50,08:31:53,DROPPED
4919,539376,6700,17:12:22,09:19:04,FAILED
4920,943225,7427,07:29:33,15:47:13,FAILED
4921,313813,7650,14:06:20,00:31:42,FAILED
4922,246495,4912,13:43:13,01:00:33,DROPPED
4923,508548,6395,12:54:05,22:08:23,DROPPED
4924,356379,8328,04:20:31,04:44:24,FAILED
4925,612193,8656,03:13:37,23:09:50,DROPPED
4926,482227,4181,14:39:13,21:22:01,COMPLETED
4927,646104,1194,10:13:16,01:57:09,COMPLETED
4928,586390,4742,02:38:28,22:38:30,COMPLETED
4929,392106,9540,10:31:53,10:06:45,COMPLETED
4930,957640,3994,22:47:36,21:29:59,DROPPED
4931,312171,9490,04:35:58,19:13:13,FAILED
4932,265490,4885,15:24:02,05:02:32,DROPPED
4933,696784,4609,01:22:09,18:32:16,DROPPED
4934,125931,1692,06:04:47,06:02:01,FAILED
4935,217202,4668,02:22:40,13:52:27,DROPPED
4936,930400,9321,14:26:00,19:15:01,FAILED
4937,289177,6074,12:32:54,07:13:21,COMPLETED
4938,536649,2002,20:45:19,02:03:46,DROPPED
4939,652738,8486,21:59:17,06:16:33,FAILED
4940,280481,4696,14:40:22,03:17:25,DROPPED
4941,735175,9357,09:16:57,05:15:10,FAILED
4942,452978,9010,04:45:26,06:31:51,DROPPED
4943,671830,8658,12:12:55,15:45:12,DROPPED
4944,379389,7996,22:35:34,18:12:52,FAILED
4945,476584,4974,10:02:18,02:39:14,FAILED
4946,127710,3955,17:55:07,11:19:52,COMPLETED
4947,490697,9030,11:56:01,02:45:34,DROPPED
4948,936634,6088,07:47:14,18:13:27,FAILED
4949,101118,4665,14:02:15,17:23:14,DROPPED
4950,662075,6000,01:06:48,14:33:43,COMPLETED
4951,165644,1349,08:37:34,14:57:50,DROPPED
4952,132542,9956,12:15:30,08:35:05,DROPPED
4953,660088,2570,20:22:26,16:30:22,COMPLETED
4954,429356,8931,09:27:18,14:58:04,DROPPED
4955,238519,6069,08:09:53,01:43:06,COMPLETED
4956,943898,5424,07:07:11,13:49:21,COMPLETED
4957,413362,9506,03:22:29,11:57:37,DROPPED
4958,811211,5483,20:10:05,20:39:22,FAILED
4959,103324,3500,10:58:47,19:13:23,FAILED
4960,302601,4361,09:35:46,16:48:57,COMPLETED
4961,212560,9782,23:39:10,07:20:55,DROPPED
4962,663311,8962,09:47:18,16:02:17,COMPLETED
4963,715134,8603,00:31:25,18:42:00,DROPPED
4964,857153,4955,08:21:36,09:22:00,COMPLETED
4965,913118,3046,00:41:54,23:55:23,FAILED
4966,116752,4274,15:39:03,09:54:38,DROPPED
4967,489431,2156,11:46:36,22:25:40,DROPPED
4968,909025,2163,08:24:21,20:46:27,FAILED
4969,921873,5136,19:15:05,08:44:18,COMPLETED
4970,503374,6521,07:15:19,01:32:35,COMPLETED
4971,106247,4065,03:10:07,04:37:06,FAILED
4972,307667,4634,16:15:51,21:53:08,FAILED
4973,376739,5730,10:12:40,23:20:39,FAILED
4974,409843,3547,12:32:16,00:35:44,COMPLETED
4975,242433,1663,21:08:01,11:24:42,COMPLETED
4976,617887,8838,14:09:12,22:54:11,DROPPED
4977,480015,7919,11:47:20,01:40:03,COMPLETED
4978,134868,8193,06:35:37,16:03:59,FAILED
4979,143198,4813,00:02:53,14:04:06,COMPLETED
4980,842185,6530,22:11:32,05:48:52,FAILED
4981,587902,7207,00:52:12,07:22:33,DROPPED
4982,602408,5253,13:39:30,08:41:41,DROPPED
4983,139087,2497,13:11:31,18:39:28,DROPPED
4984,972317,2285,20:12:55,00:56:33,DROPPED
4985,141361,5197,18:19:43,03:53:17,COMPLETED
4986,935463,5286,23:46:30,04:54:19,FAILED
4987,483425,5158,13:58:49,09:07:06,COMPLETED
4988,552824,7079,02:23:23,04:31:13,FAILED
4989,540003,2721,13:15:48,06:16:16,FAILED
4990,361712,7875,09:27:34,08:47:06,COMPLETED
4991,612372,9841,16:58:19,15:18:44,COMPLETED
4992,827723,1444,16:25:35,23:20:10,COMPLETED
4993,188162,2426,16:33:41,11:08:36,DROPPED
4994,865282,6587,06:19:18,00:38:15,FAILED
4995,858307,9844,23:31:46,04:35:31,FAILED
4996,168326,4127,10:31:02,08:51:17,DROPPED
4997,842499,1725,23:49:54,04:33:17,COMPLETED
4998,590840,8117,03:28:56,22:58:49,COMPLETED
4999,860343,4712,01:01:44,11:31:25,COMPLETED
5000,198670,7533,14:50:43,03:56:49,COMPLETED
5001,496389,9931,15:04:26,14:08:14,COMPLETED
5002,377117,8176,23:39:52,13:31:20,FAILED
5003,927842,2461,13:35:42,15:19:40,DROPPED
5004,556851,1051,15:39:59,14:13:32,DROPPED
5005,999444,6278,23:53:28,09:01:18,DROPPED
5006,566860,9517,02:53:47,00:31:00,FAILED
5007,134586,4511,12:44:45,03:37:24,FAILED
5008,108656,4542,14:58:40,17:34:45,DROPPED
5009,218938,5015,17:13:47,15:00:23,COMPLETED
5010,686308,2851,03:43:02,13:16:50,DROPPED
5011,683036,2485,06:50:54,12:13:50,DROPPED
5012,128910,2290,09:53:49,05:26:20,FAILED
5013,249860,8406,13:01:23,17:26:42,COMPLETED
5014,595034,6924,08:20:47,21:42:48,COMPLETED
5015,615378,7479,07:03:55,15:37:54,COMPLETED
5016,441464,4589,15:46:41,12:31:51,DROPPED
5017,173941,9575,05:20:04,01:59:50,DROPPED
5018,147062,5708,03:28:43,08:28:17,DROPPED
5019,941418,5504,23:00:06,12:08:03,COMPLETED
5020,703565,2131,16:59:16,08:06:35,DROPPED
5021,252571,4682,18:00:12,04:45:48,FAILED
5022,916172,9121,10:57:55,12:42:53,FAILED
5023,190166,4637,13:17:03,11:29:52,FAILED
5024,246641,8002,15:38:05,21:54:47,FAILED
5025,586841,1728,05:01:09,17:55:12,COMPLETED
5026,634297,8019,23:32:05,12:11:08,COMPLETED
5027,461761,6418,13:22:13,07:22:21,COMPLETED
5028,188457,6523,00:21:21,00:10:32,FAILED
5029,817805,9765,05:10:02,07:45:10,COMPLETED
5030,711118,2355,13:49:22,12:10:37,FAILED
5031,646808,7697,06:01:26,02:01:34,DROPPED
5032,953755,3998,00:50:04,06:53:12,COMPLETED
5033,108147,1130,00:55:03,16:46:44,COMPLETED
5034,167093,4336,23:28:31,00:02:29,FAILED
5035,383760,7356,14:16:52,00:28:04,FAILED
5036,968522,4220,13:41:28,08:53:14,COMPLETED
5037,227633,7313,02:21:16,23:35:47,FAILED
5038,756629,2801,13:05:25,03:22:27,COMPLETED
5039,841175,4694,19:10:36,00:50:21,DROPPED
5040,344751,5076,07:59:02,14:42:15,FAILED
5041,486056,7831,22:40:57,00:22:12,FAILED
5042,205827,7322,22:47:21,03:16:47,COMPLETED
5043,613599,3357,22:24:59,21:48:25,FAILED
5044,102056,5435,09:21:05,08:32:53,DROPPED
5045,718386,6274,10:40:39,03:41:43,DROPPED
5046,650557,9620,17:42:48,07:49:28,COMPLETED
5047,123738,2292,14:16:36,21:10:41,COMPLETED
5048,859882,2678,03:49:26,11:48:09,COMPLETED
5049,928164,4651,02:42:29,05:20:39,FAILED
5050,879255,4052,10:57:52,06:20:00,COMPLETED
5051,510381,3121,17:17:04,21:34:30,COMPLETED
5052,348272,1709,19:24:13,15:05:27,DROPPED
5053,906780,7168,06:41:34,02:49:04,DROPPED
5054,784874,2292,04:13:04,15:19:18,COMPLETED
5055,567581,6067,02:28:19,13:21:49,FAILED
5056,841896,5760,21:01:40,19:01:28,COMPLETED
5057,370429,2749,21:18:16,05:39:47,DROPPED
5058,388371,5000,06:33:38,10:50:12,COMPLETED
5059,534956,6000,16:00:31,15:55:26,FAILED
5060,993480,2356,12:18:59,16:14:03,FAILED
5061,203133,4964,04:50:45,10:07:28,COMPLETED
5062,497324,9503,19:02:31,13:26:39,COMPLETED
5063,109230,4209,01:21:43,04:01:06,COMPLETED
5064,567111,2497,19:46:59,17:38:12,FAILED
5065,742683,8415,02:27:28,17:18:41,DROPPED
5066,449439,9288,04:33:25,00:32:52,DROPPED
5067,147264,4752,05:15:31,23:48:46,FAILED
5068,746580,3699,17:12:52,08:06:00,FAILED
5069,231051,1783,09:47:25,07:48:59,COMPLETED
5070,716757,6507,14:41:38,13:04:41,FAILED
5071,690344,8131,20:38:42,20:37:29,FAILED
5072,388444,5254,07:26:44,08:19:29,DROPPED
5073,909784,8584,02:32:08,19:51:58,DROPPED
5074,798543,8501,09:50:02,20:25:29,DROPPED
5075,571256,5267,14:42:36,10:34:49,FAILED
5076,293609,8174,10:38:11,21:41:17,FAILED
5077,673716,6748,07:29:26,22:10:38,FAILED
5078,936093,4389,00:17:04,10:51:19,DROPPED
5079,266497,5945,16:23:31,17:18:17,COMPLETED
5080,621231,5145,08:57:10,08:26:47,FAILED
5081,116172,1706,01:10:22,19:14:11,FAILED
5082,950387,3227,20:11:17,19:13:34,FAILED
5083,324819,2622,05:03:05,13:35:20,COMPLETED
5084,738783,1347,03:58:45,11:15:21,COMPLETED
5085,500185,2801,01:56:00,21:19:14,FAILED
5086,339597,3399,02:01:09,19:10:39,DROPPED
5087,663725,6760,18:59:38,16:19:29,FAILED
5088,864782,7474,09:05:59,20:52:28,COMPLETED
5089,965721,2695,17:45:28,17:16:10,COMPLETED
5090,709473,8392,19:45:39,22:32:46,DROPPED
5091,984461,3032,20:38:53,08:20:03,FAILED
5092,681078,5380,08:06:15,12:47:52,COMPLETED
5093,944131,1258,11:52:26,23:12:49,COMPLETED
5094,426983,4969,04:14:20,14:40:27,COMPLETED
5095,927616,5133,02:04:39,16:51:57,COMPLETED
5096,771289,2742,17:57:50,00:54:55,COMPLETED
5097,461038,4159,03:28:58,21:41:59,FAILED
5098,760787,8056,17:47:17,08:55:26,COMPLETED
5099,358407,5852,02:51:13,06:45:04,DROPPED
5100,814412,3197,17:38:58,05:07:51,COMPLETED
5101,489977,6988,12:46:39,22:34:45,FAILED
5102,735826,7589,18:57:48,22:15:01,DROPPED
5103,233001,5173,01:48:22,02:20:21,COMPLETED
5104,414719,1805,05:19:15,06:41:00,DROPPED
5105,524539,9749,08:14:50,01:06:16,FAILED
5106,993631,8412,07:45:36,02:35:21,COMPLETED
5107,438572,5949,22:10:11,08:12:23,COMPLETED
5108,289295,3923,23:40:01,20:06:12,DROPPED
5109,954243,7634,09:07:43,23:08:36,DROPPED
5110,512632,1561,11:09:04,22:47:47,DROPPED
5111,618698,4570,14:31:32,18:29:18,DROPPED
5112,874942,5010,19:04:54,21:28:23,FAILED
5113,203838,8802,02:59:23,19:22:30,COMPLETED
5114,546346,3416,21:34:32,14:27:23,COMPLETED
5115,961131,9410,06:45:51,08:04:50,COMPLETED
5116,190991,7172,21:07:08,14:30:40,DROPPED
5117,331910,3977,20:35:53,03:41:32,FAILED
5118,562366,3993,05:54:29,01:34:43,COMPLETED
5119,540397,3063,21:03:40,10:53:52,COMPLETED
5120,813485,5074,00:17:46,13:06:29,DROPPED
5121,877472,9606,02:37:08,12:32:59,COMPLETED
5122,333854,4525,02:51:47,00:34:28,FAILED
5123,367632,4280,17:35:04,01:54:13,FAILED
5124,420424,4622,15:44:34,20:17:30,COMPLETED
5125,376850,4926,09:00:58,22:40:32,FAILED
5126,535847,5105,23:28:50,21:50:56,COMPLETED
5127,659361,8945,03:52:21,15:35:26,FAILED
5128,361121,5615,17:34:58,09:06:18,FAILED
5129,401407,6962,13:10:52,12:30:57,COMPLETED
5130,755949,6476,22:03:47,06:18:39,FAILED
5131,924221,1686,09:41:19,15:12:43,FAILED
5132,288464,1214,03:50:36,13:18:05,DROPPED
5133,759367,4557,06:29:23,13:46:02,COMPLETED
5134,227785,3705,22:38:20,12:41:37,COMPLETED
5135,498455,3987,06:11:00,20:58:49,COMPLETED
5136,333821,9827,08:39:49,16:54:38,COMPLETED
5137,657692,8125,22:54:22,18:51:12,COMPLETED
5138,154141,8510,05:17:12,15:41:20,DROPPED
5139,782785,5788,03:19:57,22:49:29,COMPLETED
5140,539932,5767,04:17:00,20:10:51,COMPLETED
5141,752009,9175,05:21:22,08:47:58,COMPLETED
5142,213842,5432,03:22:13,11:38:52,DROPPED
5143,200207,3099,07:38:55,02:40:41,DROPPED
5144,512049,3212,15:16:14,18:18:20,FAILED
5145,867061,8710,10:34:17,00:46:11,COMPLETED
5146,589026,1370,06:38:03,12:57:18,DROPPED
5147,820805,8706,09:40:09,18:33:00,DROPPED
5148,697132,8329,02:28:42,10:08:04,DROPPED
5149,982858,1524,11:47:24,17:56:30,COMPLETED
5150,484952,3884,02:17:51,11:26:13,DROPPED
5151,771233,8189,16:23:29,07:40:18,COMPLETED
5152,687610,3272,04:10:03,15:02:36,COMPLETED
5153,891502,3885,03:36:41,01:35:09,FAILED
5154,504401,6778,07:16:39,17:12:19,COMPLETED
5155,581217,5643,21:32:20,07:22:28,COMPLETED
5156,511820,2829,22:38:51,09:08:36,DROPPED
5157,435870,3020,02:37:58,13:07:29,COMPLETED
5158,357274,5572,04:33:28,22:31:11,COMPLETED
5159,757452,9760,18:15:44,02:08:17,COMPLETED
5160,878447,4714,10:53:46,12:00:38,DROPPED
5161,858429,2385,14:34:45,11:14:36,FAILED
5162,971865,9296,13:45:33,15:58:10,FAILED
5163,870983,9016,08:21:05,09:58:00,COMPLETED
5164,506422,7410,14:11:14,15:41:15,FAILED
5165,379739,7700,04:55:26,12:33:56,DROPPED
5166,753749,2057,18:25:12,14:00:17,FAILED
5167,909168,5968,22:14:19,09:35:34,DROPPED
5168,169677,1509,15:03:44,22:20:09,COMPLETED
5169,425852,2656,04:57:49,02:42:52,COMPLETED
5170,351767,3123,00:27:13,20:58:56,FAILED
5171,160468,8197,17:12:42,02:58:27,FAILED
5172,326690,9043,10:07:28,13:56:59,DROPPED
5173,362147,8606,20:45:45,06:37:29,FAILED
5174,123903,6021,02:46:53,13:26:38,COMPLETED
5175,385600,6757,21:28:56,20:31:58,COMPLETED
5176,481891,2928,06:44:26,03:49:06,FAILED
5177,362896,9673,15:26:51,02:00:59,COMPLETED
5178,736225,2125,22:51:32,07:54:18,DROPPED
5179,363915,2656,23:01:10,05:31:44,FAILED
5180,216629,8628,06:59:40,06:14:53,DROPPED
5181,473275,9031,17:55:08,16:09:03,COMPLETED
5182,252088,1232,01:24:55,04:43:43,FAILED
5183,419838,7260,12:12:48,05:45:34,DROPPED
5184,852638,3812,11:40:49,09:57:03,DROPPED
5185,671473,5613,16:16:20,00:06:00,DROPPED
5186,187788,2164,02:59:29,13:17:24,DROPPED
5187,630862,4523,04:02:39,05:57:08,FAILED
5188,449903,2374,23:04:41,22:56:45,DROPPED
5189,611881,5163,15:25:08,03:53:27,FAILED
5190,772927,7738,06:37:46,02:12:23,DROPPED
5191,891955,6162,15:27:55,08:23:53,COMPLETED
5192,135301,7099,03:11:12,11:45:31,DROPPED
5193,720522,4929,12:09:43,23:04:22,DROPPED
5194,960418,1193,11:04:50,13:00:24,DROPPED
5195,495129,2373,17:28:52,05:43:17,FAILED
5196,478417,7844,00:09:13,15:55:43,COMPLETED
5197,612098,3907,14:07:44,12:35:33,COMPLETED
5198,776340,3237,21:01:38,07:21:29,DROPPED
5199,730382,8112,04:46:21,13:14:31,DROPPED
5200,713849,7961,07:04:56,12:14:19,DROPPED
5201,118638,2750,19:37:17,03:24:00,COMPLETED
5202,267684,4887,17:14:05,20:25:24,COMPLETED
5203,947650,5295,00:47:06,09:37:28,FAILED
5204,215114,9277,01:41:47,20:04:33,COMPLETED
5205,341546,6248,06:10:47,03:13:26,COMPLETED
5206,920961,4890,20:14:34,06:31:07,FAILED
5207,239335,8761,19:00:15,05:20:59,COMPLETED
5208,514446,9302,01:35:15,13:39:53,FAILED
5209,885634,4616,20:12:46,12:12:11,FAILED
5210,946808,9212,09:32:52,23:59:39,DROPPED
5211,835772,1041,11:24:05,18:38:59,DROPPED
5212,794708,3759,11:57:09,19:59:21,FAILED
5213,245659,8851,15:09:42,08:26:06,COMPLETED
5214,339899,1147,18:03:45,05:41:34,FAILED
5215,912462,8445,12:20:49,04:05:23,DROPPED
5216,125840,3109,03:26:11,12:16:19,FAILED
5217,841761,7976,16:05:49,23:35:41,FAILED
5218,141151,5037,15:23:51,09:18:34,COMPLETED
5219,768550,6216,09:25:51,14:59:02,FAILED
5220,314740,1554,08:54:31,01:46:20,DROPPED
5221,737051,6722,03:01:11,19:30:43,DROPPED
5222,591518,4194,18:34:29,13:12:00,FAILED
5223,471496,3596,19:38:58,17:35:18,DROPPED
5224,771689,8626,23:20:48,13:21:54,FAILED
5225,189582,1330,08:31:20,14:20:27,FAILED
5226,340378,7663,15:33:11,04:34:16,COMPLETED
5227,600051,5621,18:19:51,04:12:07,COMPLETED
5228,729847,5089,13:26:52,10:17:21,FAILED
5229,830233,2086,16:36:25,00:25:34,DROPPED
5230,888859,8558,14:57:55,17:13:58,DROPPED
5231,167976,1734,08:12:27,19:57:34,COMPLETED
5232,391122,3953,14:04:28,15:14:09,DROPPED
5233,492421,9734,08:59:18,06:41:28,FAILED
5234,162340,2606,12:21:32,23:38:52,DROPPED
5235,872535,3364,09:21:10,08:49:26,COMPLETED
5236,735529,1591,14:51:59,03:46:03,FAILED
5237,740451,1576,07:21:35,15:07:22,FAILED
5238,231168,7895,06:07:17,22:50:50,DROPPED
5239,215054,8525,18:34:40,18:22:17,FAILED
5240,549694,4569,19:21:11,11:51:51,DROPPED
5241,203942,8720,22:10:57,21:32:41,COMPLETED
5242,289916,3732,12:12:12,17:27:43,COMPLETED
5243,765805,9345,03:07:32,12:05:59,FAILED
5244,770396,9140,14:57:32,08:08:17,FAILED
5245,320623,6493,02:54:03,03:23:09,FAILED
5246,300204,8369,16:17:22,20:13:07,COMPLETED
5247,142316,2835,06:09:51,18:50:03,DROPPED
5248,732974,8577,19:30:34,05:08:49,DROPPED
5249,427607,3783,21:34:23,22:15:26,COMPLETED
5250,202227,6549,11:25:05,14:07:55,COMPLETED
5251,271388,5851,21:17:15,08:08:00,FAILED
5252,496724,2889,01:43:03,23:18:13,DROPPED
5253,940053,4516,12:18:32,14:40:02,COMPLETED
5254,937978,9506,21:23:56,18:57:51,COMPLETED
5255,607447,2947,23:22:16,14:17:47,COMPLETED
5256,946700,3406,01:24:24,03:39:42,COMPLETED
5257,452705,1418,10:45:59,22:52:16,DROPPED
5258,575015,7031,18:50:39,08:12:02,DROPPED
5259,396522,2666,18:45:53,03:13:03,COMPLETED
5260,724207,4216,11:27:56,10:07:51,COMPLETED
5261,297740,8864,10:15:58,23:25:21,COMPLETED
5262,871344,7480,02:22:31,14:35:52,FAILED
5263,169763,5705,02:33:11,04:36:15,DROPPED
5264,545094,6649,17:51:27,12:28:53,DROPPED
5265,682618,6814,01:49:26,16:31:56,FAILED
5266,365925,5476,10:31:08,06:03:33,FAILED
5267,488204,4215,00:31:30,01:54:40,DROPPED
5268,995675,5431,00:36:39,07:17:43,FAILED
5269,589660,3114,21:57:54,16:53:06,COMPLETED
5270,151204,2464,23:03:33,02:13:36,COMPLETED
5271,459385,9776,23:41:29,00:58:25,FAILED
5272,111594,8210,04:21:13,02:33:48,COMPLETED
5273,626921,7446,14:04:44,04:05:08,COMPLETED
5274,644945,5676,23:42:28,15:55:45,DROPPED
5275,802079,1862,08:16:52,09:38:14,DROPPED
5276,740432,7746,11:48:39,04:41:02,FAILED
5277,371568,3085,19:09:39,01:43:39,FAILED
5278,432128,3166,05:04:22,22:43:46,DROPPED
5279,269383,4080,07:35:28,07:58:38,FAILED
5280,397292,9995,10:14:47,03:50:47,COMPLETED
5281,143258,8713,00:52:38,19:48:23,FAILED
5282,671628,6088,11:45:23,00:13:58,COMPLETED
5283,499732,3403,18:40:57,05:57:17,COMPLETED
5284,755051,7975,10:40:02,23:01:10,COMPLETED
5285,804084,1325,05:15:12,08:31:04,DROPPED
5286,969273,5435,23:31:34,06:50:31,DROPPED
5287,248693,2607,06:02:40,20:20:58,FAILED
5288,476574,9954,12:36:48,10:54:35,FAILED
5289,276714,7561,18:50:44,21:18:04,FAILED
5290,952202,9192,22:02:57,06:08:38,FAILED
5291,367411,3872,11:31:50,10:31:49,FAILED
5292,211266,7294,12:04:21,02:55:44,COMPLETED
5293,318641,7736,16:28:03,14:43:02,COMPLETED
5294,867463,3691,19:45:15,23:58:36,FAILED
5295,511794,4280,19:03:04,22:20:51,COMPLETED
5296,850127,5978,01:01:30,16:23:13,DROPPED
5297,412868,5988,04:09:30,16:50:35,FAILED
5298,230256,5664,20:42:27,07:34:46,FAILED
5299,302323,4653,09:52:54,00:12:46,DROPPED
5300,507180,5372,04:16:04,21:17:16,FAILED
5301,115057,4319,07:28:16,09:36:47,DROPPED
5302,976364,1636,23:58:06,08:09:33,COMPLETED
5303,712642,2755,13:15:51,15:26:23,DROPPED
5304,750925,6239,08:32:01,10:26:31,FAILED
5305,930039,2101,21:38:52,02:47:22,FAILED
5306,497720,4746,06:21:38,04:11:29,FAILED
5307,971621,5591,06:12:41,20:01:14,DROPPED
5308,144803,7124,09:40:56,04:26:23,DROPPED
5309,334375,1923,18:38:26,23:13:49,COMPLETED
5310,803194,6115,23:31:42,18:45:02,DROPPED
5311,990909,7889,23:25:25,20:37:32,DROPPED
5312,867144,1314,16:11:55,11:11:31,FAILED
5313,238123,3867,16:26:09,02:18:05,FAILED
5314,568191,5071,22:03:05,23:36:21,FAILED
5315,864291,4092,06:53:18,09:29:45,FAILED
5316,771182,7864,18:46:20,19:05:10,DROPPED
5317,966728,7960,04:01:00,07:50:03,DROPPED
5318,724439,8039,22:11:42,14:46:55,COMPLETED
5319,471675,8800,07:55:20,21:26:01,DROPPED
5320,504259,6377,10:12:19,07:41:08,DROPPED
5321,135628,4473,09:15:28,20:35:22,COMPLETED
5322,180818,7319,10:51:40,18:41:01,FAILED
5323,135632,3321,10:27:02,06:55:00,DROPPED
5324,792777,3968,18:18:44,09:42:47,DROPPED
5325,394958,7043,10:10:58,18:37:28,COMPLETED
5326,588444,5306,21:33:58,12:12:30,FAILED
5327,587145,5728,16:55:33,20:06:38,FAILED
5328,536324,7369,09:36:20,18:47:15,FAILED
5329,536080,6056,03:41:19,21:00:08,FAILED
5330,447421,3822,15:53:40,05:21:29,FAILED
5331,636808,1629,14:35:49,16:01:15,FAILED
5332,787168,5896,11:09:15,05:54:18,DROPPED
5333,690414,8275,02:33:36,13:07:50,DROPPED
5334,883901,4784,10:22:39,19:30:54,COMPLETED
5335,588517,5034,22:49:30,17:31:01,COMPLETED
5336,912495,5460,15:13:26,07:51:03,FAILED
5337,592741,6442,13:02:40,00:41:03,DROPPED
5338,855024,8205,11:35:03,11:48:26,COMPLETED
5339,245766,2773,18:21:50,12:45:23,DROPPED
5340,459100,1448,15:01:31,11:28:42,DROPPED
5341,828753,4401,02:12:26,14:03:45,FAILED
5342,740394,2828,02:04:07,16:39:21,DROPPED
5343,904852,3030,10:40:42,23:37:37,FAILED
5344,859796,2508,16:47:51,05:17:18,FAILED
5345,808594,9631,22:38:17,13:32:54,COMPLETED
5346,556237,3539,15:46:52,06:58:54,DROPPED
5347,884421,7645,17:55:13,22:22:51,DROPPED
5348,953950,7885,07:42:11,01:55:35,FAILED
5349,372382,2037,17:15:44,08:14:16,FAILED
5350,545935,9687,20:40:49,22:30:51,COMPLETED
5351,668334,7790,19:31:40,18:32:35,FAILED
5352,729626,3304,01:28:05,16:22:12,DROPPED
5353,754711,6939,18:10:33,13:08:00,COMPLETED
5354,438319,2393,04:32:47,08:17:06,COMPLETED
5355,343853,1380,07:21:05,04:06:10,DROPPED
5356,590045,1178,07:18:08,09:33:38,COMPLETED
5357,895943,1392,15:09:52,15:12:18,DROPPED
5358,397544,4321,22:30:16,09:47:42,FAILED
5359,886220,5800,11:12:10,04:50:40,FAILED
5360,300307,5374,21:59:07,14:48:22,FAILED
5361,877742,4010,12:06:04,16:04:48,FAILED
5362,227699,2084,23:01:10,02:26:57,DROPPED
5363,636258,7964,09:57:39,09:41:03,DROPPED
5364,732870,4473,10:49:13,12:51:56,DROPPED
5365,688295,9890,04:02:20,23:55:35,COMPLETED
5366,959502,1449,18:56:31,17:33:05,DROPPED
5367,437897,6360,10:26:59,02:51:32,DROPPED
5368,334533,7683,11:30:10,17:58:02,COMPLETED
5369,718891,4607,20:19:39,19:17:24,COMPLETED
5370,592021,7749,20:22:48,06:51:24,DROPPED
5371,264873,3774,05:52:36,00:20:18,FAILED
5372,648628,5746,05:55:03,22:01:58,COMPLETED
5373,649168,6665,01:17:29,18:47:05,DROPPED
5374,614582,3210,07:25:49,21:59:05,DROPPED
5375,154628,2233,19:33:42,22:57:15,DROPPED
5376,999617,6402,04:58:31,06:32:15,DROPPED
5377,379320,9655,02:43:25,21:43:01,COMPLETED
5378,948180,4830,23:13:10,02:33:05,DROPPED
5379,698038,4455,22:44:37,19:22:09,DROPPED
5380,324810,1565,02:13:11,11:43:05,DROPPED
5381,142379,2569,04:00:27,09:19:57,DROPPED
5382,656357,5537,19:53:00,11:29:01,COMPLETED
5383,442265,5377,02:03:37,14:53:49,DROPPED
5384,623249,7788,08:10:29,17:53:28,DROPPED
5385,808624,9962,19:56:36,22:01:45,DROPPED
5386,878293,4229,03:02:56,01:48:38,COMPLETED
5387,642957,9227,20:34:31,21:08:28,COMPLETED
5388,585858,9495,15:57:11,02:49:26,FAILED
5389,703659,5262,14:28:05,15:20:01,FAILED
5390,747304,6013,02:45:40,07:46:06,DROPPED
5391,688579,9848,15:12:55,07:44:34,DROPPED
5392,215421,8309,04:25:39,12:40:14,COMPLETED
5393,101399,3951,16:29:34,19:50:55,DROPPED
5394,227533,2741,19:13:58,04:55:32,FAILED
5395,106609,4998,04:22:48,10:18:57,DROPPED
5396,527170,1771,20:41:56,18:29:53,COMPLETED
5397,432093,6030,02:11:15,11:29:29,DROPPED
5398,751396,1109,19:40:42,13:21:12,COMPLETED
5399,608976,4995,14:18:37,21:22:21,DROPPED
5400,292567,3878,03:07:12,00:20:06,COMPLETED
5401,526089,6880,02:51:04,00:00:14,DROPPED
5402,883766,9447,05:06:53,23:45:48,FAILED
5403,823556,7747,23:45:24,01:19:07,DROPPED
5404,524654,8805,23:18:11,15:03:47,COMPLETED
5405,508885,8265,09:54:25,17:49:39,DROPPED
5406,656587,8669,02:31:10,03:17:02,COMPLETED
5407,223473,1800,19:38:37,14:48:03,COMPLETED
5408,555350,7385,20:34:00,13:10:31,FAILED
5409,446616,2551,18:01:20,20:15:17,FAILED
5410,675117,3164,02:25:46,23:17:37,DROPPED
5411,334271,4236,19:51:52,07:14:20,FAILED
5412,519921,7627,18:18:13,23:35:25,COMPLETED
5413,731509,5800,21:44:32,05:03:40,DROPPED
5414,156785,6586,19:56:39,07:44:15,FAILED
5415,605382,8036,00:47:34,09:29:12,COMPLETED
5416,936146,1822,19:57:23,17:36:52,DROPPED
5417,913686,4357,04:46:38,10:27:05,DROPPED
5418,834319,7616,02:34:15,22:28:33,DROPPED
5419,159638,4890,15:10:28,12:46:31,DROPPED
5420,166240,7798,14:52:27,20:50:45,FAILED
5421,317462,9063,13:30:12,23:15:50,DROPPED
5422,890565,2578,09:32:18,07:23:12,FAILED
5423,724501,8565,00:47:33,13:49:47,COMPLETED
5424,824597,8272,16:01:19,22:36:14,DROPPED
5425,745725,7912,01:26:44,16:27:43,COMPLETED
5426,116413,9160,11:34:26,16:54:49,DROPPED
5427,125253,7058,02:29:29,15:02:30,FAILED
5428,943018,9866,08:04:18,10:47:05,FAILED
5429,866310,5102,08:08:55,06:29:29,COMPLETED
5430,960672,8376,13:15:22,03:13:52,FAILED
5431,366221,4490,05:41:41,22:17:06,COMPLETED
5432,886610,8534,22:55:01,05:01:42,COMPLETED
5433,381200,7099,02:04:12,20:53:32,COMPLETED
5434,627149,9664,18:50:35,10:54:43,COMPLETED
5435,522237,4501,20:48:06,01:04:40,FAILED
5436,341519,2232,10:24:04,20:52:19,FAILED
5437,293244,1767,04:43:37,10:46:18,FAILED
5438,403318,7329,15:04:59,12:06:50,COMPLETED
5439,697166,1046,22:20:26,00:19:19,COMPLETED
5440,414947,1382,18:58:04,03:19:21,COMPLETED
5441,849597,3233,12:10:34,21:52:41,FAILED
5442,728399,3274,00:04:14,15:57:03,DROPPED
5443,811049,9779,06:47:53,06:21:05,COMPLETED
5444,100026,9757,07:58:37,11:36:44,COMPLETED
5445,671145,1750,16:18:00,07:05:57,COMPLETED
5446,361539,6113,13:09:21,11:29:33,COMPLETED
5447,360663,1737,18:26:28,07:32:46,COMPLETED
5448,360890,8256,02:33:06,07:47:57,FAILED
5449,599908,4544,04:57:03,10:56:14,COMPLETED
5450,649080,2376,04:13:02,22:18:43,FAILED
5451,457166,9088,10:02:56,06:56:01,DROPPED
5452,935215,7193,00:40:18,03:07:34,FAILED
5453,802453,8769,20:17:34,05:23:17,DROPPED
5454,647522,3287,00:15:08,02:32:50,FAILED
5455,125754,1846,23:54:27,00:31:35,COMPLETED
5456,171293,4523,21:08:31,00:13:33,FAILED
5457,332689,4935,12:26:11,17:17:39,DROPPED
5458,616115,9166,21:21:27,21:50:32,FAILED
5459,436733,4280,13:30:49,11:17:14,DROPPED
5460,431636,9170,01:38:27,00:09:24,COMPLETED
5461,751249,4720,06:43:51,05:03:02,FAILED
5462,878366,9174,00:53:24,16:24:21,FAILED
5463,316298,6483,14:17:39,16:40:27,FAILED
5464,516057,7484,23:25:14,00:03:54,COMPLETED
5465,240822,6891,01:22:30,01:11:46,COMPLETED
5466,987327,9224,02:34:14,08:19:37,FAILED
5467,415460,5565,10:09:17,01:46:37,FAILED
5468,194479,2424,09:20:34,10:44:26,COMPLETED
5469,993983,8031,13:06:57,23:26:29,COMPLETED
5470,188608,5869,01:35:03,03:38:59,FAILED
5471,444618,8032,10:59:46,15:43:10,DROPPED
5472,166489,1874,05:23:52,10:59:14,COMPLETED
5473,749660,7399,12:01:00,02:35:30,DROPPED
5474,375145,2165,02:05:48,22:29:27,FAILED
5475,405490,4003,04:42:52,01:35:16,FAILED
5476,454010,3231,18:27:18,06:58:01,DROPPED
5477,119905,8458,16:50:16,16:53:21,DROPPED
5478,294425,7169,07:41:23,23:54:27,DROPPED
5479,798469,9766,18:40:04,21:24:21,COMPLETED
5480,464932,4229,19:44:13,12:50:45,DROPPED
5481,106051,4573,09:28:29,14:21:50,COMPLETED
5482,643391,4649,20:52:13,15:10:32,FAILED
5483,740544,6961,16:17:25,22:17:36,COMPLETED
5484,941495,1015,00:36:49,17:19:27,COMPLETED
5485,773363,2190,05:20:37,12:02:44,DROPPED
5486,512469,8465,22:13:58,23:42:34,COMPLETED
5487,709396,1953,01:29:51,05:40:03,DROPPED
5488,162016,5485,21:35:25,11:32:51,COMPLETED
5489,316629,6585,13:16:04,19:49:20,FAILED
5490,471663,5727,04:37:02,23:20:47,COMPLETED
5491,126504,6753,13:52:22,03:03:38,COMPLETED
5492,362464,5566,13:55:55,10:30:00,DROPPED
5493,175776,1168,14:16:22,01:26:52,COMPLETED
5494,775593,1536,01:43:54,13:44:52,COMPLETED
5495,392597,8078,12:06:51,09:40:18,FAILED
5496,330958,1102,07:40:01,07:38:19,FAILED
5497,730325,8059,22:50:34,01:41:16,COMPLETED
5498,403452,4895,01:30:47,14:19:14,COMPLETED
5499,676829,5331,03:20:03,09:20:42,DROPPED
5500,746328,2243,13:30:29,18:40:45,FAILED
5501,276440,7026,17:48:02,20:23:01,DROPPED
5502,315452,5007,14:29:58,08:04:39,COMPLETED
5503,975748,6210,22:03:54,19:30:48,COMPLETED
5504,923524,3391,13:50:13,21:49:06,FAILED
5505,441517,3324,16:43:31,19:08:38,COMPLETED
5506,291990,5736,07:04:47,18:15:40,DROPPED
5507,940063,5377,10:42:10,16:59:11,FAILED
5508,744070,2096,13:10:48,10:27:43,COMPLETED
5509,834877,4552,00:27:21,13:26:55,DROPPED
5510,931643,2974,16:50:42,10:18:37,DROPPED
5511,109875,8991,10:13:46,20:59:15,DROPPED
5512,879970,8592,10:22:53,14:59:17,DROPPED
5513,747324,3584,21:34:02,04:41:53,COMPLETED
5514,214046,7264,10:06:50,20:52:02,FAILED
5515,653839,6738,17:49:04,13:28:14,FAILED
5516,590181,1575,08:49:26,04:37:14,DROPPED
5517,204986,9847,01:36:52,22:08:12,DROPPED
5518,927065,2784,16:06:58,06:51:12,FAILED
5519,909339,8154,23:07:57,13:17:17,DROPPED
5520,994758,8528,18:03:05,00:08:10,FAILED
5521,454161,8677,02:55:32,11:12:43,FAILED
5522,481040,9193,14:58:19,11:20:25,COMPLETED
5523,344575,4191,02:36:54,15:16:56,DROPPED
5524,133827,8845,20:31:10,19:34:18,COMPLETED
5525,447041,4418,08:32:41,13:53:28,COMPLETED
5526,963917,3033,08:36:44,11:19:29,COMPLETED
5527,732063,6476,07:09:46,19:56:08,DROPPED
5528,817512,4670,07:27:15,03:16:19,FAILED
5529,898526,6662,02:57:43,08:58:53,DROPPED
5530,718573,7117,13:53:31,11:36:53,DROPPED
5531,686571,7603,14:01:53,05:21:55,DROPPED
5532,330338,6008,09:03:06,10:04:55,DROPPED
5533,780988,7487,00:25:07,06:49:05,DROPPED
5534,848860,4939,20:44:14,04:22:30,COMPLETED
5535,422735,7371,20:30:42,20:24:03,COMPLETED
5536,758628,7283,14:55:31,17:43:02,FAILED
5537,355323,1964,05:34:16,03:10:28,DROPPED
5538,731319,6945,01:11:44,03:02:00,FAILED
5539,170104,7931,14:25:16,22:10:44,FAILED
5540,387781,1741,18:30:29,16:14:37,DROPPED
5541,866103,8767,16:06:50,05:51:13,FAILED
5542,529592,8295,15:40:13,00:27:52,DROPPED
5543,160849,2193,12:20:06,02:31:07,FAILED
5544,663047,4916,19:38:03,23:08:37,COMPLETED
5545,437731,2060,05:47:29,20:44:56,FAILED
5546,365283,4370,07:52:00,11:08:51,FAILED
5547,288732,1127,02:36:24,16:10:53,COMPLETED
5548,752371,3692,17:21:36,16:48:28,COMPLETED
5549,490090,5290,09:01:56,18:31:02,FAILED
5550,155547,4371,02:35:27,23:00:59,FAILED
5551,991701,7851,00:26:41,05:10:27,DROPPED
5552,992980,1638,07:18:26,07:18:00,FAILED
5553,246392,8276,02:47:38,19:26:10,DROPPED
5554,165625,5776,06:57:21,13:25:01,FAILED
5555,989279,1648,23:20:46,19:58:56,FAILED
5556,290614,6777,07:38:13,07:24:22,DROPPED
5557,898276,7171,05:38:27,21:30:33,DROPPED
5558,463395,4038,06:11:15,19:53:32,FAILED
5559,546582,4274,02:40:57,12:54:18,FAILED
5560,100933,4721,15:26:27,03:23:19,DROPPED
5561,915328,2802,13:31:35,18:31:24,COMPLETED
5562,440745,4735,17:45:45,18:44:23,FAILED
5563,845272,1542,09:01:52,13:51:11,FAILED
5564,648515,3846,20:58:50,16:52:13,FAILED
5565,870483,9753,21:21:10,20:19:16,DROPPED
5566,451753,5727,20:31:48,11:49:11,DROPPED
5567,689340,5461,08:06:36,05:47:54,COMPLETED
5568,894427,5910,18:50:05,20:50:43,COMPLETED
5569,859038,5155,23:13:38,23:01:17,FAILED
5570,901808,3242,08:11:47,22:23:35,COMPLETED
5571,725154,5441,07:35:35,15:07:02,DROPPED
5572,224155,5372,02:18:20,02:47:01,DROPPED
5573,978742,6410,15:33:02,14:38:52,COMPLETED
5574,693287,7890,12:38:41,23:45:21,DROPPED
5575,312959,6529,03:37:00,02:38:22,COMPLETED
5576,940732,8581,21:21:09,07:10:48,COMPLETED
5577,573096,8998,06:25:54,23:25:40,FAILED
5578,169711,5429,22:40:21,17:15:37,COMPLETED
5579,666452,2080,05:19:15,05:05:09,FAILED
5580,599071,6941,03:51:33,18:50:25,DROPPED
5581,377972,3893,01:26:54,12:28:01,DROPPED
5582,250770,8049,09:34:47,00:58:45,DROPPED
5583,316541,4565,06:29:39,20:11:12,FAILED
5584,743482,8223,14:30:43,04:59:49,COMPLETED
5585,116703,4819,10:36:21,11:12:48,DROPPED
5586,312363,8645,14:36:30,13:56:18,DROPPED
5587,327849,6736,08:36:13,06:45:28,FAILED
5588,597538,8946,05:25:26,13:39:07,FAILED
5589,312831,9139,22:29:00,02:58:55,DROPPED
5590,123360,4764,02:14:58,23:30:05,DROPPED
5591,835559,6875,04:19:38,00:03:44,DROPPED
5592,784144,6780,06:02:37,07:52:59,DROPPED
5593,334129,8120,16:54:53,15:59:09,DROPPED
5594,652944,2869,16:43:02,08:04:28,FAILED
5595,866847,8370,18:41:56,20:09:57,COMPLETED
5596,847257,6277,15:20:24,14:30:23,COMPLETED
5597,446060,8516,21:31:46,23:47:23,DROPPED
5598,389493,7578,05:04:45,14:31:37,DROPPED
5599,133891,9966,13:45:03,01:18:32,FAILED
5600,354797,3895,00:23:11,15:02:30,FAILED
5601,478021,9364,23:02:31,09:58:44,COMPLETED
5602,440224,2062,18:42:55,09:27:46,DROPPED
5603,463815,9957,10:26:15,03:32:44,COMPLETED
5604,116025,9559,16:36:33,14:37:26,COMPLETED
5605,799849,2763,03:16:50,19:36:40,DROPPED
5606,310711,8115,23:25:00,18:08:19,COMPLETED
5607,207474,7482,08:15:17,20:32:21,FAILED
5608,338514,4558,22:16:43,22:47:16,COMPLETED
5609,337100,6336,06:47:05,03:22:53,DROPPED
5610,105100,2086,17:58:34,07:15:06,DROPPED
5611,470207,5466,03:50:43,11:06:08,FAILED
5612,597475,8818,05:46:59,01:26:34,COMPLETED
5613,799212,2258,15:39:58,17:14:05,DROPPED
5614,112345,8307,08:44:08,11:42:19,FAILED
5615,795465,3693,03:14:46,09:02:12,FAILED
5616,140378,4118,16:26:14,12:25:59,FAILED
5617,199421,3812,13:48:31,23:47:12,FAILED
5618,870212,6041,23:57:00,19:02:07,COMPLETED
5619,626419,5915,11:44:52,01:07:05,COMPLETED
5620,819809,4026,19:13:54,11:13:29,FAILED
5621,133689,3318,23:26:51,04:07:21,COMPLETED
5622,230798,9708,15:35:54,02:10:52,DROPPED
5623,203558,2282,19:16:21,17:52:28,COMPLETED
5624,959827,8340,18:01:59,03:52:36,COMPLETED
5625,143743,2591,06:45:13,01:35:17,COMPLETED
5626,168246,2957,05:00:37,01:44:23,COMPLETED
5627,310617,9245,05:02:29,10:45:35,FAILED
5628,700982,4210,19:14:07,03:13:14,FAILED
5629,635633,6418,04:24:50,21:37:17,FAILED
5630,508501,3500,03:43:47,13:27:50,DROPPED
5631,690722,1667,15:47:53,02:05:46,FAILED
5632,209614,2062,07:13:15,21:22:54,FAILED
5633,197384,1608,02:13:05,21:31:15,COMPLETED
5634,674610,3636,10:19:45,18:33:15,DROPPED
5635,752109,6761,02:38:13,23:05:11,FAILED
5636,217099,8560,16:20:08,10:45:17,DROPPED
5637,797943,1020,02:49:23,07:28:58,FAILED
5638,723956,6457,09:12:34,02:19:40,FAILED
5639,634528,3648,09:18:44,05:38:49,DROPPED
5640,207030,2520,00:35:48,02:51:57,FAILED
5641,247951,9156,08:57:51,04:44:04,DROPPED
5642,779627,9063,22:54:21,08:36:19,COMPLETED
5643,682785,6055,03:24:19,16:35:48,DROPPED
5644,172327,6573,05:24:17,03:56:26,FAILED
5645,862958,5832,18:54:22,22:18:21,DROPPED
5646,180392,2045,13:43:11,23:40:41,DROPPED
5647,944971,3565,11:00:24,11:35:34,FAILED
5648,612105,2239,20:28:15,14:43:36,COMPLETED
5649,310470,2839,21:58:29,09:15:53,FAILED
5650,787426,2925,08:51:37,22:54:05,COMPLETED
5651,108798,6488,10:58:54,18:26:53,FAILED
5652,283603,3704,04:19:01,12:37:52,DROPPED
5653,279233,7751,11:00:21,20:35:56,FAILED
5654,736835,8573,02:54:03,06:13:44,DROPPED
5655,111831,7694,00:36:00,13:10:51,FAILED
5656,192924,9944,03:48:08,05:24:08,DROPPED
5657,474344,9201,10:29:20,08:33:09,DROPPED
5658,983087,8459,00:12:08,05:39:15,FAILED
5659,169777,6109,00:18:19,05:43:35,FAILED
5660,992309,2890,18:01:57,19:16:49,COMPLETED
5661,986966,1177,11:54:30,07:35:16,DROPPED
5662,194892,3328,12:33:38,19:35:31,DROPPED
5663,290369,5552,12:11:24,23:14:09,COMPLETED
5664,480471,4158,11:30:43,21:37:58,FAILED
5665,771861,8031,07:18:59,16:23:40,COMPLETED
5666,767692,5241,19:40:53,01:34:04,COMPLETED
5667,361689,4139,13:35:59,10:18:53,FAILED
5668,802429,6268,05:13:25,10:08:28,DROPPED
5669,613930,2486,12:01:43,19:05:06,FAILED
5670,397724,2953,22:03:12,22:30:29,DROPPED
5671,569077,8000,06:31:27,23:56:05,DROPPED
5672,894599,2409,13:30:41,18:42:39,COMPLETED
5673,237402,9215,16:27:08,13:44:48,COMPLETED
5674,105955,8026,23:02:47,00:49:20,DROPPED
5675,441715,8235,11:19:36,07:34:33,FAILED
5676,181799,8935,00:48:49,04:11:44,FAILED
5677,141757,2429,15:55:05,18:07:49,FAILED
5678,869048,5460,09:58:16,12:47:12,COMPLETED
5679,828073,4724,02:12:46,08:26:19,FAILED
5680,113800,9869,23:25:28,20:10:54,COMPLETED
5681,613129,4940,02:24:22,18:52:40,DROPPED
5682,541863,2854,21:43:28,00:01:52,COMPLETED
5683,318250,4550,20:32:34,02:45:31,COMPLETED
5684,323372,3226,21:39:25,00:43:31,DROPPED
5685,225714,8496,08:03:05,11:33:02,DROPPED
5686,878375,2853,00:42:25,21:24:52,DROPPED
5687,601074,8308,10:02:27,17:44:57,DROPPED
5688,460790,7314,08:22:30,08:21:49,COMPLETED
5689,537979,9603,19:53:53,07:05:21,COMPLETED
5690,362135,3609,19:25:46,06:57:24,COMPLETED
5691,390652,1253,06:52:53,05:56:21,DROPPED
5692,868309,1990,03:07:24,10:21:26,FAILED
5693,582835,4213,03:50:14,13:41:35,FAILED
5694,971342,2829,16:14:37,15:20:37,COMPLETED
5695,568860,7733,23:50:02,08:30:23,DROPPED
5696,981806,6232,16:20:23,14:43:08,FAILED
5697,327285,5006,19:27:16,04:53:32,DROPPED
5698,619828,5010,01:38:32,01:50:53,DROPPED
5699,377503,7639,14:11:42,08:09:07,FAILED
5700,737678,6334,08:46:42,17:45:05,COMPLETED
5701,905374,7817,01:23:09,03:53:38,FAILED
5702,949424,5585,08:28:00,19:14:40,DROPPED
5703,818753,3127,10:10:12,21:31:13,FAILED
5704,180116,5477,05:25:57,00:53:36,COMPLETED
5705,682880,1061,16:42:07,05:30:16,DROPPED
5706,787379,6727,02:01:41,09:55:15,COMPLETED
5707,521422,5734,01:02:24,12:42:21,COMPLETED
5708,741445,1159,21:04:26,10:45:17,DROPPED
5709,401950,2411,21:37:20,13:17:29,FAILED
5710,491785,2579,08:21:29,12:31:19,FAILED
5711,559316,5071,12:54:38,14:53:30,DROPPED
5712,290168,7986,09:23:27,10:32:27,DROPPED
5713,820187,6984,07:10:16,10:21:42,DROPPED
5714,389947,5416,21:47:10,14:53:13,DROPPED
5715,490534,8188,11:04:01,21:21:26,COMPLETED
5716,902336,3727,07:20:55,07:10:18,DROPPED
5717,677949,5314,00:16:51,15:04:21,FAILED
5718,591589,7037,15:45:23,00:33:35,DROPPED
5719,548691,3780,14:24:35,11:19:59,DROPPED
5720,908201,2767,08:13:20,00:06:40,COMPLETED
5721,891181,3606,02:22:06,05:21:11,FAILED
5722,310157,9616,05:00:16,00:26:10,DROPPED
5723,349791,8530,11:02:42,03:14:45,COMPLETED
5724,423286,4566,23:19:21,06:27:16,DROPPED
5725,788884,2476,11:07:23,17:57:14,FAILED
5726,714155,7319,09:29:58,13:33:56,FAILED
5727,824099,9953,06:50:08,10:03:55,DROPPED
5728,581434,7820,18:03:06,17:04:35,DROPPED
5729,640038,6765,04:39:52,11:35:28,COMPLETED
5730,487925,9330,13:52:57,21:46:52,FAILED
5731,111008,1110,22:14:39,07:30:01,FAILED
5732,416897,7112,13:15:28,00:11:14,FAILED
5733,548702,7011,04:54:15,04:09:35,DROPPED
5734,316746,7881,05:43:58,04:23:07,COMPLETED
5735,981512,4661,15:10:44,02:13:03,FAILED
5736,955042,1462,03:06:31,14:10:36,DROPPED
5737,101564,5329,18:07:48,07:49:48,DROPPED
5738,220271,1445,05:30:32,21:01:02,DROPPED
5739,252765,5817,11:25:14,00:23:24,FAILED
5740,512856,5784,07:56:31,11:24:53,FAILED
5741,322189,2490,03:29:10,21:47:39,COMPLETED
5742,517561,8301,14:04:53,06:13:32,DROPPED
5743,787223,5276,03:43:15,00:46:19,COMPLETED
5744,214518,3267,05:15:44,22:12:12,DROPPED
5745,307019,7560,03:32:41,22:44:43,COMPLETED
5746,437896,1943,16:54:01,17:00:17,COMPLETED
5747,380136,6398,21:16:55,23:55:43,FAILED
5748,543522,6386,19:43:24,09:21:26,DROPPED
5749,314721,2564,22:17:37,12:39:00,FAILED
5750,708974,6587,01:13:15,21:39:19,DROPPED
5751,231058,9012,13:05:48,16:21:26,DROPPED
5752,893647,4223,13:18:16,09:08:15,FAILED
5753,733550,7188,00:34:56,00:22:05,DROPPED
5754,135985,3931,01:32:15,18:17:31,COMPLETED
5755,719551,4044,02:31:12,07:40:14,COMPLETED
5756,818528,6157,05:22:14,22:30:13,FAILED
5757,632843,1257,11:49:34,03:12:55,DROPPED
5758,274029,6171,08:07:58,22:44:46,DROPPED
5759,835811,9822,16:56:58,05:31:06,DROPPED
5760,343576,4726,15:57:37,23:25:55,COMPLETED
5761,487276,6639,07:36:47,00:56:11,DROPPED
5762,714120,4080,15:24:40,21:44:50,COMPLETED
5763,701270,3845,07:36:42,12:08:41,DROPPED
5764,252702,7151,04:43:24,14:08:45,FAILED
5765,405424,4221,00:09:22,09:44:49,FAILED
5766,530032,5838,22:32:51,20:11:09,DROPPED
5767,537339,7232,22:40:19,04:30:29,COMPLETED
5768,740681,6548,06:55:59,07:43:22,COMPLETED
5769,581070,3512,22:29:15,19:42:04,COMPLETED
5770,786058,3569,03:38:47,12:01:15,FAILED
5771,906316,7283,03:24:39,05:07:41,COMPLETED
5772,950460,6941,12:06:26,01:08:22,DROPPED
5773,879401,7282,10:41:02,09:12:44,FAILED
5774,325241,8987,18:22:10,00:29:12,FAILED
5775,142587,5057,17:53:10,03:02:17,FAILED
5776,202854,2803,19:14:46,04:56:06,COMPLETED
5777,942315,7962,19:59:41,06:00:29,DROPPED
5778,993555,6598,23:29:08,12:11:44,FAILED
5779,660431,3092,11:29:38,15:49:03,COMPLETED
5780,176466,6564,14:48:57,11:07:35,FAILED
5781,431605,4804,08:43:49,02:34:19,DROPPED
5782,983415,6070,18:36:42,18:40:52,DROPPED
5783,953946,7984,09:53:06,06:28:27,FAILED
5784,584933,7589,16:51:16,19:28:33,DROPPED
5785,987589,2561,04:53:38,09:31:33,COMPLETED
5786,490704,9019,08:46:47,04:20:23,COMPLETED
5787,688999,2291,12:33:38,19:26:51,FAILED
5788,647448,1798,23:10:37,00:06:19,COMPLETED
5789,441133,8791,09:36:12,12:00:01,COMPLETED
5790,236889,2817,09:19:42,11:22:11,COMPLETED
5791,591971,6189,22:45:26,13:06:22,FAILED
5792,398176,1125,10:35:17,19:17:27,FAILED
5793,629835,1595,22:47:11,15:57:02,DROPPED
5794,338686,7116,20:24:24,15:55:04,COMPLETED
5795,971522,6104,23:25:14,13:09:44,COMPLETED
5796,667918,2349,20:09:35,14:17:57,FAILED
5797,490266,8450,21:26:53,16:12:32,COMPLETED
5798,403390,5910,02:29:27,09:23:41,COMPLETED
5799,749344,8828,22:06:55,18:37:32,COMPLETED
5800,766370,7038,14:26:28,23:25:30,FAILED
5801,312680,2734,20:46:16,15:30:53,COMPLETED
5802,655914,9726,06:35:36,00:41:21,DROPPED
5803,429437,9449,02:06:27,06:51:14,COMPLETED
5804,742367,4109,21:35:07,18:41:01,FAILED
5805,906018,3144,12:17:03,13:05:14,DROPPED
5806,534644,1074,16:55:44,09:29:53,DROPPED
5807,277794,2933,07:35:45,02:21:20,COMPLETED
5808,846318,3313,13:02:57,15:14:26,FAILED
5809,297541,7419,12:33:39,09:57:16,COMPLETED
5810,677688,2430,22:21:04,09:03:09,DROPPED
5811,482889,1382,06:58:36,22:47:53,DROPPED
5812,109964,5705,20:04:45,20:00:43,FAILED
5813,772586,1524,01:01:49,21:24:00,FAILED
5814,429501,9578,04:15:42,04:12:34,DROPPED
5815,433964,8843,12:16:09,12:45:36,COMPLETED
5816,522853,5266,22:53:42,23:01:59,FAILED
5817,275801,8651,09:02:23,05:06:47,COMPLETED
5818,705524,2380,04:39:47,08:44:54,FAILED
5819,713912,8536,09:36:00,23:04:27,DROPPED
5820,527173,4905,06:17:55,20:14:34,COMPLETED
5821,357353,4678,02:24:12,01:15:15,FAILED
5822,838896,6471,00:53:01,15:18:13,COMPLETED
5823,848555,1203,08:34:19,04:01:28,DROPPED
5824,385937,8744,12:18:56,08:28:54,FAILED
5825,676223,5359,14:15:23,05:04:46,DROPPED
5826,497207,9845,12:08:34,14:53:30,COMPLETED
5827,282721,7193,06:26:05,21:26:28,COMPLETED
5828,349878,2399,12:03:22,07:44:18,FAILED
5829,336694,3105,08:58:11,01:41:33,DROPPED
5830,449778,2425,09:06:38,05:21:58,FAILED
5831,909731,9415,11:28:52,19:37:51,DROPPED
5832,144499,3710,19:11:27,12:39:54,DROPPED
5833,356508,5099,14:36:15,00:50:38,COMPLETED
5834,871804,6536,20:43:58,02:41:55,COMPLETED
5835,294620,1904,19:40:43,14:44:21,FAILED
5836,623699,2676,08:06:05,02:12:49,DROPPED
5837,415770,6748,12:32:14,00:17:13,FAILED
5838,357217,4366,08:23:58,15:04:33,DROPPED
5839,268469,5141,07:46:31,14:11:00,COMPLETED
5840,443096,8734,11:44:36,06:13:13,DROPPED
5841,402207,7323,13:28:08,02:11:46,COMPLETED
5842,660304,1515,20:28:56,23:48:03,FAILED
5843,723947,7690,17:58:24,08:02:57,COMPLETED
5844,912951,4818,15:31:35,20:26:29,DROPPED
5845,520233,1556,12:54:32,15:40:54,COMPLETED
5846,804406,9708,19:36:29,02:10:23,DROPPED
5847,669912,3990,21:50:08,10:13:08,DROPPED
5848,668964,1893,18:00:24,16:53:23,DROPPED
5849,191685,9717,15:58:25,20:32:04,FAILED
5850,268571,9224,15:36:36,22:19:17,DROPPED
5851,558354,9643,04:08:23,06:40:20,DROPPED
5852,948621,8325,17:57:27,21:24:02,DROPPED
5853,691189,2466,21:53:59,02:42:03,FAILED
5854,654833,8656,10:21:33,14:22:18,DROPPED
5855,421845,7241,10:58:21,01:32:51,FAILED
5856,951170,7822,21:38:56,01:07:19,FAILED
5857,428465,5742,00:02:01,06:15:48,FAILED
5858,799511,7845,23:09:20,05:22:58,DROPPED
5859,119151,9687,20:56:33,15:23:02,DROPPED
5860,715913,9580,18:49:09,09:09:14,DROPPED
5861,653442,8915,02:15:56,00:15:30,FAILED
5862,150433,6777,22:39:25,01:39:21,DROPPED
5863,904291,9081,22:22:32,20:33:19,FAILED
5864,385860,8972,17:15:00,23:41:01,COMPLETED
5865,322066,5646,18:55:42,14:02:30,DROPPED
5866,854862,8505,17:50:58,09:48:37,COMPLETED
5867,794488,4762,08:21:19,22:21:53,FAILED
5868,968607,2682,11:43:27,22:48:09,DROPPED
5869,922583,3580,15:58:14,08:05:01,DROPPED
5870,404872,2804,04:05:52,07:21:47,DROPPED
5871,627631,4697,17:16:59,01:45:55,DROPPED
5872,895478,2057,01:19:39,11:19:23,DROPPED
5873,889113,8231,18:10:56,00:08:39,COMPLETED
5874,488514,3045,09:30:28,11:14:03,FAILED
5875,844606,7715,21:32:56,06:33:26,FAILED
5876,398309,3402,08:44:37,20:51:13,FAILED
5877,478234,2949,05:01:38,02:57:00,DROPPED
5878,245435,3061,23:22:00,01:31:11,FAILED
5879,503362,6548,09:02:07,20:15:32,COMPLETED
5880,482390,7231,11:58:49,01:22:40,FAILED
5881,858633,8248,13:09:43,13:30:22,DROPPED
5882,804009,7062,21:17:43,19:26:21,COMPLETED
5883,521506,9968,05:12:31,09:13:13,COMPLETED
5884,319011,2122,21:27:13,06:57:24,FAILED
5885,523907,6016,10:47:32,05:36:42,COMPLETED
5886,747815,8393,02:49:46,02:32:31,FAILED
5887,573502,5147,09:09:41,17:22:12,COMPLETED
5888,631497,8796,17:57:33,15:28:08,FAILED
5889,574135,2720,23:25:27,15:28:28,DROPPED
5890,934874,1589,22:19:36,11:07:51,FAILED
5891,892880,5074,11:12:38,16:46:46,FAILED
5892,794225,1615,19:31:16,03:11:25,FAILED
5893,951020,1221,15:22:39,06:03:22,DROPPED
5894,247812,6070,23:44:07,19:44:18,FAILED
5895,802624,1236,04:25:38,09:03:45,FAILED
5896,913939,9921,09:15:14,20:23:11,DROPPED
5897,253954,5689,07:15:44,00:17:24,COMPLETED
5898,532944,6008,19:12:17,21:13:05,FAILED
5899,385420,9894,20:04:34,12:50:51,FAILED
5900,897059,7455,03:14:02,23:21:09,DROPPED
5901,525376,9182,05:53:25,00:58:32,FAILED
5902,667192,1487,11:52:51,07:39:57,FAILED
5903,876981,2990,23:45:18,21:08:44,DROPPED
5904,940547,5321,20:52:23,07:52:21,DROPPED
5905,661279,5352,10:16:45,08:25:51,FAILED
5906,141750,6661,11:33:49,00:30:23,FAILED
5907,736840,6037,02:31:38,06:51:44,FAILED
5908,437789,8731,22:47:26,03:56:40,FAILED
5909,305366,8462,19:01:49,22:45:28,COMPLETED
5910,373539,6830,05:51:34,05:00:11,DROPPED
5911,195965,1729,20:28:15,09:06:25,DROPPED
5912,353056,1306,13:21:32,09:10:47,COMPLETED
5913,312576,1663,11:21:36,18:50:26,FAILED
5914,408752,3695,14:11:35,16:11:07,DROPPED
5915,105278,3792,12:39:55,19:26:16,DROPPED
5916,312933,2689,11:13:18,12:35:39,COMPLETED
5917,824625,8120,08:06:00,10:00:54,COMPLETED
5918,797102,7944,04:44:09,03:49:35,DROPPED
5919,810421,3591,19:10:48,12:13:02,DROPPED
5920,211465,4956,15:09:08,07:55:09,COMPLETED
5921,555938,3745,00:15:09,18:24:25,DROPPED
5922,484680,1048,01:08:48,17:36:55,FAILED
5923,587421,4790,16:45:25,02:04:56,DROPPED
5924,811448,5025,23:29:39,00:34:21,COMPLETED
5925,798814,1580,08:02:28,15:37:19,DROPPED
5926,379005,1943,06:05:00,21:43:03,DROPPED
5927,658441,6246,14:21:46,02:28:14,FAILED
5928,315847,2404,11:11:23,16:43:54,FAILED
5929,527525,6044,13:58:58,01:57:36,DROPPED
5930,665504,8719,17:11:34,21:32:50,FAILED
5931,244745,1951,13:27:03,02:06:33,COMPLETED
5932,805710,9428,18:44:20,17:35:24,COMPLETED
5933,791377,3656,09:46:33,00:24:33,COMPLETED
5934,622438,1550,19:58:55,21:11:04,FAILED
5935,148692,7863,19:13:11,01:46:27,FAILED
5936,599771,4358,00:11:22,14:36:18,FAILED
5937,743533,8268,02:22:45,18:22:51,COMPLETED
5938,336558,5009,23:13:58,00:03:42,FAILED
5939,979339,9780,13:21:03,20:23:33,DROPPED
5940,530676,9768,09:36:11,05:28:49,FAILED
5941,411796,4103,09:20:15,02:20:28,COMPLETED
5942,102232,6380,23:20:04,00:59:54,FAILED
5943,875417,5063,13:49:11,15:33:08,DROPPED
5944,160170,7204,07:19:43,05:39:18,COMPLETED
5945,697215,2843,20:43:24,07:31:01,DROPPED
5946,642459,4502,20:00:37,09:27:41,DROPPED
5947,654956,8385,05:25:09,19:45:30,COMPLETED
5948,386399,6893,16:44:03,04:21:09,DROPPED
5949,945663,5433,17:19:37,04:51:39,FAILED
5950,660920,6725,08:10:46,06:18:32,COMPLETED
5951,153667,9788,17:10:33,02:36:09,FAILED
5952,210429,8549,23:06:28,02:07:21,COMPLETED
5953,594285,5602,03:21:32,17:49:31,FAILED
5954,314310,1783,21:10:36,05:31:07,FAILED
5955,475813,2585,21:16:19,15:42:30,DROPPED
5956,856547,7288,15:59:46,05:32:04,FAILED
5957,494033,3942,07:35:16,06:16:04,FAILED
5958,775201,9593,05:07:34,13:34:54,DROPPED
5959,221993,9614,00:32:43,02:31:45,COMPLETED
5960,970596,9651,21:56:53,09:21:04,DROPPED
5961,830376,8935,16:02:08,01:26:50,COMPLETED
5962,742082,8430,00:06:59,20:52:09,FAILED
5963,218840,5258,13:58:52,07:09:24,COMPLETED
5964,142075,3374,15:23:43,21:21:21,DROPPED
5965,629834,3930,06:10:29,01:26:56,COMPLETED
5966,921378,6402,19:30:50,23:00:17,DROPPED
5967,790385,4445,05:27:11,20:14:45,DROPPED
5968,612932,9585,00:29:19,08:55:29,COMPLETED
5969,363853,1211,12:47:13,05:25:25,FAILED
5970,836009,6999,06:09:29,05:12:41,COMPLETED
5971,558670,7378,00:59:04,19:23:46,FAILED
5972,912661,5078,01:51:56,14:50:30,FAILED
5973,146421,7897,07:43:08,15:45:34,DROPPED
5974,397400,9924,09:34:23,19:34:29,FAILED
5975,717494,4014,18:40:20,03:31:43,COMPLETED
5976,319546,2424,03:05:33,12:44:45,COMPLETED
5977,319083,5606,07:32:34,14:02:54,COMPLETED
5978,891265,5336,06:12:31,20:42:12,FAILED
5979,990947,3681,19:25:04,08:30:37,COMPLETED
5980,674635,9347,09:17:19,19:00:01,COMPLETED
5981,417415,7940,11:02:59,07:36:25,COMPLETED
5982,182004,1519,01:43:02,04:40:08,FAILED
5983,558015,9723,16:47:08,20:51:10,COMPLETED
5984,533297,4756,04:53:39,06:18:36,COMPLETED
5985,677921,2117,18:38:03,09:35:15,DROPPED
5986,211895,9592,14:48:43,07:54:09,DROPPED
5987,405414,2036,01:49:34,10:56:53,COMPLETED
5988,858790,3822,03:56:08,00:50:57,DROPPED
5989,703102,4362,23:13:09,22:57:29,DROPPED
5990,844829,3425,02:12:29,13:46:17,DROPPED
5991,889701,6999,22:10:35,11:43:42,FAILED
5992,527938,8521,19:24:22,20:23:46,COMPLETED
5993,681547,9982,02:21:53,05:36:04,FAILED
5994,570024,1566,21:47:37,00:09:56,DROPPED
5995,752172,3463,14:16:33,07:52:19,DROPPED
5996,903368,9100,02:06:31,03:45:08,DROPPED
5997,182707,2148,09:21:28,03:41:29,DROPPED
5998,639060,5438,09:19:34,02:30:27,DROPPED
5999,471999,4182,15:03:47,14:01:30,FAILED
6000,569384,9681,15:54:42,18:07:44,COMPLETED
6001,493596,4395,11:41:36,05:52:59,DROPPED
6002,377466,2828,15:30:31,17:51:38,COMPLETED
6003,728989,4037,21:55:37,02:34:50,COMPLETED
6004,325855,8726,21:01:31,22:09:40,FAILED
6005,309118,5105,20:25:47,19:48:36,COMPLETED
6006,787488,1563,09:06:40,12:28:27,DROPPED
6007,545658,4394,19:58:30,06:19:55,COMPLETED
6008,382426,8766,09:40:46,02:58:05,DROPPED
6009,511275,2174,02:36:22,18:14:24,DROPPED
6010,914469,2051,05:52:08,03:46:55,DROPPED
6011,581019,3327,16:00:18,19:16:39,FAILED
6012,932907,3763,21:46:17,17:30:47,DROPPED
6013,982860,6578,02:16:33,13:13:59,FAILED
6014,192047,8869,03:17:43,18:45:53,DROPPED
6015,141525,1750,23:07:31,17:18:35,COMPLETED
6016,566999,9896,16:06:38,02:15:34,FAILED
6017,636414,1435,07:54:38,17:33:38,FAILED
6018,930366,1412,11:48:08,18:29:26,COMPLETED
6019,229420,3978,20:18:01,09:58:18,DROPPED
6020,437988,7690,14:23:03,12:30:33,DROPPED
6021,738926,2626,19:23:52,23:13:41,DROPPED
6022,776932,5696,04:16:15,14:25:05,COMPLETED
6023,829994,5529,02:02:20,10:38:17,FAILED
6024,896812,5499,15:21:53,13:30:10,DROPPED
6025,158286,6061,17:03:10,22:04:45,FAILED
6026,141785,5816,20:43:46,01:36:10,DROPPED
6027,600946,2716,16:26:59,19:58:52,DROPPED
6028,310509,3507,09:51:33,15:45:20,FAILED
6029,515618,1603,14:59:46,11:06:59,FAILED
6030,588630,7503,23:17:54,12:45:55,FAILED
6031,372473,9877,14:06:54,01:41:48,FAILED
6032,635866,8317,18:52:08,08:34:25,DROPPED
6033,156973,2450,05:36:46,20:29:48,FAILED
6034,873563,5937,23:16:50,20:18:34,FAILED
6035,645225,8239,10:53:21,00:07:52,DROPPED
6036,585601,1766,10:15:17,17:05:55,COMPLETED
6037,985291,8567,00:21:11,05:53:36,DROPPED
6038,502665,9904,02:35:25,08:26:49,COMPLETED
6039,855821,5497,21:46:49,20:30:40,DROPPED
6040,680254,7396,18:26:07,22:05:55,COMPLETED
6041,630707,2680,20:30:54,22:28:47,FAILED
6042,942860,4525,19:50:59,02:46:24,COMPLETED
6043,283004,8295,11:29:39,07:32:56,DROPPED
6044,508335,4116,20:46:00,08:34:20,DROPPED
6045,780661,5280,14:23:10,07:44:59,FAILED
6046,295261,4076,12:51:07,09:45:39,COMPLETED
6047,714470,1476,11:38:18,08:54:25,DROPPED
6048,953627,5148,07:19:47,16:01:06,DROPPED
6049,498052,4028,16:57:36,22:59:35,COMPLETED
6050,858197,6966,04:54:50,12:39:03,FAILED
6051,376312,3666,22:49:16,12:06:08,DROPPED
6052,850018,8925,21:16:26,16:10:29,DROPPED
6053,573641,8575,16:49:03,12:39:58,DROPPED
6054,837373,2410,07:05:56,22:42:24,FAILED
6055,655751,3955,17:04:02,14:51:23,DROPPED
6056,181180,7010,13:33:13,14:49:09,DROPPED
6057,924030,7830,21:24:08,13:35:34,COMPLETED
6058,472188,4189,18:22:01,00:21:26,FAILED
6059,344707,1187,00:21:52,18:02:45,COMPLETED
6060,363036,9493,23:30:33,06:02:37,FAILED
6061,178268,5941,06:36:58,02:59:23,COMPLETED
6062,749619,3911,18:48:53,11:22:46,COMPLETED
6063,394458,6756,01:13:01,15:04:34,DROPPED
6064,303072,2111,21:34:29,22:13:15,FAILED
6065,168601,9275,20:31:05,03:24:56,FAILED
6066,357199,1908,10:25:57,07:13:13,COMPLETED
6067,483217,2738,16:10:48,15:36:13,DROPPED
6068,387048,9557,17:21:30,03:26:36,FAILED
6069,162888,2604,08:29:26,20:54:08,COMPLETED
6070,665960,3236,07:31:50,12:11:34,COMPLETED
6071,771237,8553,01:48:50,11:00:17,COMPLETED
6072,911074,4925,22:08:32,16:21:51,FAILED
6073,580971,1691,15:48:38,00:01:47,DROPPED
6074,490707,8360,10:24:34,01:52:10,FAILED
6075,247731,3195,02:53:32,10:58:40,DROPPED
6076,577595,4940,04:38:18,06:04:34,DROPPED
6077,131671,2754,00:41:49,09:39:12,FAILED
6078,878199,8181,04:37:36,09:04:13,DROPPED
6079,310510,3461,06:34:37,10:57:13,DROPPED
6080,512044,3957,02:11:03,14:54:03,COMPLETED
6081,882907,2966,19:19:46,20:45:22,DROPPED
6082,948452,1863,03:19:50,17:37:12,COMPLETED
6083,740354,9283,13:22:22,21:24:08,FAILED
6084,595194,1316,19:38:43,23:18:05,COMPLETED
6085,708763,6286,00:22:04,11:59:59,FAILED
6086,891636,5282,21:58:49,11:38:49,DROPPED
6087,881970,3636,20:14:01,01:10:10,DROPPED
6088,266799,8930,08:28:53,21:51:31,COMPLETED
6089,327259,2297,23:40:49,21:31:08,COMPLETED
6090,497264,4282,21:07:06,09:25:49,COMPLETED
6091,250828,7531,08:22:53,11:38:04,FAILED
6092,431905,7683,09:43:40,05:37:18,DROPPED
6093,253237,3548,01:03:20,15:51:54,FAILED
6094,513535,2776,00:31:06,14:32:41,FAILED
6095,599662,1246,15:21:59,11:38:44,COMPLETED
6096,517824,8755,09:21:17,18:49:06,COMPLETED
6097,130367,8304,02:35:05,19:53:33,FAILED
6098,989265,2349,04:09:49,01:17:12,FAILED
6099,765779,4898,07:49:39,12:39:05,DROPPED
6100,156191,2840,15:01:26,10:27:51,COMPLETED
6101,218130,2677,11:00:55,15:37:36,DROPPED
6102,907786,2140,18:26:23,16:15:10,DROPPED
6103,540039,6069,07:18:42,09:48:22,DROPPED
6104,957222,8957,15:42:41,10:10:26,COMPLETED
6105,839195,5518,22:52:34,08:03:51,FAILED
6106,515250,6450,13:19:37,04:59:55,DROPPED
6107,698123,7548,14:22:24,00:01:02,FAILED
6108,259390,2469,08:12:51,08:52:49,FAILED
6109,964434,6630,20:23:59,06:43:16,COMPLETED
6110,661955,1109,03:44:57,19:24:34,FAILED
6111,834229,8899,00:09:54,16:36:22,FAILED
6112,661251,6646,07:45:05,11:12:18,COMPLETED
6113,648477,8691,17:29:08,09:27:28,FAILED
6114,700466,7816,05:49:08,16:44:24,FAILED
6115,733897,4825,14:05:01,18:16:46,DROPPED
6116,747081,1426,16:47:56,20:04:17,COMPLETED
6117,614120,3670,22:31:55,14:59:26,FAILED
6118,235020,3596,04:21:26,13:10:22,COMPLETED
6119,937040,3364,03:53:49,21:37:06,FAILED
6120,603852,2806,02:22:34,10:48:32,FAILED
6121,427375,4592,21:17:03,22:39:17,FAILED
6122,413877,6897,20:22:43,15:05:41,COMPLETED
6123,823792,9243,23:45:56,12:50:51,FAILED
6124,985662,3654,11:25:56,22:29:00,DROPPED
6125,887422,1569,07:08:09,06:56:05,FAILED
6126,473738,2063,07:49:25,11:44:15,COMPLETED
6127,676613,4977,06:29:46,20:57:35,COMPLETED
6128,213276,3102,15:00:23,06:03:25,FAILED
6129,788931,3932,21:24:52,06:09:11,COMPLETED
6130,305579,9584,09:52:56,02:10:14,DROPPED
6131,869439,7367,02:59:22,16:37:07,DROPPED
6132,603970,9728,16:40:49,13:29:24,DROPPED
6133,529981,8059,20:23:08,17:19:55,FAILED
6134,877052,8462,14:14:26,10:20:47,DROPPED
6135,682329,4227,15:55:29,23:23:16,FAILED
6136,187612,2997,00:58:49,11:26:20,FAILED
6137,207330,6125,19:42:15,16:34:10,DROPPED
6138,936710,8871,19:22:18,09:04:58,FAILED
6139,195418,9173,11:50:25,22:26:57,DROPPED
6140,270288,9818,17:39:09,23:10:21,COMPLETED
6141,614005,6346,07:32:33,08:38:45,FAILED
6142,520711,2713,01:49:26,07:27:53,COMPLETED
6143,953328,8532,17:38:43,12:58:48,FAILED
6144,724307,7883,14:41:03,01:38:31,DROPPED
6145,797693,5007,10:38:25,02:54:04,FAILED
6146,380399,1173,06:18:30,10:05:22,COMPLETED
6147,254918,7947,22:44:11,14:16:29,COMPLETED
6148,285381,9719,13:44:26,09:23:27,FAILED
6149,694372,9544,03:05:06,14:08:43,COMPLETED
6150,254612,5726,01:33:44,17:59:09,COMPLETED
6151,325977,3963,20:52:38,16:05:27,COMPLETED
6152,216372,7772,17:51:00,06:35:19,FAILED
6153,344198,9022,16:23:06,12:55:26,DROPPED
6154,394440,5494,06:55:41,10:27:58,COMPLETED
6155,220384,2256,10:47:21,12:51:04,DROPPED
6156,297666,8600,17:34:11,08:40:58,COMPLETED
6157,554647,6687,10:40:01,17:50:39,DROPPED
6158,162539,7827,05:17:15,13:08:04,FAILED
6159,897339,9505,06:02:25,01:55:18,DROPPED
6160,524957,8779,10:00:34,12:57:55,DROPPED
6161,575333,2359,19:26:12,17:22:32,COMPLETED
6162,289601,8173,23:56:36,00:29:42,FAILED
6163,165206,3803,01:04:40,09:07:49,DROPPED
6164,548835,6319,03:45:52,11:43:04,COMPLETED
6165,700154,8501,23:36:37,11:04:28,FAILED
6166,673573,5341,20:38:22,15:09:15,DROPPED
6167,720219,6307,18:05:13,14:02:48,COMPLETED
6168,338715,6807,01:27:55,04:24:22,COMPLETED
6169,915380,1053,02:16:06,06:28:58,DROPPED
6170,882370,1155,08:28:21,19:47:17,DROPPED
6171,722564,7272,17:13:29,23:30:43,FAILED
6172,411039,8052,13:16:24,06:57:48,COMPLETED
6173,954391,7220,19:46:36,22:02:48,COMPLETED
6174,160867,4173,06:07:16,18:34:50,COMPLETED
6175,395670,5527,00:09:04,22:41:31,DROPPED
6176,439522,9850,13:41:45,23:40:50,FAILED
6177,445862,2320,08:31:55,15:13:27,COMPLETED
6178,192056,1162,16:15:31,02:20:14,FAILED
6179,547567,7544,03:48:59,19:38:47,COMPLETED
6180,812670,3322,17:08:30,19:39:28,COMPLETED
6181,245107,4570,19:33:36,16:51:15,FAILED
6182,592166,9314,00:36:45,03:57:44,COMPLETED
6183,570436,5890,09:21:21,08:50:58,DROPPED
6184,718971,8939,02:19:02,19:32:46,COMPLETED
6185,686123,2230,07:44:09,08:34:31,COMPLETED
6186,740440,4565,14:07:58,07:56:53,DROPPED
6187,446142,7800,03:58:32,22:35:28,DROPPED
6188,713081,4485,05:18:18,23:12:15,FAILED
6189,372672,1342,09:01:06,05:13:30,COMPLETED
6190,714625,4080,15:39:30,03:38:13,DROPPED
6191,134691,5024,13:37:10,09:34:38,DROPPED
6192,342840,2354,10:24:15,22:54:28,FAILED
6193,213167,7043,21:52:56,12:20:36,DROPPED
6194,552150,3469,20:30:44,02:50:26,DROPPED
6195,341973,2248,21:35:56,22:42:54,FAILED
6196,372009,3626,03:52:27,04:21:36,DROPPED
6197,368162,7830,12:06:01,00:06:03,DROPPED
6198,264775,6718,18:04:14,22:27:16,FAILED
6199,387610,7545,11:39:21,06:59:42,FAILED
6200,368694,1559,08:05:29,13:20:21,DROPPED
6201,968379,2401,00:49:03,11:15:10,COMPLETED
6202,934653,9642,23:03:12,21:24:17,COMPLETED
6203,338022,1883,14:18:05,06:03:59,DROPPED
6204,657239,6760,06:18:39,21:55:17,FAILED
6205,448974,5218,08:06:04,13:11:12,DROPPED
6206,685126,3875,16:21:56,02:35:11,COMPLETED
6207,665080,7745,11:59:35,00:34:12,COMPLETED
6208,383403,6030,01:50:22,19:20:07,COMPLETED
6209,700632,4935,23:58:44,00:16:46,DROPPED
6210,243953,8225,22:09:40,17:58:01,COMPLETED
6211,333275,2733,02:33:14,00:11:32,FAILED
6212,304225,4127,12:01:48,15:49:29,FAILED
6213,312333,8092,11:17:25,13:57:43,COMPLETED
6214,667063,7223,01:21:41,02:54:04,FAILED
6215,883544,9820,07:11:58,14:33:20,FAILED
6216,995222,9069,07:57:59,02:50:11,FAILED
6217,248218,9496,12:14:13,23:53:12,COMPLETED
6218,972784,3219,23:42:17,04:44:27,DROPPED
6219,622387,8947,17:46:16,19:44:32,FAILED
6220,279834,6355,15:37:06,15:04:34,COMPLETED
6221,678031,1588,10:42:13,21:35:09,DROPPED
6222,714177,3289,22:48:43,18:21:51,COMPLETED
6223,215909,1455,02:07:02,18:18:02,DROPPED
6224,963968,5413,23:12:17,07:06:00,COMPLETED
6225,467866,4537,18:14:51,04:34:23,FAILED
6226,707326,9883,00:45:05,14:30:23,FAILED
6227,109258,2875,13:57:34,08:57:09,DROPPED
6228,756811,7672,20:12:05,02:39:38,FAILED
6229,361589,2555,05:37:20,18:22:22,COMPLETED
6230,818500,5684,02:14:50,08:48:59,COMPLETED
6231,404324,6344,09:14:26,01:32:51,FAILED
6232,480540,4094,23:39:40,09:24:21,FAILED
6233,215837,6842,13:01:47,13:30:00,FAILED
6234,545793,6009,11:44:39,13:03:54,FAILED
6235,979758,8204,05:40:06,16:56:00,DROPPED
6236,817496,4097,22:19:28,06:55:32,DROPPED
6237,969598,2351,04:36:15,06:36:46,COMPLETED
6238,466281,5483,21:47:38,09:42:31,FAILED
6239,809078,1637,16:18:49,10:04:48,FAILED
6240,270637,7312,18:47:16,20:26:47,FAILED
6241,861231,5018,20:58:28,13:35:28,FAILED
6242,427256,5845,02:08:14,03:59:02,FAILED
6243,681752,3986,09:39:02,06:36:45,COMPLETED
6244,958542,6508,03:18:52,06:58:42,DROPPED
6245,999748,4849,01:38:16,17:19:00,FAILED
6246,798592,1401,10:20:03,00:48:08,COMPLETED
6247,127664,5271,16:50:31,04:10:23,COMPLETED
6248,532923,1705,14:31:27,05:03:48,DROPPED
6249,622573,2173,20:53:20,20:15:49,DROPPED
6250,595871,8813,19:42:35,03:54:41,DROPPED
6251,305550,7457,07:45:40,08:33:16,DROPPED
6252,321693,7990,04:02:06,13:54:39,FAILED
6253,851291,5363,08:38:31,08:54:41,DROPPED
6254,806479,4033,09:07:26,12:18:30,DROPPED
6255,667765,7145,03:24:26,12:54:45,FAILED
6256,924052,8936,04:06:13,16:44:37,FAILED
6257,671206,2995,09:09:33,00:21:36,COMPLETED
6258,146522,2265,17:26:12,00:04:01,FAILED
6259,193739,7395,03:44:54,16:35:12,DROPPED
6260,740252,5454,10:11:31,20:01:33,COMPLETED
6261,515070,3413,20:55:21,04:21:12,FAILED
6262,261657,4260,21:34:26,19:42:37,FAILED
6263,860188,5979,10:39:35,22:43:40,FAILED
6264,882983,9428,18:07:02,11:39:57,COMPLETED
6265,425049,7277,02:28:10,22:56:00,DROPPED
6266,344996,9041,11:00:18,20:01:25,FAILED
6267,177743,5601,22:51:57,11:13:34,FAILED
6268,444767,7276,05:09:09,07:04:52,COMPLETED
6269,819436,7230,03:48:46,19:28:41,COMPLETED
6270,524261,6310,18:28:05,04:15:40,COMPLETED
6271,140500,3466,06:34:15,02:27:42,DROPPED
6272,563133,6708,09:23:15,10:00:46,DROPPED
6273,672905,1021,15:44:06,18:42:58,FAILED
6274,559072,6164,16:38:31,10:42:20,COMPLETED
6275,597624,8903,02:32:30,09:41:55,COMPLETED
6276,541060,8656,08:51:25,02:46:20,DROPPED
6277,920138,9425,04:07:22,14:12:44,COMPLETED
6278,769547,3057,06:58:48,06:34:58,DROPPED
6279,441625,2906,07:48:27,00:48:12,COMPLETED
6280,757168,1830,07:31:25,10:08:39,COMPLETED
6281,637361,5651,03:13:42,08:46:22,COMPLETED
6282,540970,6675,13:40:56,09:46:29,FAILED
6283,438873,4094,19:58:06,15:42:35,FAILED
6284,351458,8343,04:26:48,19:44:19,COMPLETED
6285,691431,5078,12:06:26,23:56:47,DROPPED
6286,560097,9469,21:27:41,02:35:20,FAILED
6287,359723,6814,19:16:46,18:05:10,FAILED
6288,991886,1236,13:13:36,13:34:38,FAILED
6289,260151,5667,02:36:33,16:35:19,COMPLETED
6290,691580,8231,23:19:35,14:50:54,FAILED
6291,219393,5378,18:42:09,22:44:20,DROPPED
6292,586702,9122,16:14:57,14:13:13,FAILED
6293,381817,3388,08:14:48,05:24:50,COMPLETED
6294,858324,7213,00:35:19,02:37:36,DROPPED
6295,375112,6354,23:04:15,09:48:59,COMPLETED
6296,190170,1212,06:01:01,18:29:46,COMPLETED
6297,261135,1795,18:17:22,11:35:23,DROPPED
6298,882767,6139,00:48:56,18:35:21,DROPPED
6299,656143,5572,21:03:41,21:09:41,DROPPED
6300,259916,6329,03:59:15,16:52:23,FAILED
6301,726107,8382,14:34:17,03:44:59,COMPLETED
6302,137141,3662,13:05:23,00:13:13,DROPPED
6303,355854,1217,09:24:53,02:45:07,COMPLETED
6304,448487,9612,20:48:55,05:49:10,FAILED
6305,676238,9477,08:20:24,00:04:31,COMPLETED
6306,971767,6229,08:37:43,14:46:13,DROPPED
6307,181408,8019,15:17:01,22:31:19,DROPPED
6308,368682,2363,04:57:40,09:03:40,DROPPED
6309,903824,1000,14:11:38,04:41:03,DROPPED
6310,265442,7372,11:09:13,10:19:09,FAILED
6311,566881,9287,21:47:41,06:43:35,DROPPED
6312,609766,3755,02:41:15,23:56:48,DROPPED
6313,626544,5174,00:16:26,20:48:01,COMPLETED
6314,795620,3842,09:28:05,07:41:22,DROPPED
6315,379363,1726,03:15:32,20:54:15,COMPLETED
6316,741946,8945,07:08:31,22:49:32,COMPLETED
6317,406020,6221,10:26:52,03:16:35,COMPLETED
6318,161361,8562,00:36:32,20:39:11,COMPLETED
6319,221486,4391,10:53:26,18:44:43,COMPLETED
6320,932063,5422,11:59:17,04:26:19,COMPLETED
6321,312048,3821,00:47:18,15:07:06,COMPLETED
6322,743749,8737,12:51:43,04:03:42,COMPLETED
6323,147158,5808,13:57:24,07:18:22,DROPPED
6324,851341,8092,17:26:55,10:12:17,FAILED
6325,774871,1987,14:34:17,09:02:28,COMPLETED
6326,943215,6160,01:43:19,06:10:12,COMPLETED
6327,255804,1709,15:40:31,04:38:40,COMPLETED
6328,508755,3063,15:46:36,03:27:26,FAILED
6329,637245,2204,03:24:54,19:26:49,FAILED
6330,640456,6415,10:45:45,23:28:00,FAILED
6331,724154,9795,06:05:20,00:15:01,DROPPED
6332,216237,3795,19:52:24,05:08:10,FAILED
6333,345233,2516,17:20:10,23:33:13,DROPPED
6334,287975,2637,17:50:53,10:47:13,DROPPED
6335,786689,6308,09:24:18,09:26:07,COMPLETED
6336,357938,6937,06:49:10,02:51:16,FAILED
6337,647156,4300,09:58:52,23:06:40,COMPLETED
6338,238394,7667,03:31:00,20:09:37,FAILED
6339,302163,9394,21:42:33,21:48:20,FAILED
6340,713422,2088,04:49:36,23:25:57,DROPPED
6341,360980,6659,06:19:06,10:37:07,DROPPED
6342,774913,7337,07:06:06,02:55:34,FAILED
6343,269826,5258,11:03:38,01:43:38,DROPPED
6344,636282,2866,00:42:59,11:37:04,COMPLETED
6345,882607,9971,12:50:48,19:21:20,DROPPED
6346,421413,3703,05:43:13,08:16:17,DROPPED
6347,798228,6428,21:32:35,08:19:42,DROPPED
6348,150183,9120,04:58:44,16:38:24,COMPLETED
6349,334496,1483,23:15:18,07:06:27,DROPPED
6350,554067,1177,23:56:09,11:45:36,COMPLETED
6351,116672,9574,13:25:04,21:37:35,DROPPED
6352,725722,7354,00:52:21,22:03:45,FAILED
6353,209114,2082,13:55:15,19:17:43,FAILED
6354,449072,5064,21:32:45,07:10:15,DROPPED
6355,252801,4957,07:14:02,19:53:53,DROPPED
6356,638485,1501,15:27:20,13:27:16,COMPLETED
6357,530700,4586,15:59:28,01:05:56,FAILED
6358,161785,6232,09:55:13,09:42:09,COMPLETED
6359,759148,2938,09:24:44,20:28:25,DROPPED
6360,226791,3338,20:38:14,13:40:31,COMPLETED
6361,274032,7405,02:21:22,23:00:04,DROPPED
6362,856450,9815,18:09:17,19:22:36,FAILED
6363,421711,5638,15:54:15,20:57:39,COMPLETED
6364,651134,8901,20:21:10,08:08:55,COMPLETED
6365,502760,6283,08:00:39,01:06:49,DROPPED
6366,463559,3726,22:28:57,05:47:04,COMPLETED
6367,708695,6495,05:51:06,01:18:24,COMPLETED
6368,532874,5466,12:19:27,16:38:46,FAILED
6369,403592,5678,19:47:18,12:35:05,FAILED
6370,851658,2648,01:58:23,13:30:06,FAILED
6371,613104,3098,10:21:15,19:52:11,FAILED
6372,333199,5153,00:27:13,11:38:28,COMPLETED
6373,631099,4761,13:33:14,22:47:44,DROPPED
6374,472449,4045,05:21:51,05:20:47,DROPPED
6375,814921,5394,08:37:33,09:05:51,DROPPED
6376,796650,1460,19:04:40,10:03:35,COMPLETED
6377,786179,4318,19:12:54,11:24:05,FAILED
6378,185402,8163,00:35:44,00:01:23,DROPPED
6379,382150,8682,16:00:10,17:29:18,FAILED
6380,218937,9603,22:33:17,21:28:33,FAILED
6381,395789,2335,00:00:21,05:50:12,COMPLETED
6382,489880,2980,21:40:52,16:29:38,FAILED
6383,507160,3277,10:35:52,10:06:36,COMPLETED
6384,178230,1068,12:54:16,20:18:02,COMPLETED
6385,228312,2012,03:44:36,02:13:29,COMPLETED
6386,135260,3973,17:44:07,21:14:00,FAILED
6387,323697,3558,03:03:29,07:10:32,DROPPED
6388,333578,2046,13:13:39,03:49:03,DROPPED
6389,703434,7816,23:53:56,11:33:18,FAILED
6390,493845,2932,02:11:50,17:22:34,FAILED
6391,476741,8368,19:57:45,03:21:40,DROPPED
6392,797572,7524,14:19:37,06:41:07,COMPLETED
6393,565966,7086,12:49:04,13:57:44,DROPPED
6394,628720,8172,03:00:42,14:11:35,FAILED
6395,761415,1388,04:33:42,14:06:37,DROPPED
6396,170450,3246,16:34:38,13:07:52,COMPLETED
6397,373753,7858,16:43:11,23:22:12,DROPPED
6398,790223,3834,06:43:00,23:15:12,FAILED
6399,393443,7542,04:28:25,22:12:33,FAILED
6400,158873,9572,07:40:07,09:46:07,COMPLETED
6401,646387,7121,21:13:26,08:38:43,COMPLETED
6402,760076,3715,17:35:57,05:05:30,COMPLETED
6403,105802,8957,02:11:06,21:22:45,DROPPED
6404,610316,7381,21:33:19,22:10:59,DROPPED
6405,311416,6014,10:07:47,02:48:55,FAILED
6406,279473,8720,05:31:19,13:16:47,DROPPED
6407,509080,4764,23:40:46,20:08:52,FAILED
6408,544577,3964,05:48:14,04:23:31,DROPPED
6409,528242,3720,14:42:58,12:50:26,DROPPED
6410,781815,7834,06:36:56,15:33:36,DROPPED
6411,253879,1895,04:47:05,12:58:00,DROPPED
6412,220190,5685,09:59:35,05:06:51,DROPPED
6413,173258,8750,17:57:42,23:22:41,FAILED
6414,824173,3244,01:57:55,03:44:34,DROPPED
6415,374463,2039,18:45:37,14:34:40,COMPLETED
6416,250029,8574,10:14:16,10:07:34,FAILED
6417,837494,1324,03:39:14,09:34:16,COMPLETED
6418,721580,2093,18:09:50,02:51:02,FAILED
6419,873925,3953,15:40:14,10:58:40,COMPLETED
6420,111421,8269,17:01:40,04:45:32,DROPPED
6421,336132,6060,15:44:18,20:43:38,FAILED
6422,223477,4126,08:45:06,07:52:54,COMPLETED
6423,539705,3151,05:31:09,09:40:15,DROPPED
6424,591770,4170,02:07:05,10:50:55,COMPLETED
6425,537615,7621,18:01:41,13:40:25,COMPLETED
6426,129913,2795,13:13:06,07:14:32,FAILED
6427,917300,4081,23:47:47,17:46:14,COMPLETED
6428,217791,3900,10:53:01,14:26:37,COMPLETED
6429,715165,5664,04:22:38,07:32:43,FAILED
6430,203730,5990,19:16:51,01:46:49,FAILED
6431,993164,1302,10:11:59,13:33:08,DROPPED
6432,164792,1890,12:03:48,10:56:23,DROPPED
6433,301709,5995,00:08:04,17:05:28,FAILED
6434,587596,2684,11:11:42,16:30:26,DROPPED
6435,911563,2935,23:19:56,17:19:28,FAILED
6436,942429,8303,18:17:26,07:11:55,FAILED
6437,156746,6085,07:14:57,18:50:05,COMPLETED
6438,649925,4272,22:22:02,15:42:36,DROPPED
6439,268253,7913,03:15:05,08:13:16,COMPLETED
6440,725457,8172,22:47:15,07:39:24,COMPLETED
6441,617445,1167,09:30:33,19:12:48,DROPPED
6442,204362,2073,19:47:28,04:26:24,DROPPED
6443,321254,9962,04:53:25,05:32:58,DROPPED
6444,586734,1811,11:32:08,14:09:56,DROPPED
6445,741584,8906,08:22:54,23:33:25,FAILED
6446,834418,7248,21:44:41,05:16:41,COMPLETED
6447,903988,2742,04:19:59,08:56:11,DROPPED
6448,219363,5405,20:26:30,21:35:40,FAILED
6449,529022,5311,22:03:20,18:32:37,COMPLETED
6450,457297,7857,05:29:23,17:27:47,DROPPED
6451,645502,4823,12:11:18,04:30:31,COMPLETED
6452,310346,9613,08:57:42,06:40:41,FAILED
6453,734323,5095,21:47:18,16:16:34,DROPPED
6454,809942,4473,21:00:21,11:54:05,COMPLETED
6455,576913,9245,04:59:33,11:07:31,COMPLETED
6456,201985,2505,07:47:54,06:50:54,FAILED
6457,924677,7123,15:08:00,14:21:46,DROPPED
6458,728056,3269,05:53:21,21:20:22,FAILED
6459,819209,9227,00:01:32,17:32:32,COMPLETED
6460,345399,6246,12:18:33,14:20:09,FAILED
6461,470013,7238,07:54:16,22:55:43,FAILED
6462,165357,1741,03:58:08,02:51:20,DROPPED
6463,488580,1310,15:22:44,06:22:44,FAILED
6464,215168,2252,05:56:18,12:09:08,DROPPED
6465,722835,3205,04:57:47,20:52:05,DROPPED
6466,275120,6408,10:55:01,17:38:02,COMPLETED
6467,168316,8869,03:33:29,03:48:53,COMPLETED
6468,434278,5194,10:01:34,22:41:09,FAILED
6469,819928,5851,03:34:26,14:34:27,DROPPED
6470,184665,2626,12:20:59,13:48:18,FAILED
6471,141121,1170,01:38:50,23:59:12,COMPLETED
6472,990251,4061,15:13:48,02:38:38,FAILED
6473,444880,3051,08:01:43,06:12:01,DROPPED
6474,528254,7442,02:17:54,16:32:54,DROPPED
6475,405976,1862,16:20:09,21:04:54,COMPLETED
6476,201827,6925,00:21:57,14:09:08,DROPPED
6477,344157,8669,16:49:19,01:52:39,FAILED
6478,829059,3816,14:19:23,20:23:10,COMPLETED
6479,736014,5251,03:53:19,00:35:38,COMPLETED
6480,782487,1063,04:27:00,23:26:04,FAILED
6481,426493,4040,08:06:08,10:12:59,DROPPED
6482,176442,9933,10:10:47,20:09:40,COMPLETED
6483,919015,6897,16:29:17,23:43:13,COMPLETED
6484,538643,8670,18:56:00,16:39:27,COMPLETED
6485,454439,6878,00:21:44,12:09:39,FAILED
6486,892966,2376,10:16:02,17:27:07,COMPLETED
6487,527455,7416,01:52:19,19:21:16,COMPLETED
6488,466548,8189,06:06:02,15:53:43,DROPPED
6489,985938,1356,10:29:30,02:59:16,FAILED
6490,571602,1043,23:07:51,21:11:54,FAILED
6491,362783,7425,23:56:27,01:18:14,DROPPED
6492,680197,5296,01:07:15,02:27:08,DROPPED
6493,650439,3083,01:25:07,03:23:40,FAILED
6494,158012,8016,22:47:04,10:56:56,COMPLETED
6495,543722,8160,23:01:24,03:33:52,FAILED
6496,448167,3326,23:57:41,02:17:37,COMPLETED
6497,239368,2158,17:52:03,01:52:49,COMPLETED
6498,393827,2486,20:24:25,10:09:12,COMPLETED
6499,943613,8539,13:03:52,17:31:58,FAILED
6500,108068,7284,22:17:46,13:44:48,DROPPED
6501,775416,7875,19:36:42,17:05:56,FAILED
6502,246600,5416,01:23:30,21:34:33,FAILED
6503,178738,3415,18:48:30,08:09:02,COMPLETED
6504,405354,2148,11:36:41,13:18:24,FAILED
6505,854968,1745,00:34:11,01:27:37,FAILED
6506,945336,9553,20:03:26,14:06:06,FAILED
6507,630805,1046,21:59:19,05:37:46,FAILED
6508,875883,8821,07:03:15,21:37:27,DROPPED
6509,174623,5328,11:53:55,16:10:28,FAILED
6510,355300,2161,14:08:57,02:35:33,COMPLETED
6511,332201,8767,23:43:40,23:54:42,COMPLETED
6512,446581,3231,06:43:14,21:27:44,DROPPED
6513,918047,7196,11:43:17,17:01:35,COMPLETED
6514,584023,3833,23:23:56,16:02:15,COMPLETED
6515,845965,1296,11:00:19,03:42:23,DROPPED
6516,746345,2142,14:25:58,09:56:32,COMPLETED
6517,679654,2511,10:20:27,04:51:52,COMPLETED
6518,907156,3496,22:18:19,18:56:47,FAILED
6519,825054,4172,13:36:28,13:25:45,DROPPED
6520,486721,4116,17:06:29,15:26:06,COMPLETED
6521,504042,4111,09:14:24,22:44:04,FAILED
6522,253119,1651,04:39:35,02:37:52,DROPPED
6523,954494,1131,00:51:34,22:49:39,FAILED
6524,584645,1237,01:40:54,10:05:31,DROPPED
6525,265690,1770,20:48:38,19:11:38,DROPPED
6526,609063,8321,02:32:51,13:28:36,COMPLETED
6527,126919,7538,19:06:35,07:24:57,DROPPED
6528,806403,4613,01:30:53,04:14:14,DROPPED
6529,711595,3960,21:51:10,06:19:44,COMPLETED
6530,838762,4623,04:09:39,14:27:03,DROPPED
6531,268852,9140,14:04:25,05:55:09,DROPPED
6532,706975,4819,19:54:03,15:54:57,FAILED
6533,732522,8690,01:20:17,02:22:41,DROPPED
6534,912908,5139,20:40:39,15:29:01,FAILED
6535,904909,6652,23:04:40,22:05:18,COMPLETED
6536,124087,9659,08:34:51,08:45:52,FAILED
6537,935231,4371,16:09:19,07:06:15,DROPPED
6538,556434,5255,14:10:29,03:42:07,DROPPED
6539,646861,2698,16:09:16,06:34:47,DROPPED
6540,794053,5443,19:33:16,06:18:31,COMPLETED
6541,506790,9373,01:21:52,01:59:38,DROPPED
6542,142130,5581,04:14:56,00:54:43,FAILED
6543,457927,8022,08:28:57,18:50:23,FAILED
6544,174430,4173,22:40:02,02:43:45,FAILED
6545,942790,3013,09:25:27,13:34:51,DROPPED
6546,345611,7260,02:06:53,01:48:14,COMPLETED
6547,773551,5358,10:24:20,11:10:04,COMPLETED
6548,500710,2641,20:51:52,02:51:30,COMPLETED
6549,665690,1473,07:26:53,16:04:05,COMPLETED
6550,363317,8723,04:52:26,16:11:19,COMPLETED
6551,430568,3202,01:19:28,22:48:23,DROPPED
6552,340010,4106,12:45:17,00:05:11,DROPPED
6553,485510,1078,03:07:06,15:46:53,COMPLETED
6554,540072,8499,21:31:07,07:36:55,COMPLETED
6555,741155,6684,14:57:51,02:01:57,FAILED
6556,545870,9407,00:29:23,10:06:10,DROPPED
6557,667695,5416,12:27:00,16:43:30,FAILED
6558,962265,8241,20:25:24,02:29:52,FAILED
6559,475904,2939,18:45:00,20:04:59,FAILED
6560,658382,2761,07:34:34,14:29:19,DROPPED
6561,821066,6367,12:49:04,07:24:36,DROPPED
6562,321753,5630,15:27:29,04:01:56,DROPPED
6563,304679,6575,18:45:03,07:10:36,FAILED
6564,583989,5500,09:13:42,03:57:57,FAILED
6565,123166,2049,14:27:10,23:12:57,COMPLETED
6566,751084,1801,03:01:01,05:54:11,FAILED
6567,140900,6631,23:43:31,15:24:06,COMPLETED
6568,962445,4460,22:58:53,03:51:58,COMPLETED
6569,190148,5181,20:39:57,05:35:48,COMPLETED
6570,410709,9181,09:26:40,10:52:00,DROPPED
6571,975708,8984,15:01:11,09:52:16,DROPPED
6572,569693,8371,00:16:54,19:12:50,DROPPED
6573,450415,4814,10:14:38,21:15:44,COMPLETED
6574,700022,5255,02:02:50,06:04:32,DROPPED
6575,562546,7559,23:34:52,06:12:59,DROPPED
6576,194453,6736,22:20:58,23:40:28,DROPPED
6577,428453,1544,15:55:49,13:04:36,DROPPED
6578,299626,7230,13:47:24,08:11:42,FAILED
6579,861851,8277,12:23:20,05:55:51,FAILED
6580,721933,7029,15:59:21,19:09:52,DROPPED
6581,574617,4181,03:05:43,01:17:21,COMPLETED
6582,936708,7879,02:54:32,12:28:00,COMPLETED
6583,654482,3505,22:28:40,21:08:39,FAILED
6584,773212,2698,03:56:48,20:43:43,FAILED
6585,764377,4293,04:17:42,18:12:57,FAILED
6586,221631,7734,05:07:57,05:58:46,DROPPED
6587,243154,4325,01:35:02,03:21:26,DROPPED
6588,880103,7436,17:40:18,03:03:38,DROPPED
6589,116550,1932,11:59:13,01:56:47,DROPPED
6590,771546,1185,01:12:44,08:37:54,COMPLETED
6591,468571,2417,13:30:57,12:44:38,DROPPED
6592,223803,9359,04:36:08,06:43:36,FAILED
6593,270735,2372,16:43:38,13:28:37,FAILED
6594,288831,3074,16:29:28,01:00:42,DROPPED
6595,315516,5592,04:31:41,22:49:41,FAILED
6596,288239,6544,10:47:28,16:22:40,FAILED
6597,721540,1689,19:29:32,01:44:49,DROPPED
6598,213285,7272,12:06:54,14:56:07,DROPPED
6599,186808,4890,18:19:44,06:20:54,FAILED
6600,810595,2127,06:27:27,06:16:40,DROPPED
6601,781714,7707,20:20:55,18:33:09,DROPPED
6602,840517,7974,09:07:27,09:53:48,DROPPED
6603,950250,4810,04:32:53,10:45:32,COMPLETED
6604,601632,5682,01:36:04,20:02:55,FAILED
6605,154331,6158,01:03:49,12:31:10,FAILED
6606,628874,3441,10:10:57,18:49:47,DROPPED
6607,930945,3757,11:06:30,08:45:25,FAILED
6608,111495,7843,06:25:44,15:56:42,DROPPED
6609,332843,5172,14:54:20,00:04:59,COMPLETED
6610,906291,2070,04:35:40,05:15:20,DROPPED
6611,307420,4305,14:26:09,06:01:31,DROPPED
6612,279760,1279,02:15:04,16:39:29,DROPPED
6613,958810,8209,08:06:19,00:25:31,COMPLETED
6614,470460,5850,04:13:44,15:12:41,DROPPED
6615,849092,7812,03:26:23,19:28:11,FAILED
6616,482226,6306,00:58:59,11:10:04,FAILED
6617,155747,4303,07:26:30,07:28:14,COMPLETED
6618,957262,7908,20:53:58,00:54:59,COMPLETED
6619,883922,5176,07:40:08,07:31:55,DROPPED
6620,900243,5918,16:49:10,23:43:02,DROPPED
6621,599581,1158,03:34:48,11:33:22,COMPLETED
6622,788711,4745,19:51:33,07:22:40,FAILED
6623,563156,5904,22:00:15,02:03:09,COMPLETED
6624,304470,8840,16:30:06,16:59:19,COMPLETED
6625,501558,6604,17:00:40,10:51:08,DROPPED
6626,490002,9278,20:52:03,12:15:16,COMPLETED
6627,963738,1512,12:04:45,10:32:37,DROPPED
6628,973968,5455,01:50:33,01:45:39,DROPPED
6629,733662,5820,04:20:47,10:59:50,FAILED
6630,457066,6106,08:11:29,04:27:45,COMPLETED
6631,567795,9785,23:54:29,14:28:26,FAILED
6632,126274,8471,10:09:54,16:39:48,DROPPED
6633,816065,8036,02:17:56,16:15:47,DROPPED
6634,829467,9785,23:20:05,12:48:19,FAILED
6635,754974,8884,15:03:34,09:18:44,FAILED
6636,599497,2531,06:54:31,00:05:59,DROPPED
6637,319789,8594,04:47:45,05:56:46,FAILED
6638,269997,5933,09:12:17,05:04:53,COMPLETED
6639,778258,3579,23:38:10,00:11:28,DROPPED
6640,854166,2229,07:17:14,13:04:48,FAILED
6641,985157,5290,04:24:20,22:03:46,COMPLETED
6642,979591,2494,16:45:29,17:01:42,COMPLETED
6643,592493,7100,11:40:01,05:23:10,COMPLETED
6644,805657,3225,02:06:55,13:54:14,COMPLETED
6645,746657,4586,03:42:02,07:50:54,DROPPED
6646,658630,3508,02:39:23,13:02:06,COMPLETED
6647,684215,5068,17:22:57,20:55:42,FAILED
6648,103705,3217,02:38:48,21:44:18,FAILED
6649,496610,3355,21:17:14,09:37:29,FAILED
6650,850166,7986,16:12:17,01:08:09,COMPLETED
6651,335035,3217,18:50:42,08:58:59,COMPLETED
6652,435868,5080,22:20:50,20:51:07,COMPLETED
6653,650979,3952,16:31:48,15:06:09,FAILED
6654,404892,1564,16:16:01,03:02:43,DROPPED
6655,343463,5722,22:20:27,01:21:55,DROPPED
6656,943603,6127,06:45:53,08:28:54,COMPLETED
6657,337415,8712,16:09:40,08:23:04,COMPLETED
6658,433975,9126,07:50:51,22:43:33,DROPPED
6659,753801,9256,09:54:29,16:04:46,FAILED
6660,734239,3499,21:23:31,09:17:42,COMPLETED
6661,733076,2837,09:14:31,08:32:45,COMPLETED
6662,401864,4658,00:50:24,16:06:41,FAILED
6663,832556,6352,11:53:05,14:58:58,DROPPED
6664,971011,4448,05:06:36,06:30:51,FAILED
6665,623322,5290,23:52:13,09:19:07,DROPPED
6666,631466,7450,12:00:12,03:32:06,DROPPED
6667,591985,5915,11:42:10,22:34:04,FAILED
6668,524267,8519,05:52:07,15:13:26,DROPPED
6669,971708,4597,00:59:08,04:45:30,DROPPED
6670,693998,6591,03:50:09,17:44:23,DROPPED
6671,710093,5844,15:52:01,02:27:03,FAILED
6672,989923,6767,07:12:37,04:50:50,COMPLETED
6673,175286,6143,03:00:34,10:14:03,DROPPED
6674,740670,3828,03:30:08,21:51:54,FAILED
6675,911844,4080,15:15:14,15:14:47,FAILED
6676,805154,9630,19:18:46,22:14:19,COMPLETED
6677,300010,1510,23:58:04,15:04:22,FAILED
6678,968471,3952,22:10:23,18:30:22,DROPPED
6679,607966,4627,19:58:47,11:21:52,COMPLETED
6680,202142,6047,03:09:30,20:17:34,FAILED
6681,446507,3754,07:08:28,10:45:44,COMPLETED
6682,332251,5881,16:01:26,12:49:56,COMPLETED
6683,224881,8567,08:44:54,09:10:17,FAILED
6684,207335,5027,17:32:41,21:47:25,COMPLETED
6685,112437,9251,00:24:18,04:10:33,COMPLETED
6686,653045,5255,20:10:32,03:37:09,FAILED
6687,413110,4247,03:28:01,22:13:57,COMPLETED
6688,734899,3107,07:54:17,08:19:11,FAILED
6689,679481,1957,16:09:56,23:15:46,COMPLETED
6690,454520,8915,18:04:13,13:00:35,DROPPED
6691,302112,1045,09:06:47,05:31:29,FAILED
6692,167268,5375,07:26:38,16:06:24,FAILED
6693,421765,6858,10:03:05,10:30:44,COMPLETED
6694,682410,5805,08:00:19,00:51:52,DROPPED
6695,906981,6272,10:10:28,21:37:11,COMPLETED
6696,796419,1471,13:01:56,17:37:56,FAILED
6697,282615,8372,10:04:51,02:56:07,FAILED
6698,482371,8802,07:41:00,14:43:57,DROPPED
6699,954229,5194,01:57:55,03:29:59,COMPLETED
6700,314329,9166,21:56:48,14:34:35,FAILED
6701,723218,4473,08:12:17,12:07:35,COMPLETED
6702,280617,6915,17:47:34,08:24:39,FAILED
6703,963075,5502,13:46:32,02:21:24,DROPPED
6704,622254,4937,01:56:49,14:35:23,DROPPED
6705,115186,3646,09:57:18,23:39:34,COMPLETED
6706,732671,8751,06:52:03,07:47:35,DROPPED
6707,237981,6209,23:57:44,04:11:14,FAILED
6708,899888,8524,05:32:13,21:25:07,COMPLETED
6709,480200,9210,15:12:13,13:03:11,DROPPED
6710,906852,6973,03:19:26,02:24:04,COMPLETED
6711,468375,8201,14:08:34,20:56:13,COMPLETED
6712,412900,9637,16:22:11,11:15:54,COMPLETED
6713,457378,8795,19:01:13,13:36:25,COMPLETED
6714,482585,4542,19:53:07,09:35:17,DROPPED
6715,340996,6261,00:55:14,22:58:04,DROPPED
6716,699122,6503,19:49:37,11:51:55,COMPLETED
6717,117648,7170,06:54:40,21:06:56,COMPLETED
6718,577102,8056,17:44:12,14:34:49,COMPLETED
6719,965388,7219,01:45:05,05:56:52,FAILED
6720,518458,4752,22:22:08,02:42:32,DROPPED
6721,958509,4572,02:01:44,02:33:21,DROPPED
6722,437902,7243,15:09:42,22:40:47,COMPLETED
6723,584951,3151,21:51:52,00:40:08,DROPPED
6724,809233,8874,21:50:52,01:24:29,COMPLETED
6725,744352,7327,08:24:38,17:43:04,DROPPED
6726,245305,5448,18:44:01,22:43:58,FAILED
6727,556909,1167,05:08:45,16:31:40,DROPPED
6728,192008,8077,07:51:01,12:12:17,FAILED
6729,367177,1019,17:00:19,18:06:52,COMPLETED
6730,627256,4221,22:51:21,10:30:15,COMPLETED
6731,823275,3663,04:15:00,03:00:13,DROPPED
6732,169309,4046,07:12:50,05:35:40,FAILED
6733,503472,9399,15:37:30,12:55:10,FAILED
6734,973945,5314,17:12:17,08:56:13,FAILED
6735,960116,9828,10:08:48,18:58:07,FAILED
6736,708460,4394,22:33:33,09:33:32,COMPLETED
6737,837277,7908,19:55:39,00:12:28,DROPPED
6738,404312,2705,06:30:38,10:19:08,FAILED
6739,840169,9897,04:32:41,15:18:44,COMPLETED
6740,856784,6666,09:49:42,10:06:51,FAILED
6741,332113,7942,10:06:47,04:10:17,DROPPED
6742,731556,5293,13:38:06,19:05:06,COMPLETED
6743,271001,8801,16:18:17,14:17:34,FAILED
6744,747324,7887,22:17:45,08:19:34,FAILED
6745,907114,8750,12:14:20,11:32:21,DROPPED
6746,850589,2175,18:02:06,19:04:39,COMPLETED
6747,652591,8497,16:34:50,07:39:52,FAILED
6748,842541,8534,22:05:42,21:58:38,COMPLETED
6749,103339,2008,04:54:14,03:47:00,FAILED
6750,836203,6111,19:11:04,17:04:01,FAILED
6751,557506,8865,12:32:14,07:46:30,DROPPED
6752,806324,2378,04:11:25,05:35:58,FAILED
6753,945811,9947,01:13:08,16:24:38,COMPLETED
6754,154995,7963,03:20:28,12:13:25,FAILED
6755,484781,7812,07:13:54,04:56:19,FAILED
6756,170481,7996,17:35:08,08:16:09,FAILED
6757,903377,8415,12:33:24,18:23:29,COMPLETED
6758,648557,4445,15:55:39,13:50:31,DROPPED
6759,312200,3861,08:35:38,09:16:22,COMPLETED
6760,483384,7598,21:18:43,02:35:30,FAILED
6761,179227,7621,19:07:55,05:16:21,FAILED
6762,143413,8536,11:45:15,18:25:04,DROPPED
6763,994753,1047,23:22:41,03:51:24,FAILED
6764,559446,6193,04:44:22,23:34:25,COMPLETED
6765,577215,7050,11:02:46,21:02:39,COMPLETED
6766,988259,4698,08:08:28,01:32:09,DROPPED
6767,840098,3200,10:57:54,22:10:07,COMPLETED
6768,310600,1752,07:01:33,03:22:09,FAILED
6769,458863,1722,11:53:07,14:43:05,DROPPED
6770,655681,9410,13:16:20,07:57:28,FAILED
6771,366446,3717,10:49:57,20:40:21,FAILED
6772,391624,2200,15:51:28,19:46:22,COMPLETED
6773,643641,7107,06:12:27,22:37:13,COMPLETED
6774,742592,7743,03:19:01,17:21:33,COMPLETED
6775,982320,5195,21:27:50,08:33:48,COMPLETED
6776,815996,9975,18:07:48,20:01:44,DROPPED
6777,886313,5298,21:20:40,19:42:40,COMPLETED
6778,725336,8328,00:01:28,18:03:48,DROPPED
6779,294351,9559,15:59:08,19:45:41,COMPLETED
6780,953216,3242,18:20:24,13:08:42,COMPLETED
6781,877060,6412,17:52:40,08:49:12,DROPPED
6782,414908,3588,12:11:35,13:42:31,COMPLETED
6783,758651,7977,01:57:06,11:41:32,FAILED
6784,261861,5977,21:50:08,12:36:50,COMPLETED
6785,798353,7851,23:47:51,01:44:53,COMPLETED
6786,984235,4349,21:11:51,14:41:19,DROPPED
6787,433819,8895,04:12:36,04:18:53,DROPPED
6788,465759,6775,03:21:00,05:01:21,FAILED
6789,883901,1480,08:23:44,13:30:52,DROPPED
6790,163353,8839,07:22:11,10:48:38,DROPPED
6791,118067,7280,08:47:25,21:13:19,FAILED
6792,732299,2277,23:52:29,00:03:19,FAILED
6793,633578,3287,03:54:31,07:41:07,FAILED
6794,589502,9175,21:05:46,09:46:03,DROPPED
6795,580543,5795,13:21:54,23:22:53,FAILED
6796,783223,5469,23:17:08,03:22:57,FAILED
6797,649257,2866,07:34:15,18:10:41,FAILED
6798,955165,3632,16:26:51,12:26:20,DROPPED
6799,897500,5567,17:41:26,21:40:48,DROPPED
6800,477232,3794,04:40:49,11:51:02,COMPLETED
6801,154642,9094,08:55:29,15:20:24,FAILED
6802,612754,8566,00:36:46,22:29:47,FAILED
6803,877346,2070,01:59:06,23:31:06,FAILED
6804,440934,9324,09:36:30,14:27:12,COMPLETED
6805,581932,6212,00:45:08,20:10:57,FAILED
6806,895122,9562,06:31:12,04:28:31,FAILED
6807,514169,6412,22:44:46,14:36:49,FAILED
6808,361228,5120,02:34:33,12:10:55,DROPPED
6809,628652,9796,16:15:18,21:14:44,FAILED
6810,761277,2215,07:41:41,23:39:05,COMPLETED
6811,733786,9069,05:36:31,18:15:04,COMPLETED
6812,358892,1805,10:25:22,15:53:32,DROPPED
6813,720568,5278,15:39:10,12:39:01,COMPLETED
6814,552010,7901,20:09:48,19:58:30,DROPPED
6815,738137,3240,19:34:06,19:20:58,FAILED
6816,702639,4499,19:17:22,12:03:58,DROPPED
6817,123798,1871,17:58:21,10:30:11,FAILED
6818,904971,2332,02:43:37,02:48:59,DROPPED
6819,959070,5095,02:34:51,09:34:26,DROPPED
6820,711224,4321,16:48:31,21:12:46,COMPLETED
6821,354430,8789,02:40:18,17:18:36,DROPPED
6822,254874,6894,16:15:47,00:37:53,DROPPED
6823,487974,6104,22:48:56,11:35:13,FAILED
6824,908088,5426,08:40:59,07:37:21,DROPPED
6825,671026,6311,20:38:20,10:13:13,COMPLETED
6826,446499,3439,17:43:22,18:12:31,DROPPED
6827,820159,8444,10:27:07,08:32:35,DROPPED
6828,192180,5562,14:31:21,11:39:52,DROPPED
6829,335520,3936,21:42:41,07:34:30,FAILED
6830,456637,8211,11:23:56,12:18:07,COMPLETED
6831,611906,7489,14:28:20,15:48:36,COMPLETED
6832,379594,5153,10:43:26,03:24:20,COMPLETED
6833,478527,8438,20:45:05,01:54:53,DROPPED
6834,232228,5892,04:54:10,17:21:22,COMPLETED
6835,189722,6630,04:25:15,04:50:41,FAILED
6836,715442,8067,03:00:27,21:22:09,FAILED
6837,314204,3889,09:19:22,06:09:06,COMPLETED
6838,376172,5716,20:04:51,12:11:25,COMPLETED
6839,664764,3183,20:52:30,07:05:49,FAILED
6840,348944,8375,17:50:32,03:34:36,DROPPED
6841,214978,6902,02:29:59,09:38:09,COMPLETED
6842,468587,9348,14:31:31,07:06:43,COMPLETED
6843,851191,7394,19:37:19,01:20:31,FAILED
6844,557248,8150,22:34:30,07:13:20,FAILED
6845,978423,5481,03:28:39,06:00:46,COMPLETED
6846,843044,6130,01:14:56,19:27:34,COMPLETED
6847,139620,5962,16:19:02,18:33:11,DROPPED
6848,915896,3984,15:19:48,14:33:55,FAILED
6849,628895,4412,00:37:11,15:33:51,COMPLETED
6850,837801,3618,12:10:47,08:36:06,COMPLETED
6851,680211,3799,18:40:04,18:08:03,FAILED
6852,247967,5224,22:19:14,05:03:29,DROPPED
6853,560929,2842,22:20:55,13:17:21,FAILED
6854,189259,6450,05:54:46,12:07:46,FAILED
6855,888287,7761,22:57:27,18:46:19,FAILED
6856,188259,3461,04:03:03,19:08:53,FAILED
6857,180533,9189,22:14:59,09:00:09,DROPPED
6858,380713,6654,10:35:46,17:49:54,COMPLETED
6859,476725,8434,15:06:16,06:40:21,COMPLETED
6860,507936,1546,14:05:34,21:02:52,FAILED
6861,458118,8648,19:45:28,08:19:25,DROPPED
6862,538822,5221,03:57:13,17:00:27,COMPLETED
6863,732446,6272,18:42:42,01:06:02,DROPPED
6864,930145,6204,15:39:51,15:41:21,COMPLETED
6865,840993,8057,22:16:30,14:53:48,COMPLETED
6866,856191,4821,08:14:01,09:42:11,DROPPED
6867,552050,7119,20:11:03,09:12:06,COMPLETED
6868,405753,2920,17:53:05,20:18:51,FAILED
6869,279983,4324,20:15:35,19:52:18,DROPPED
6870,477077,4512,18:53:49,15:06:53,COMPLETED
6871,286822,8655,17:36:42,03:26:24,FAILED
6872,267588,3703,06:14:40,11:18:10,DROPPED
6873,342150,4703,22:41:48,22:03:13,COMPLETED
6874,948281,7443,03:32:04,21:43:09,COMPLETED
6875,415121,2696,04:01:19,06:52:11,COMPLETED
6876,555765,5883,11:33:51,10:27:37,DROPPED
6877,533110,9754,07:13:31,07:02:34,FAILED
6878,863950,5720,01:27:42,19:38:36,DROPPED
6879,648301,1530,20:20:27,00:26:32,FAILED
6880,178820,4470,07:06:48,01:42:21,COMPLETED
6881,413252,9167,01:28:32,14:00:00,COMPLETED
6882,737047,8876,12:40:16,13:05:09,DROPPED
6883,749826,7574,09:22:55,00:43:10,FAILED
6884,323506,4496,08:49:24,14:28:18,COMPLETED
6885,701922,6606,08:31:50,09:02:37,FAILED
6886,818535,3366,03:15:17,07:50:14,FAILED
6887,931627,7366,18:08:59,07:48:26,FAILED
6888,458191,3912,19:58:56,05:41:26,FAILED
6889,937123,2393,19:58:42,16:16:15,COMPLETED
6890,660942,6935,16:52:16,23:22:46,COMPLETED
6891,755399,4965,20:03:25,09:00:35,COMPLETED
6892,335784,8977,16:08:56,10:42:57,COMPLETED
6893,201248,2101,18:19:00,20:31:26,DROPPED
6894,589287,6797,02:21:31,15:39:23,FAILED
6895,458705,9853,10:21:57,15:15:10,DROPPED
6896,157243,6040,22:30:40,21:42:14,FAILED
6897,188241,3928,08:27:22,23:39:46,FAILED
6898,708654,1612,21:17:57,08:13:51,DROPPED
6899,835841,5741,15:41:18,00:09:25,COMPLETED
6900,124311,8300,01:32:54,10:40:46,COMPLETED
6901,689180,5833,12:06:17,13:20:13,COMPLETED
6902,887669,3914,14:04:00,23:06:13,FAILED
6903,514944,4289,10:23:37,01:28:56,DROPPED
6904,854703,4817,15:20:43,16:01:36,DROPPED
6905,647906,9897,06:39:54,10:24:32,FAILED
6906,685196,8736,23:52:08,05:52:23,FAILED
6907,360372,4421,10:38:29,19:29:29,COMPLETED
6908,151580,4760,21:02:39,07:10:24,FAILED
6909,197126,2757,08:31:34,13:34:12,COMPLETED
6910,364154,1117,00:32:22,03:27:44,DROPPED
6911,963130,8080,10:17:03,13:44:35,COMPLETED
6912,231043,3451,10:12:21,09:39:05,COMPLETED
6913,103160,5880,00:58:06,06:25:47,COMPLETED
6914,678785,9426,15:46:46,07:09:16,DROPPED
6915,812914,4158,15:42:55,05:12:01,FAILED
6916,195092,9228,18:43:17,22:21:48,DROPPED
6917,833757,5479,17:20:28,18:47:44,DROPPED
6918,921824,9840,19:03:50,21:29:14,COMPLETED
6919,740885,2839,22:50:22,07:56:08,DROPPED
6920,469913,6677,03:09:15,04:31:40,DROPPED
6921,501456,5806,00:05:07,17:17:31,DROPPED
6922,685877,3419,07:58:24,09:28:42,COMPLETED
6923,929995,8222,00:24:03,01:40:25,FAILED
6924,317959,4874,05:21:24,14:09:00,DROPPED
6925,412038,6780,07:40:56,06:29:03,COMPLETED
6926,773394,7517,18:07:35,22:33:43,FAILED
6927,870338,6263,09:36:49,06:07:02,COMPLETED
6928,271212,1999,05:11:42,00:32:59,DROPPED
6929,591227,8677,09:27:40,08:17:06,DROPPED
6930,308597,6903,17:24:51,06:59:10,COMPLETED
6931,504654,1019,21:11:43,10:40:53,DROPPED
6932,988890,6627,01:47:06,03:59:42,DROPPED
6933,966381,1629,23:24:51,02:26:56,DROPPED
6934,637695,3450,16:07:22,23:28:31,DROPPED
6935,593673,5465,00:10:29,13:26:48,COMPLETED
6936,610543,1821,14:29:07,05:56:04,DROPPED
6937,141085,3191,19:28:43,23:50:58,COMPLETED
6938,499669,2779,19:50:09,18:16:35,COMPLETED
6939,820390,4844,19:51:34,07:35:26,COMPLETED
6940,869541,9595,14:17:04,01:09:17,DROPPED
6941,692185,8506,06:03:20,18:48:28,COMPLETED
6942,517552,6989,01:52:50,20:56:28,COMPLETED
6943,373434,2482,16:24:26,14:50:27,FAILED
6944,455404,2148,01:08:20,07:16:37,COMPLETED
6945,258669,5442,18:07:32,11:23:50,COMPLETED
6946,427665,6074,08:53:26,11:31:42,DROPPED
6947,815458,8516,21:20:43,15:15:40,COMPLETED
6948,185371,8763,14:52:58,16:46:49,COMPLETED
6949,940266,3906,06:25:38,17:08:43,FAILED
6950,598235,8831,18:44:11,18:15:46,DROPPED
6951,637484,3997,17:33:22,11:07:32,FAILED
6952,292447,6100,02:58:50,02:06:30,DROPPED
6953,807777,4168,00:23:57,20:16:01,DROPPED
6954,949724,2377,07:22:50,06:52:41,COMPLETED
6955,329446,6292,18:07:55,12:00:43,FAILED
6956,824331,6222,06:53:35,05:13:26,FAILED
6957,720766,3726,17:26:34,04:50:44,FAILED
6958,538190,6497,14:04:54,08:35:59,COMPLETED
6959,971037,6015,22:30:20,11:33:38,DROPPED
6960,116144,3367,21:38:52,16:57:02,FAILED
6961,289138,5554,04:42:25,02:03:41,COMPLETED
6962,758423,2054,15:06:03,05:16:43,COMPLETED
6963,865152,7867,00:37:15,08:06:16,FAILED
6964,578521,6628,01:11:19,02:52:09,DROPPED
6965,358917,4924,14:27:53,00:29:39,COMPLETED
6966,744225,4003,06:12:45,07:05:44,COMPLETED
6967,813672,9348,13:11:02,12:14:53,FAILED
6968,359859,5562,18:38:41,03:53:45,COMPLETED
6969,487333,2525,09:14:56,14:52:02,DROPPED
6970,998347,7263,22:29:58,16:30:55,COMPLETED
6971,668451,3446,20:00:09,14:34:02,DROPPED
6972,538500,8357,10:10:43,21:14:04,DROPPED
6973,444595,2050,10:20:53,20:08:49,COMPLETED
6974,719524,3908,07:57:49,12:05:33,FAILED
6975,637647,6644,15:17:42,02:09:22,COMPLETED
6976,748140,8046,01:50:29,01:21:21,FAILED
6977,808943,3295,07:16:28,03:38:48,DROPPED
6978,902405,4107,21:23:41,09:46:50,COMPLETED
6979,898366,7197,20:41:54,20:19:25,FAILED
6980,931231,8992,10:11:34,22:30:36,FAILED
6981,838093,4586,04:56:12,13:20:00,DROPPED
6982,104891,5171,20:44:35,00:21:53,FAILED
6983,242172,7052,12:54:19,02:25:04,DROPPED
6984,689857,3100,00:26:00,10:24:20,FAILED
6985,929782,2005,12:20:53,18:26:56,FAILED
6986,204650,7150,15:44:23,07:21:02,DROPPED
6987,240130,6535,03:21:21,02:39:32,FAILED
6988,560613,8223,04:20:00,15:23:21,DROPPED
6989,426616,8689,21:53:39,21:03:44,DROPPED
6990,598997,3471,07:11:29,01:16:57,FAILED
6991,948432,8594,11:26:58,12:51:00,FAILED
6992,412614,2469,00:07:28,21:37:35,FAILED
6993,240555,7082,00:29:33,18:26:44,FAILED
6994,827272,8914,06:53:32,13:55:59,DROPPED
6995,746040,5294,06:30:13,10:56:55,COMPLETED
6996,731623,9783,21:35:44,03:05:11,DROPPED
6997,409910,9740,07:54:55,10:11:49,COMPLETED
6998,335514,9252,13:56:50,19:27:55,DROPPED
6999,874564,1286,06:35:02,11:47:43,COMPLETED
7000,417386,7195,19:45:11,21:27:26,DROPPED
,947948,7305,19:17:42,09:46:43,COMPLETED
,851512,3584,16:38:11,02:56:35,COMPLETED
,949705,7751,22:05:36,13:26:17,FAILED
,893088,9301,12:23:26,10:35:45,DROPPED
,952561,9462,01:19:03,00:49:28,COMPLETED
,351005,5303,13:31:57,19:52:29,DROPPED
,989762,3737,19:44:44,07:33:00,FAILED
,975367,1771,18:16:02,03:15:15,DROPPED
,461567,2705,12:49:44,06:07:53,FAILED
,908350,1716,01:17:26,12:06:36,FAILED
,948555,1654,12:34:09,19:53:28,DROPPED
,366451,7157,13:59:51,13:04:59,DROPPED
,853324,2870,23:54:57,22:30:40,FAILED
,495576,1254,04:19:46,18:35:21,FAILED
,149586,8674,12:17:34,18:49:03,COMPLETED
,349736,1235,08:08:52,10:38:43,COMPLETED
,327678,7170,21:49:16,00:15:15,FAILED
,775755,6729,23:34:52,03:38:42,FAILED
,897444,6288,06:30:33,14:25:34,DROPPED
,775261,1048,16:26:31,19:02:53,FAILED
,362245,4887,23:29:39,01:25:18,DROPPED
,565498,8398,01:53:40,07:35:58,COMPLETED
,620459,2375,05:03:24,18:04:08,FAILED
,438178,9031,00:13:37,07:13:55,FAILED
,538048,2507,05:07:34,03:00:08,FAILED
,254095,4835,23:53:26,23:56:57,DROPPED
,720415,7750,19:36:46,05:09:49,FAILED
,528463,4663,19:30:42,13:29:55,DROPPED
,753224,3441,01:39:58,10:17:55,FAILED
,301745,7256,09:01:31,22:26:30,COMPLETED
,208316,8920,02:23:22,04:49:34,DROPPED
,161320,8915,13:41:33,19:29:11,DROPPED
,646594,3438,16:13:37,12:16:44,COMPLETED
,690018,4006,21:39:56,18:21:40,FAILED
,644034,7079,11:04:16,18:06:59,DROPPED
,398274,3350,09:23:34,21:29:24,DROPPED
,639354,1674,18:20:34,04:32:54,DROPPED
,685157,3888,12:50:53,23:06:27,FAILED
,300714,1099,19:05:26,01:28:52,FAILED
,576353,9607,11:38:17,22:12:18,FAILED
,557145,9359,06:08:17,02:42:36,FAILED
,633556,8537,01:47:38,13:06:12,DROPPED
,545730,2761,21:45:27,11:07:15,COMPLETED
,757654,1287,16:41:43,06:47:06,COMPLETED
,561760,1437,09:43:56,11:59:35,DROPPED
,893373,1871,11:07:00,18:54:16,DROPPED
,780005,4272,13:00:19,23:34:27,COMPLETED
,741638,6874,10:09:10,17:10:45,COMPLETED
,442609,6534,23:37:51,00:00:20,COMPLETED
,617125,7173,12:37:02,04:46:16,FAILED
,630737,3839,10:47:42,08:24:34,COMPLETED
,649364,3120,04:39:54,05:23:09,DROPPED
,527297,9254,23:53:31,07:38:24,DROPPED
,497946,1119,16:56:34,01:02:59,FAILED
,157990,1863,05:37:48,21:15:13,COMPLETED
,701033,4900,18:47:58,15:28:57,FAILED
,208293,1306,04:45:24,12:08:36,DROPPED
,754159,3361,23:11:24,11:15:19,FAILED
,334841,5311,07:47:10,16:56:44,DROPPED
,517606,9313,17:18:03,08:11:37,FAILED
,880844,6681,04:53:31,09:16:16,FAILED
,555791,3593,19:11:42,01:12:03,DROPPED
,647073,1734,08:10:16,03:54:47,FAILED
,895814,8297,14:29:05,03:58:16,FAILED
,187021,8330,16:54:09,11:54:46,DROPPED
,472654,1215,14:45:38,13:36:53,FAILED
,297538,3284,12:24:33,01:03:47,COMPLETED
,260249,6285,21:28:38,09:03:30,DROPPED
,599601,3451,13:42:26,22:44:14,DROPPED
,406265,2117,20:35:23,23:00:48,FAILED
,782688,7966,10:38:31,03:05:20,FAILED
,706994,3141,13:30:37,11:03:47,COMPLETED
,879567,7052,07:32:54,22:57:50,FAILED
,300495,4517,11:51:58,03:22:23,FAILED
,450166,5316,22:52:58,12:02:10,COMPLETED
,593415,2768,15:19:46,00:58:52,FAILED
,508352,8578,09:29:55,02:16:10,FAILED
,713875,6837,05:01:14,05:56:33,FAILED
,562623,6286,13:46:16,09:52:53,COMPLETED
,183754,9075,02:54:01,16:57:56,DROPPED
,600152,2747,20:41:00,08:20:20,COMPLETED
,916395,7085,17:08:32,20:10:43,COMPLETED
,311498,5392,13:15:11,23:49:13,FAILED
,811203,5462,03:09:18,10:30:22,DROPPED
,444821,8706,00:49:22,20:44:06,COMPLETED
,530691,3614,15:35:50,17:08:24,COMPLETED
,332131,5913,23:20:43,15:14:45,FAILED
,421758,8489,05:41:45,04:05:31,COMPLETED
,244998,4439,05:30:32,20:02:43,COMPLETED
,890371,9592,03:25:54,02:19:44,COMPLETED
,991205,8060,00:19:21,07:11:22,FAILED
,955132,4901,03:51:20,06:28:13,DROPPED
,662354,7343,12:31:00,11:34:09,FAILED
,275627,7575,15:51:39,14:35:06,DROPPED
,206411,4406,04:29:14,20:54:03,DROPPED
,919826,1275,04:34:09,10:26:13,FAILED
,503000,6283,08:33:14,23:01:19,DROPPED
,699380,3682,19:28:18,20:22:58,COMPLETED
,684138,7761,13:34:16,15:15:56,FAILED
,841455,9465,19:53:28,21:11:36,COMPLETED
,746948,2610,13:49:01,00:54:37,FAILED
,562062,7454,03:48:17,10:23:40,DROPPED
,188757,7447,06:48:02,17:47:16,DROPPED
,471568,2410,21:45:58,22:59:38,FAILED
,480534,7128,01:27:48,17:28:45,COMPLETED
,333464,9952,02:20:14,08:23:26,COMPLETED
,636875,4084,07:35:58,02:59:55,FAILED
,326885,4206,04:36:25,12:58:32,FAILED
,301261,9948,18:18:42,14:16:05,DROPPED
,115703,4623,14:53:43,14:27:19,FAILED
,751483,6880,00:02:43,21:41:39,FAILED
,712022,2976,15:11:06,00:34:28,COMPLETED
,871046,3780,15:15:02,13:01:29,FAILED
,689404,8833,06:18:22,05:26:49,FAILED
,727145,6319,03:55:41,15:22:47,COMPLETED
,292604,6340,21:21:45,09:40:08,COMPLETED
,668545,6619,03:24:08,12:46:04,COMPLETED
,860708,4986,09:38:15,22:57:28,FAILED
,840109,2865,10:58:01,22:59:31,COMPLETED
,332112,3419,10:31:25,05:27:43,FAILED
,747703,3793,09:43:26,23:54:57,FAILED
,913533,1610,00:34:08,21:05:51,DROPPED
,511459,1057,12:42:31,17:33:11,DROPPED
,259901,4881,23:12:06,08:08:45,DROPPED
,773147,9534,14:58:50,14:32:31,DROPPED
,235103,1121,06:11:05,22:27:51,COMPLETED
,316531,7274,14:17:28,03:47:20,DROPPED
,867282,2015,10:24:49,15:57:15,DROPPED
,932262,9745,13:17:01,11:35:36,COMPLETED
,971246,4269,18:16:50,07:54:57,DROPPED
,181211,8884,05:56:36,00:51:31,FAILED
,852869,7705,19:07:22,01:59:57,FAILED
,681378,2985,19:34:10,02:15:30,DROPPED
,218840,8458,15:18:24,17:46:28,FAILED
,432787,2606,00:15:53,19:15:12,DROPPED
,935890,4131,07:05:00,12:16:24,FAILED
,815541,1917,02:54:53,04:56:54,COMPLETED
,604539,8407,15:43:25,10:09:30,COMPLETED
,755241,9660,19:00:54,07:06:58,COMPLETED
,591211,5067,00:58:21,13:44:06,COMPLETED
,355946,6394,15:26:53,14:52:49,DROPPED
,523362,7879,13:20:05,14:01:55,COMPLETED
,372308,9203,21:56:33,04:29:17,FAILED
,226711,4636,22:45:04,18:50:27,DROPPED
,811320,1490,03:49:53,17:59:05,DROPPED
,358341,7141,02:53:58,10:03:52,FAILED
,321629,1008,01:53:05,21:26:22,COMPLETED
,113355,7674,10:42:48,21:14:42,FAILED
,522970,5727,17:07:27,04:29:26,FAILED
,168935,4814,20:06:46,16:30:11,COMPLETED
,234703,6382,16:01:02,13:05:29,FAILED
,289596,7332,17:03:32,11:06:30,DROPPED
,177579,3233,23:12:52,16:39:03,FAILED
,722595,9296,09:05:23,03:42:21,COMPLETED
,554273,3805,01:37:09,04:44:25,FAILED
,145669,8671,00:34:12,23:14:30,FAILED
,792588,6023,20:09:07,17:54:30,FAILED
,882453,6531,11:43:52,03:42:07,FAILED
,340149,8023,21:05:51,09:04:25,FAILED
,475678,9843,14:49:35,14:07:34,FAILED
,353944,9012,13:31:58,08:48:57,FAILED
,376195,1980,16:21:46,07:01:07,COMPLETED
,595766,3838,23:25:55,11:05:47,COMPLETED
,938512,7435,01:41:43,09:13:05,COMPLETED
,653299,9096,10:14:33,13:42:46,DROPPED
,722111,7802,21:26:26,20:28:17,FAILED
,730783,9881,08:02:42,09:09:07,COMPLETED
,425700,2356,03:22:53,06:24:25,DROPPED
,899533,1336,06:20:31,03:53:59,FAILED
,265524,9181,23:34:15,16:06:45,DROPPED
,993280,7659,04:27:44,12:14:19,DROPPED
,462009,6739,14:54:15,04:02:45,COMPLETED
,735411,8325,12:33:11,17:41:42,COMPLETED
,587253,7537,20:48:05,04:03:58,DROPPED
,345674,5895,22:31:00,04:19:43,FAILED
,920721,7400,02:03:00,19:22:13,DROPPED
,945645,6668,08:47:48,02:19:49,COMPLETED
,231507,6005,00:17:08,05:14:10,COMPLETED
,111445,4949,04:50:55,11:16:24,FAILED
,350944,3727,06:40:09,22:34:06,FAILED
,627943,6279,22:46:40,14:00:11,COMPLETED
,634513,3455,14:52:25,01:46:09,COMPLETED
,366883,4581,07:27:56,08:19:36,FAILED
,273113,9104,18:11:18,01:45:10,COMPLETED
,109388,7172,02:04:02,17:35:18,FAILED
,705129,1068,14:20:06,17:13:09,FAILED
,873426,7809,01:13:56,03:36:04,COMPLETED
,699473,9943,12:06:31,00:07:06,DROPPED
,820101,9936,17:06:46,08:02:34,COMPLETED
,607633,6103,19:31:16,04:16:11,FAILED
,209555,7693,19:09:15,10:38:10,FAILED
,746672,6695,08:17:37,23:41:21,DROPPED
,368427,7730,23:48:45,05:16:56,COMPLETED
,109786,7113,16:11:19,02:19:29,DROPPED
,981510,6833,03:13:49,08:24:07,FAILED
,341011,5916,16:24:02,22:18:44,DROPPED
,453312,2142,00:02:34,15:37:30,DROPPED
,850234,7749,17:07:43,21:01:19,FAILED
,233648,3439,05:44:57,16:13:44,COMPLETED
,799319,1434,03:12:07,13:00:02,DROPPED
,767596,8493,10:46:28,01:05:21,COMPLETED
,658977,9629,20:03:26,19:42:05,DROPPED
,759018,7209,23:35:06,09:40:27,COMPLETED
,489062,9760,22:49:56,08:56:19,DROPPED
,463648,7716,06:09:49,15:28:47,FAILED
,789081,1516,09:51:00,08:16:39,DROPPED
,202145,9134,04:01:59,16:31:38,DROPPED
,548782,5615,19:32:48,10:58:56,DROPPED
,925591,7615,12:02:44,02:01:34,FAILED
,829980,1184,18:41:35,08:44:53,COMPLETED
,146902,9821,14:22:55,10:59:29,DROPPED
,452242,3139,19:29:04,16:04:06,COMPLETED
,847778,3259,02:45:44,20:56:01,FAILED
,189199,5763,15:11:55,18:10:43,FAILED
,364228,8084,01:22:05,22:03:55,FAILED
,417419,8721,11:57:07,21:15:20,FAILED
,210601,7578,05:09:01,19:54:23,FAILED
,621889,7559,21:16:01,09:17:18,COMPLETED
,966924,7946,08:19:30,21:23:39,FAILED
,290226,1995,11:38:26,04:27:15,DROPPED
,645972,2081,12:37:03,22:27:58,FAILED
,733060,6829,15:02:37,11:27:10,DROPPED
,708411,1672,17:35:57,13:12:55,FAILED
,931141,2743,18:27:57,10:57:56,DROPPED
,174782,7251,07:58:15,17:21:16,DROPPED
,943746,3421,11:28:37,00:40:37,FAILED
,132855,4391,11:59:12,01:58:09,COMPLETED
,849512,7011,07:54:48,20:59:41,COMPLETED
,136750,2960,23:05:49,08:56:59,FAILED
,939906,7109,07:33:46,14:59:48,FAILED
,128520,9216,21:34:32,13:28:49,FAILED
,145094,1645,19:38:17,09:15:40,FAILED
,361244,8637,05:09:34,19:25:55,COMPLETED
,943297,2263,17:17:17,21:53:24,FAILED
,878535,4626,01:24:24,09:52:28,DROPPED
,145643,9518,01:26:26,02:09:34,FAILED
,836816,3430,12:11:04,03:25:38,COMPLETED
,332438,3688,14:19:14,20:15:15,COMPLETED
,928724,3089,03:58:52,19:58:45,FAILED
,403062,6630,22:33:26,21:51:13,DROPPED
,209116,5589,00:31:17,06:44:01,DROPPED
,167278,1803,23:26:05,19:51:19,FAILED
,388302,7077,08:26:04,09:12:04,COMPLETED
,118279,9464,22:17:17,00:47:08,FAILED
,230832,8480,21:34:32,13:14:47,COMPLETED
,222589,4381,16:47:10,10:05:54,DROPPED
,293304,9259,06:57:10,01:43:30,DROPPED
,587364,3979,05:14:34,12:35:38,FAILED
,291928,8389,16:53:53,01:45:38,DROPPED
,627254,5709,06:17:37,01:05:20,COMPLETED
,118638,6982,01:27:40,13:18:32,DROPPED
,632270,6708,01:09:22,04:38:51,DROPPED
,700154,4527,21:22:17,01:54:16,DROPPED
,371959,9966,05:38:23,04:16:17,COMPLETED
,411604,7803,15:49:38,04:46:54,FAILED
,961801,4102,08:44:37,21:21:24,DROPPED
,923824,7068,07:48:59,11:12:48,COMPLETED
,187142,9105,14:05:04,15:44:00,FAILED
,354433,1358,14:01:35,19:35:09,DROPPED
,797122,3419,16:46:30,14:03:28,FAILED
,628606,5409,20:04:20,16:21:34,COMPLETED
,252310,6116,02:04:00,10:41:29,DROPPED
,821809,1301,07:09:30,08:12:21,FAILED
,289038,5479,23:42:52,11:01:57,COMPLETED
,967304,8393,07:55:25,02:17:13,COMPLETED
,720956,6177,16:17:20,21:04:52,COMPLETED
,417026,7549,03:48:14,05:20:57,FAILED
,586187,5865,22:27:29,18:43:22,DROPPED
,470929,2741,11:18:49,04:06:48,FAILED
,840671,8092,03:24:03,23:44:24,FAILED
,491514,1143,23:18:39,20:17:11,FAILED
,240698,5437,23:16:38,02:26:16,COMPLETED
,317021,5717,14:06:36,15:24:09,COMPLETED
,888467,7112,17:16:17,05:22:22,DROPPED
,583990,9740,01:23:24,23:36:42,FAILED
,447465,9268,23:20:55,03:15:38,COMPLETED
,957954,8212,15:19:03,19:33:52,COMPLETED
,612596,2352,14:23:55,07:25:56,COMPLETED
,998511,3810,08:44:21,01:59:32,COMPLETED
,221747,8382,11:28:22,06:27:32,COMPLETED
,378297,1878,05:15:49,13:16:20,COMPLETED
,714081,3125,07:18:18,06:31:53,COMPLETED
,569995,2667,13:20:21,15:29:51,DROPPED
,939303,5612,12:56:02,19:03:54,COMPLETED
,804304,9058,12:59:47,08:16:55,COMPLETED
,659906,4737,18:48:42,04:27:06,COMPLETED
,102548,2635,18:18:53,18:32:40,COMPLETED
,543007,7814,04:18:43,09:52:05,DROPPED
,619344,3653,07:57:26,04:36:25,FAILED
,628178,4332,06:14:07,22:50:59,DROPPED
,977656,2363,02:22:45,16:06:17,DROPPED
,897365,4296,22:10:11,03:28:47,DROPPED
,705423,8070,04:16:20,23:29:40,COMPLETED
,997103,4261,15:49:51,05:36:09,COMPLETED
,808567,2317,07:36:50,10:46:17,COMPLETED
,183103,6717,19:30:43,00:56:04,COMPLETED
,637438,8214,02:52:49,04:58:22,COMPLETED
,355840,1575,20:26:58,20:33:37,COMPLETED
,159290,4312,21:53:22,20:01:41,DROPPED
,856185,5370,21:39:24,22:48:49,FAILED
,718614,2009,13:15:04,00:44:15,DROPPED
,267771,3799,09:37:03,09:29:21,COMPLETED
,126005,5919,19:14:10,12:49:25,COMPLETED
,236597,5157,00:38:28,14:37:05,FAILED
,958130,6710,21:23:44,12:19:03,COMPLETED
,357185,7859,11:55:50,23:20:10,FAILED
,767809,4845,23:05:54,18:20:28,FAILED
,352274,8931,18:42:04,21:55:19,COMPLETED
,741121,7556,19:27:56,13:30:40,FAILED
,416634,6062,05:57:54,01:08:31,COMPLETED
,642524,4720,02:29:48,11:49:33,FAILED
,426375,5197,00:15:26,15:07:02,FAILED
,894048,6651,17:20:44,14:02:53,FAILED
,328418,9793,08:36:35,04:09:33,FAILED
,119169,6267,23:42:15,11:46:09,FAILED
,575897,2885,22:10:20,02:50:39,COMPLETED
,144516,4019,12:09:30,10:54:15,COMPLETED
,643994,9896,05:31:51,04:23:26,DROPPED
,641315,4574,14:24:17,21:42:45,FAILED
,920079,9919,16:22:38,03:25:05,DROPPED
,895545,7249,08:02:41,22:47:26,FAILED
,250203,9910,01:14:29,10:40:22,DROPPED
,749103,1986,01:36:07,04:53:22,COMPLETED
,909763,4813,01:03:13,23:34:29,COMPLETED
,828329,2182,00:32:28,12:36:20,FAILED
,400304,1012,05:24:38,13:20:40,FAILED
,245475,2069,02:55:18,00:20:34,DROPPED
,577925,2638,18:52:59,00:39:41,FAILED
,443676,1525,19:01:26,18:17:08,DROPPED
,826306,3478,15:38:04,01:47:22,COMPLETED
,945678,5297,07:42:58,03:07:29,DROPPED
,910283,1202,03:02:44,16:16:40,COMPLETED
,879972,1990,00:19:35,08:53:45,COMPLETED
,779969,4670,13:20:43,03:44:52,FAILED
,262966,9333,10:45:34,20:44:07,DROPPED
,693255,5903,00:30:00,12:13:48,FAILED
,807993,1986,17:07:21,00:08:47,COMPLETED
,427391,2347,19:49:40,03:58:17,COMPLETED
,833723,4930,14:22:10,01:32:58,COMPLETED
,523254,9658,23:47:51,16:55:14,FAILED
,583398,4098,10:17:12,00:19:19,DROPPED
,260816,9970,00:15:44,15:24:29,FAILED
,690595,3239,07:59:15,00:37:01,COMPLETED
,888824,6217,18:00:22,01:24:28,DROPPED
,857322,1438,01:13:07,15:29:49,FAILED
,160117,4225,20:02:19,19:45:56,FAILED
,639076,7046,19:17:29,09:45:47,COMPLETED
,687777,3942,00:01:18,22:30:35,DROPPED
,902204,2043,02:33:49,05:07:36,FAILED
,696200,2707,11:26:02,10:20:10,DROPPED
,722025,7861,16:12:47,08:14:37,COMPLETED
,333183,9416,15:43:26,09:01:46,FAILED
,303727,2187,19:14:18,08:52:43,DROPPED
,858933,9838,08:29:57,08:40:44,COMPLETED
,854421,8472,21:30:55,14:02:56,FAILED
,283212,7149,13:01:51,16:27:51,DROPPED
,313857,2863,23:05:07,16:16:07,COMPLETED
,208204,8242,14:11:10,02:43:23,COMPLETED
,711639,8542,13:48:45,05:48:08,COMPLETED
,515593,2328,06:44:49,11:01:58,FAILED
,693336,7305,23:46:56,11:12:35,COMPLETED
,243271,2299,04:49:52,03:32:58,COMPLETED
,214171,8202,15:32:51,06:18:57,COMPLETED
,270002,2840,00:59:58,22:37:51,DROPPED
,833857,3346,23:33:49,02:16:28,FAILED
,370383,2981,00:28:08,11:49:31,FAILED
,223166,2203,07:39:59,10:06:01,FAILED
,999732,6982,17:37:35,23:43:14,COMPLETED
,758896,1886,12:22:13,22:18:20,FAILED
,566485,8580,01:41:41,23:35:08,DROPPED
,199318,7686,03:34:03,03:54:46,FAILED
,843792,1731,18:56:45,05:41:52,COMPLETED
,114624,9717,21:58:02,08:08:14,DROPPED
,496184,8334,03:48:24,15:59:08,DROPPED
,807964,5237,08:34:22,20:23:54,FAILED
,734911,9638,09:56:35,22:56:48,DROPPED
,949860,2667,19:40:47,07:38:17,COMPLETED
,287644,2167,00:36:34,07:01:01,COMPLETED
,313000,7895,09:55:19,05:59:29,FAILED
,276684,4090,11:33:44,22:12:12,FAILED
,490770,4880,22:13:57,14:07:46,COMPLETED
,910654,5492,13:41:35,23:55:27,COMPLETED
,303826,3354,03:11:31,01:20:31,FAILED
,147935,8638,22:47:55,17:52:47,COMPLETED
,489255,3918,12:55:30,20:15:15,DROPPED
,136215,1779,21:56:45,10:45:35,COMPLETED
,474158,4201,08:26:32,07:08:25,FAILED
,554717,9594,03:03:02,00:48:46,FAILED
,140679,1706,07:45:35,15:00:25,DROPPED
,749440,8383,21:19:05,03:01:47,FAILED
,383111,8803,17:20:47,16:47:43,COMPLETED
,441103,3724,19:08:04,15:30:57,DROPPED
,806315,6239,05:01:57,14:59:19,FAILED
,802865,3357,17:28:15,12:13:14,DROPPED
,688664,5656,15:50:22,01:10:34,DROPPED
,882150,7130,14:15:36,04:42:25,FAILED
,409860,7447,08:33:16,18:33:56,COMPLETED
,598983,1296,20:43:37,04:29:24,DROPPED
,695483,2782,11:18:00,06:42:59,COMPLETED
,446227,7566,19:58:18,23:54:02,COMPLETED
,479419,8551,22:44:28,14:41:20,COMPLETED
,308637,1294,09:42:00,14:43:56,FAILED
,788195,6271,06:33:29,11:14:37,DROPPED
,228656,6700,11:39:07,11:36:23,COMPLETED
,888104,8059,12:59:40,00:41:35,COMPLETED
,690926,5901,07:48:51,23:41:10,DROPPED
,277330,2685,19:26:57,16:49:29,DROPPED
,131734,4813,18:33:54,07:25:26,DROPPED
,375197,9411,01:01:49,07:14:24,DROPPED
,380105,2677,19:36:02,18:01:58,COMPLETED
,282831,5942,13:47:37,22:30:58,DROPPED
,627762,5543,02:52:42,08:15:12,FAILED
,126982,1001,20:04:28,02:51:49,DROPPED
,510589,4566,11:57:13,07:08:38,FAILED
,457977,3106,18:28:39,05:59:30,COMPLETED
,451356,5536,08:19:12,19:33:19,FAILED
,288027,5079,08:58:02,01:19:41,COMPLETED
,563358,7750,11:52:51,17:11:38,COMPLETED
,229255,2210,06:30:49,09:04:39,COMPLETED
,126764,9116,22:53:03,15:27:38,DROPPED
,202313,9002,13:15:43,14:51:34,FAILED
,608574,2535,10:40:01,23:06:54,DROPPED
,248816,7057,08:55:27,04:12:13,COMPLETED
,452404,7849,22:15:04,11:38:09,FAILED
,765879,5971,22:33:08,10:41:02,DROPPED
,608205,7538,05:30:40,11:43:32,COMPLETED
,403198,4668,10:02:48,02:04:00,FAILED
,874385,9566,11:27:31,00:02:35,DROPPED
,681795,4260,09:39:48,04:41:17,COMPLETED
,912030,3451,17:44:01,07:35:25,FAILED
,370383,4584,07:36:14,18:50:30,DROPPED
,548398,3330,15:55:30,02:32:53,COMPLETED
,352791,2354,15:40:44,00:24:45,COMPLETED
,135864,7970,21:54:51,15:49:03,COMPLETED
,272436,3870,22:27:13,08:05:03,COMPLETED
,727948,7972,18:10:14,23:35:19,FAILED
,296965,2597,11:21:13,13:27:57,DROPPED
,276069,6811,08:21:09,23:14:51,FAILED
,294267,5211,19:03:50,05:41:53,COMPLETED
,134262,9837,12:50:26,00:37:56,FAILED
,257113,3884,18:55:05,11:36:29,FAILED
,309578,3944,17:40:32,00:07:37,DROPPED
,382581,6952,03:01:16,05:03:51,COMPLETED
,474817,7980,17:40:10,23:52:41,DROPPED
,338908,7841,14:07:42,23:12:23,FAILED
,392980,7777,19:44:41,04:23:33,FAILED
,194403,3153,16:14:36,23:02:25,FAILED
,815868,7282,23:02:38,16:50:17,DROPPED
,789936,4750,19:10:16,10:44:51,COMPLETED
,786115,9994,19:48:30,02:42:58,FAILED
,415161,3852,16:05:23,18:30:52,FAILED
,265982,6087,20:16:34,16:15:38,COMPLETED
,875721,7576,00:59:39,06:14:36,COMPLETED
,816743,2965,11:29:04,05:12:56,COMPLETED
,745385,9776,05:57:51,07:05:29,DROPPED
,577625,1399,11:58:43,13:52:31,FAILED
,747934,2125,20:14:03,02:43:40,FAILED
,991702,4522,17:01:07,00:35:48,FAILED
,867603,2316,20:17:29,17:12:18,COMPLETED
,267449,3259,00:18:33,23:44:44,DROPPED
,678841,2709,08:34:12,04:31:06,FAILED
,803576,7382,14:41:44,01:50:57,DROPPED
,911936,4955,16:33:13,20:20:35,FAILED
,420693,2242,02:17:50,11:19:55,FAILED
,337335,7122,21:06:41,03:49:58,FAILED
,422103,7300,01:47:42,23:14:26,COMPLETED
,780506,1593,16:20:34,12:49:30,DROPPED
,814744,1272,18:40:33,06:16:06,COMPLETED
,764260,1451,07:51:58,03:51:36,COMPLETED
,699496,7991,01:28:38,04:32:16,DROPPED
,506500,4204,18:24:09,15:25:54,FAILED
,111197,7991,16:26:23,07:16:52,FAILED
,837037,6890,10:19:30,20:22:53,COMPLETED
,190746,7889,23:20:53,16:54:32,DROPPED
,874845,5427,14:24:33,20:55:53,COMPLETED
,199979,3807,13:34:31,07:18:02,COMPLETED
,450918,6614,17:49:35,09:43:06,DROPPED
,529815,1451,04:59:56,15:33:42,FAILED
,845323,7149,03:55:34,11:34:17,COMPLETED
,141843,4665,23:07:20,08:40:32,COMPLETED
,709779,4536,10:26:48,04:49:31,COMPLETED
,646467,9014,21:31:24,13:15:28,COMPLETED
,374527,7531,08:01:38,13:15:51,DROPPED
,891171,6918,23:59:13,06:23:33,COMPLETED
,983896,8096,11:07:20,21:10:07,COMPLETED
,845772,2698,20:07:45,18:24:46,DROPPED
,711977,9409,07:54:08,14:02:28,FAILED
,542646,7136,06:33:14,13:17:14,FAILED
,527203,7451,16:31:53,19:28:26,FAILED
,111592,6980,19:21:53,12:01:22,FAILED
,559286,7064,13:13:01,08:05:58,COMPLETED
,693992,7187,08:06:30,05:54:29,COMPLETED
,443776,1115,20:43:55,03:00:01,COMPLETED
,838668,8342,16:48:14,09:35:06,DROPPED
,132134,5014,19:58:59,08:26:31,DROPPED
,602009,9528,23:57:45,03:19:46,COMPLETED
,542839,7057,23:21:30,18:34:47,FAILED
,732122,4015,23:03:47,16:54:37,DROPPED
,794820,6399,22:36:30,06:58:38,FAILED
,844149,9213,04:05:13,01:07:10,COMPLETED
,994835,8709,16:56:03,00:33:43,DROPPED
,933499,5468,11:59:18,20:53:42,FAILED
,933014,2431,16:49:04,14:21:15,DROPPED
,737948,8396,15:12:33,19:30:17,FAILED
,245963,3864,17:26:06,11:06:35,FAILED
,504037,6509,05:12:26,07:05:57,COMPLETED
,108802,4234,10:56:40,04:04:32,FAILED
,527472,8161,17:22:05,15:09:31,COMPLETED
,498366,9073,19:49:02,07:05:14,COMPLETED
,898537,8171,22:24:49,03:23:09,COMPLETED
,982934,3914,01:40:31,02:35:56,COMPLETED
,734216,9528,00:29:53,09:33:22,DROPPED
,848350,9171,08:01:31,04:42:18,DROPPED
,553242,8742,11:13:16,02:22:29,COMPLETED
,897513,6446,22:23:49,03:36:28,FAILED
,157194,7065,20:52:45,15:20:54,DROPPED
,246758,4424,12:14:02,11:04:58,FAILED
,138418,8335,05:20:07,22:22:52,COMPLETED
,635843,4023,05:58:18,14:35:29,FAILED
,831043,4045,15:52:15,00:06:15,COMPLETED
,650002,3576,21:29:23,18:02:42,DROPPED
,571822,5248,05:43:42,02:52:31,DROPPED
,779207,4433,11:43:27,21:11:57,DROPPED
,177383,7529,18:19:58,03:51:40,FAILED
,850235,6229,09:05:12,02:12:00,FAILED
,490015,6963,03:39:18,20:55:00,FAILED
,697254,4868,18:53:25,02:43:02,DROPPED
,109325,5952,22:53:30,17:55:42,COMPLETED
,659559,2203,03:25:38,02:33:20,COMPLETED
,577663,9168,16:02:02,19:27:44,FAILED
,422725,8585,11:31:57,16:17:54,FAILED
,310573,8197,15:57:47,07:06:15,COMPLETED
,563279,9717,02:02:24,11:49:29,DROPPED
,133706,1506,21:19:53,14:10:45,FAILED
,203931,2330,01:33:15,16:09:44,COMPLETED
,506258,5576,04:44:12,15:39:04,FAILED
,203651,7181,09:17:47,11:57:28,FAILED
,198464,3332,21:23:13,06:53:56,FAILED
,951477,6749,15:26:00,13:46:21,FAILED
,405385,8409,01:29:45,06:20:06,FAILED
,891152,1386,07:05:34,05:12:06,FAILED
,734300,2215,22:07:01,19:32:01,COMPLETED
,785407,9529,22:23:20,13:48:35,COMPLETED
,347610,9848,03:38:44,20:03:17,DROPPED
,515744,4682,00:25:45,22:21:16,FAILED
,239691,6872,00:39:41,00:35:54,FAILED
,222617,8103,08:01:51,02:31:12,DROPPED
,654282,6540,23:25:34,17:20:01,FAILED
,625031,6128,06:01:48,15:38:09,FAILED
,562910,4701,05:18:57,17:51:40,COMPLETED
,341161,3413,01:16:21,12:48:06,DROPPED
,252201,3962,11:54:48,17:51:45,COMPLETED
,336769,2231,02:17:20,21:58:51,DROPPED
,794645,1042,02:51:57,20:04:43,DROPPED
,794368,6107,08:30:59,03:06:06,DROPPED
,788618,6287,20:41:37,11:49:42,COMPLETED
,487498,6805,06:08:42,12:05:21,COMPLETED
,850282,6658,18:04:19,15:42:13,FAILED
,544177,8730,21:22:31,20:23:20,COMPLETED
,841149,3558,21:52:53,01:55:44,COMPLETED
,942328,1696,06:04:04,02:31:35,DROPPED
,661274,4188,18:47:04,16:00:00,FAILED
,102723,1946,21:39:45,02:41:19,COMPLETED
,891977,6055,05:07:16,01:45:26,FAILED
,793586,7977,02:04:52,14:11:31,COMPLETED
,971484,6328,08:13:45,18:37:44,COMPLETED
,719841,7669,01:43:11,14:18:31,COMPLETED
,335508,4622,10:02:50,19:43:13,FAILED
,175664,1291,03:35:17,22:15:39,FAILED
,263587,5448,09:00:12,06:06:09,COMPLETED
,370476,2293,22:11:25,20:45:52,FAILED
,264977,3481,17:02:08,01:19:11,COMPLETED
,320930,9966,02:03:37,15:30:49,COMPLETED
,997735,6894,17:54:01,06:24:48,COMPLETED
,733023,6917,11:32:04,04:55:38,DROPPED
,777755,9553,16:15:22,02:06:49,DROPPED
,655787,5347,21:10:13,12:21:23,DROPPED
,631552,8456,03:51:34,21:51:40,DROPPED
,859422,9502,15:39:02,10:31:57,COMPLETED
,669050,8893,22:06:01,03:12:47,COMPLETED
,846129,4148,15:38:30,05:37:55,FAILED
,946643,6654,18:20:24,21:01:49,COMPLETED
,167522,9640,21:07:44,11:37:12,DROPPED
,464418,9994,05:56:12,07:45:44,COMPLETED
,835635,5671,03:31:57,15:21:15,FAILED
,501781,6592,07:58:55,14:33:30,COMPLETED
,695855,7343,14:12:35,17:10:03,FAILED
,328746,7993,04:23:33,08:51:44,FAILED
,621163,6739,03:53:28,14:27:56,COMPLETED
,781044,9882,02:09:48,15:07:08,DROPPED
,681344,9497,06:55:02,18:56:14,FAILED
,300024,9704,15:36:51,09:18:54,COMPLETED
,137886,3364,20:45:49,05:16:41,COMPLETED
,593638,6845,10:07:02,22:33:42,COMPLETED
,133170,1605,10:33:20,16:39:23,FAILED
,506136,2937,21:48:47,13:37:59,DROPPED
,815084,1035,22:18:35,01:52:37,FAILED
,428492,4503,13:37:45,15:33:45,COMPLETED
,159650,1284,08:26:30,01:41:11,DROPPED
,386859,3118,03:12:05,00:02:28,DROPPED
,154309,7345,09:06:15,20:24:13,COMPLETED
,224798,5318,05:19:20,08:30:24,DROPPED
,949376,1052,23:36:07,10:16:48,COMPLETED
,993178,8012,19:06:45,05:03:15,DROPPED
,548118,6270,02:47:27,02:14:31,FAILED
,669442,8946,02:52:46,03:04:22,FAILED
,264703,4127,08:32:32,05:38:18,DROPPED
,576328,2774,15:53:17,21:24:51,COMPLETED
,527427,9857,10:32:23,10:28:33,FAILED
,770561,4837,16:17:27,11:43:25,DROPPED
,217946,5704,20:51:12,01:15:05,FAILED
,389418,1134,12:32:29,11:34:08,DROPPED
,662449,3943,01:40:01,10:07:16,COMPLETED
,833799,1774,00:30:39,07:00:13,FAILED
,526893,5668,06:48:10,09:18:16,COMPLETED
,147312,6616,02:48:25,06:09:23,DROPPED
,302498,5513,18:06:32,19:11:58,FAILED
,275823,4580,11:09:22,12:32:13,COMPLETED
,743113,4200,10:54:43,01:38:36,FAILED
,258603,9216,19:18:37,14:18:01,COMPLETED
,215899,2073,15:27:37,00:15:37,DROPPED
,118823,4837,22:12:00,06:52:53,COMPLETED
,441633,2317,15:24:21,13:06:16,FAILED
,715132,8302,08:06:46,12:48:32,COMPLETED
,310627,2934,21:35:02,14:42:37,DROPPED
,302934,6497,14:56:30,12:11:45,FAILED
,327430,6855,17:36:33,10:22:59,COMPLETED
,597983,1915,10:29:00,04:06:09,FAILED
,430051,2591,20:40:45,00:01:21,FAILED
,789850,1978,10:22:59,01:37:11,DROPPED
,141868,8128,20:27:12,18:36:35,COMPLETED
,985250,5694,20:16:28,09:30:54,DROPPED
,127817,3122,16:14:20,13:54:25,FAILED
,376217,1855,16:16:29,06:22:12,COMPLETED
,384429,8520,22:18:54,23:41:21,FAILED
,364125,5479,21:32:41,08:48:06,COMPLETED
,305819,4631,07:21:00,05:37:34,DROPPED
,236207,3461,10:02:31,04:11:44,DROPPED
,857834,6028,07:28:52,14:33:49,DROPPED
,968431,1826,09:53:33,06:31:00,DROPPED
,563601,5989,19:33:52,22:39:55,COMPLETED
,611300,8578,20:17:51,08:26:57,DROPPED
,495520,4516,03:02:16,00:29:37,COMPLETED
,729146,3817,08:12:10,09:52:17,COMPLETED
,106432,4198,14:57:20,04:33:24,FAILED
,489873,7421,07:06:56,10:10:15,COMPLETED
,577040,6750,19:24:48,17:52:00,DROPPED
,649472,6193,13:57:42,04:05:33,FAILED
,744980,5715,23:27:27,11:38:29,COMPLETED
,988656,1103,02:09:44,18:40:03,DROPPED
,514737,3943,12:15:21,15:08:15,COMPLETED
,352073,7944,19:09:26,00:43:18,DROPPED
,990959,5980,04:17:18,20:31:48,DROPPED
,767994,3974,13:47:39,03:46:46,FAILED
,601319,7077,14:57:18,04:26:15,COMPLETED
,301074,3936,12:24:12,12:08:57,FAILED
,644004,8429,22:14:20,01:42:04,DROPPED
,532473,9637,15:17:50,00:48:15,DROPPED
,670085,7186,20:22:35,19:28:10,COMPLETED
,123081,5316,08:53:26,00:07:29,FAILED
,163836,3773,20:23:11,21:11:35,DROPPED
,285976,6776,15:30:59,10:25:44,FAILED
,729646,4417,04:14:05,03:21:13,COMPLETED
,416140,9863,09:01:29,16:49:12,FAILED
,755818,8768,13:35:19,07:33:12,FAILED
,537117,9094,12:43:53,13:28:54,FAILED
,160286,3541,15:33:04,22:19:45,DROPPED
,338200,7962,02:32:36,22:10:58,COMPLETED
,127016,3808,15:39:02,09:12:34,DROPPED
,431722,8571,01:30:02,04:46:41,FAILED
,961274,7894,17:11:15,14:58:23,DROPPED
,145028,7088,07:21:45,19:22:05,COMPLETED
,998857,6249,21:28:35,23:29:45,COMPLETED
,547675,3095,00:17:13,03:58:31,FAILED
,988007,8654,08:16:06,08:25:53,COMPLETED
,701082,1563,00:52:19,09:28:12,DROPPED
,841532,3510,17:02:50,07:05:17,FAILED
,129711,6126,18:14:20,09:46:28,COMPLETED
,452868,5384,06:31:25,20:26:11,COMPLETED
,103566,8553,02:43:19,12:10:25,DROPPED
,261830,4924,12:15:51,11:31:38,FAILED
,396792,8619,00:11:07,09:27:06,FAILED
,644028,6352,15:52:20,02:08:39,DROPPED
,655018,3511,21:55:58,02:12:44,COMPLETED
,895024,3712,22:12:19,09:48:36,FAILED
,580334,7698,09:34:59,00:59:18,FAILED
,806109,3113,23:18:46,01:31:20,COMPLETED
,750426,9218,08:28:58,12:47:46,DROPPED
,296307,3275,21:44:18,20:01:22,DROPPED
,597971,7722,20:12:51,21:55:40,FAILED
,909603,2854,15:40:03,18:49:05,COMPLETED
,388562,2322,08:05:47,20:26:32,DROPPED
,100727,3624,18:49:09,02:24:00,FAILED
,680177,6614,08:24:00,14:09:05,COMPLETED
,363045,3403,09:33:47,12:32:41,DROPPED
,946961,5008,02:47:12,14:25:57,DROPPED
,407101,7260,02:53:12,04:56:59,DROPPED
,499584,1514,22:20:39,19:33:30,FAILED
,366775,7646,18:37:19,11:52:33,DROPPED
,885906,4442,14:05:14,23:02:59,FAILED
,259976,8250,03:25:55,09:24:25,DROPPED
,997750,8690,18:13:07,17:55:54,DROPPED
,532981,5333,07:36:43,17:02:45,FAILED
,378018,9613,18:11:50,21:10:33,COMPLETED
,526018,5084,10:53:25,07:30:18,FAILED
,793934,2226,11:36:02,14:40:47,DROPPED
,172548,9836,19:46:14,08:26:41,DROPPED
,667129,5630,13:34:08,01:29:19,FAILED
,105047,6780,03:29:50,10:16:22,DROPPED
,951818,7624,10:01:13,15:45:27,COMPLETED
,432847,1553,20:52:00,22:21:38,COMPLETED
,233414,8259,08:32:30,14:34:15,COMPLETED
,945629,6584,02:07:23,04:34:35,FAILED
,138084,5318,10:24:13,22:46:32,FAILED
,321218,9145,16:21:00,13:25:37,COMPLETED
,327688,9564,21:44:32,05:54:02,COMPLETED
,885587,4942,03:51:33,06:00:26,COMPLETED
,555411,4232,06:53:44,18:08:19,DROPPED
,889721,2453,09:07:19,19:40:12,FAILED
,211741,4884,15:39:44,18:06:52,DROPPED
,478353,8259,18:53:42,00:18:54,DROPPED
,960033,8015,07:45:55,14:34:37,COMPLETED
,544119,1380,03:37:21,16:54:25,DROPPED
,208160,9374,20:00:48,16:36:57,DROPPED
,140251,6616,03:16:02,19:07:51,COMPLETED
,353339,9449,00:36:08,03:50:25,DROPPED
,669574,2284,17:45:36,20:34:14,DROPPED
,550139,1167,05:27:47,06:23:18,FAILED
,306766,2216,20:56:39,20:09:14,COMPLETED
,827533,3446,20:03:40,07:57:31,FAILED
,304556,1347,23:51:53,04:23:25,COMPLETED
,253749,2286,22:37:28,22:18:27,COMPLETED
,983231,1283,12:37:20,18:53:36,FAILED
,779665,8205,05:39:20,11:30:55,DROPPED
,521591,4305,23:04:57,13:10:00,FAILED
,763569,5936,20:34:37,08:36:57,COMPLETED
,732803,4503,18:31:18,13:46:21,FAILED
,800465,2423,06:12:11,14:10:51,COMPLETED
,296001,4111,22:27:18,10:54:01,DROPPED
,260188,5823,19:39:44,09:15:30,DROPPED
,548554,5972,22:49:31,01:58:30,DROPPED
,319170,5311,21:36:20,15:23:55,DROPPED
,908469,4346,14:37:31,20:55:28,DROPPED
,919031,7540,18:28:22,20:07:14,COMPLETED
,249864,5801,11:54:59,11:15:15,FAILED
,320490,7179,06:24:35,18:52:16,FAILED
,734898,4860,01:38:42,06:03:51,COMPLETED
,378921,5890,03:00:39,00:09:32,DROPPED
,690541,2750,20:18:49,19:03:22,FAILED
,909609,9138,23:30:02,10:03:58,FAILED
,729976,9065,12:13:08,06:26:50,COMPLETED
,937382,8030,06:23:28,22:48:50,COMPLETED
,962027,7431,07:14:08,14:40:58,COMPLETED
,326179,7092,17:18:17,00:03:55,COMPLETED
,869652,6310,11:57:23,20:35:03,COMPLETED
,569500,2761,16:38:22,21:59:00,FAILED
,446938,3314,10:15:41,12:05:31,COMPLETED
,533156,5021,17:25:30,00:01:43,DROPPED
,280577,2994,16:13:44,04:01:39,FAILED
,351637,1521,07:00:44,10:48:56,FAILED
,597282,2084,01:01:15,10:41:50,DROPPED
,555970,7336,00:12:42,10:09:50,FAILED
,382119,3798,23:38:28,21:30:01,COMPLETED
,681834,8933,23:40:18,23:00:51,FAILED
,783789,1790,19:48:35,01:31:29,DROPPED
,937196,4202,09:56:12,00:13:58,FAILED
,383108,2652,19:29:08,12:29:34,FAILED
,932581,8064,12:54:04,15:56:55,FAILED
,448722,6223,11:22:05,04:13:31,FAILED
,103443,3801,01:50:55,02:55:49,COMPLETED
,425400,8300,18:20:56,16:08:50,DROPPED
,577107,4749,11:31:46,03:40:03,DROPPED
,640888,5850,02:25:08,10:19:55,FAILED
,548135,9015,08:24:12,10:00:50,COMPLETED
,495880,1918,14:52:55,09:48:52,DROPPED
,800514,2546,20:08:00,16:37:15,FAILED
,305542,5424,14:36:35,09:59:02,COMPLETED
,399167,5132,10:51:56,19:49:47,COMPLETED
,252942,2463,10:43:52,11:42:41,DROPPED
,688595,6012,22:10:52,04:33:27,COMPLETED
,379369,9072,14:40:21,15:37:42,FAILED
,382942,7863,12:00:57,00:03:21,FAILED
,736338,9199,09:10:52,09:06:17,FAILED
,764169,9792,04:28:32,19:36:31,FAILED
,773392,9938,02:08:38,10:56:30,FAILED
,349484,2934,04:10:02,11:08:39,FAILED
,685775,4372,19:16:59,04:16:29,COMPLETED
,476995,7930,21:44:40,01:56:37,DROPPED
,795104,5287,05:56:42,16:50:34,DROPPED
,110385,1287,08:19:32,09:10:11,DROPPED
,865842,7131,05:21:28,01:00:09,COMPLETED
,728502,5916,10:30:22,01:15:29,DROPPED
,507516,7437,15:05:18,03:22:54,COMPLETED
,460210,3630,00:15:42,23:44:36,DROPPED
,196016,7204,06:54:52,02:04:50,COMPLETED
,123404,2883,00:52:40,16:15:24,FAILED
,862401,6728,05:37:47,22:12:48,DROPPED
,389672,6049,05:34:42,04:43:15,COMPLETED
,271038,4935,16:23:15,15:18:07,FAILED
,474803,7663,14:03:48,07:53:44,DROPPED
,616010,8287,12:10:57,18:14:15,COMPLETED
,745937,8259,16:33:08,02:58:05,DROPPED
,249532,4135,14:52:40,05:29:44,DROPPED
,933641,2743,00:02:30,21:00:19,COMPLETED
,203894,2977,07:52:25,21:41:14,DROPPED
,517076,5239,05:23:06,11:35:00,DROPPED
,459507,3044,18:10:15,12:40:19,FAILED
,108561,2450,16:18:34,18:41:27,COMPLETED
,102501,3865,19:56:51,18:55:23,DROPPED
,843693,3375,10:12:02,01:29:21,FAILED
,299198,1074,21:38:02,08:23:59,DROPPED
,869242,7668,23:20:25,02:04:07,DROPPED
,929336,6008,11:59:32,23:15:45,FAILED
,398108,4123,11:45:10,21:10:25,DROPPED
,819841,9407,13:30:28,22:15:31,DROPPED
,337944,2483,23:38:48,17:02:47,FAILED
,897385,2973,11:09:51,02:05:42,DROPPED
,433508,8630,22:28:50,15:40:35,FAILED
,722105,1506,13:00:19,08:09:36,DROPPED
,604181,4165,11:34:44,20:45:26,COMPLETED
,498200,1330,20:24:00,16:44:56,FAILED
,655564,9709,16:07:47,18:16:34,DROPPED
,354728,9041,14:31:58,13:07:42,DROPPED
,488376,1719,23:55:43,10:18:05,FAILED
,876836,9614,11:38:12,10:43:37,DROPPED
,446458,4888,22:08:45,20:09:45,DROPPED
,506564,6306,09:28:51,01:29:19,FAILED
,212303,4743,14:26:32,23:27:15,FAILED
,353066,9623,17:17:27,18:57:11,FAILED
,377907,2211,00:58:34,06:48:25,DROPPED
,382472,3463,06:26:56,21:11:22,COMPLETED
,121361,8772,14:24:43,19:15:06,FAILED
,701995,9554,14:40:57,02:17:50,DROPPED
,492723,5065,04:31:37,16:20:36,COMPLETED
,625972,7986,12:56:09,14:29:43,FAILED
,711460,8727,14:21:00,17:47:18,FAILED
,591165,7026,16:15:16,21:44:37,FAILED
,788036,1458,06:52:14,05:43:20,FAILED
,894256,5406,15:37:02,06:24:57,COMPLETED
,461979,7686,02:29:31,10:41:40,FAILED
,825521,5162,17:26:24,05:41:43,COMPLETED
,313949,5689,13:04:39,12:11:55,COMPLETED
,188458,2743,23:41:43,23:54:12,DROPPED
,181439,1422,22:23:09,00:14:24,FAILED
,536010,4270,18:48:32,13:49:36,COMPLETED
,968228,2490,21:50:24,18:18:31,FAILED
,832715,2930,15:47:18,11:20:07,DROPPED
,388456,2906,20:02:26,13:08:07,COMPLETED
,691796,2299,03:28:58,04:40:44,COMPLETED
,343256,1542,10:10:33,05:14:18,DROPPED
,431110,7593,02:43:08,15:21:22,FAILED
,509596,3209,06:19:41,13:58:59,DROPPED
,821107,4318,06:33:09,07:11:53,COMPLETED
,872713,9327,06:40:31,02:20:40,COMPLETED
,609165,7657,06:51:16,12:36:08,FAILED
,239091,2990,16:58:18,15:41:43,FAILED
,423088,6660,08:33:47,11:49:18,COMPLETED
,248152,4827,18:02:03,01:36:59,COMPLETED
,312812,6311,09:17:00,06:47:09,COMPLETED
,356858,5037,22:58:42,03:20:40,DROPPED
,159277,1672,04:36:05,01:50:53,DROPPED
,924868,4969,15:45:58,02:24:06,COMPLETED
,525087,6464,07:18:14,13:47:27,DROPPED
,695350,1582,14:02:15,12:29:29,DROPPED
,455258,2740,20:48:57,18:51:20,COMPLETED
,464955,6324,10:40:48,03:27:36,DROPPED
,942344,8118,20:19:15,22:19:41,FAILED
,230249,3755,16:35:48,08:16:35,DROPPED
,175101,9835,19:42:17,15:46:23,FAILED
,824519,4084,02:40:42,07:53:49,DROPPED
,770830,8087,11:55:17,01:19:31,DROPPED
,352478,3731,14:54:24,11:16:38,FAILED
,256675,8222,18:15:57,09:48:03,FAILED
,877519,9269,01:29:54,10:19:54,FAILED
,603149,6393,18:27:40,01:35:52,FAILED
,671195,1046,13:23:33,16:22:31,COMPLETED
,349623,2894,09:43:20,00:43:00,FAILED
,800956,4251,13:06:04,12:07:00,FAILED
,505371,6170,16:35:11,22:39:37,DROPPED
,976317,1511,19:10:03,04:25:00,FAILED
,170625,7834,04:07:09,02:33:39,COMPLETED
,364577,9077,17:44:13,03:58:38,FAILED
,957455,1644,14:11:45,12:54:04,DROPPED
,191766,5492,00:51:29,01:20:09,DROPPED
,495872,4293,11:34:34,15:47:57,COMPLETED
,132718,9791,14:05:39,05:11:14,DROPPED
,380262,6482,14:25:34,16:52:07,COMPLETED
,615456,4485,21:11:30,21:38:20,DROPPED
,907200,1806,22:44:22,17:25:39,COMPLETED
,552623,5891,16:36:50,06:18:58,COMPLETED
,108733,3855,02:15:22,11:18:58,FAILED
,783313,7301,05:29:48,15:48:03,COMPLETED
,975449,8185,01:38:10,06:56:48,COMPLETED
,916180,5907,18:42:02,16:06:22,DROPPED
,443031,1703,13:49:34,16:42:32,DROPPED
,477461,8776,14:33:57,20:55:27,FAILED
,663294,6283,07:20:34,11:25:14,COMPLETED
,627093,1255,01:58:21,16:23:42,DROPPED
,566105,4181,11:34:57,06:30:50,DROPPED
,992298,6637,20:29:31,23:00:01,COMPLETED
,571991,4373,13:07:12,18:52:20,FAILED
,403836,5844,20:07:07,10:25:03,DROPPED
,106123,5502,19:49:25,07:24:24,COMPLETED
,665697,2881,08:21:19,04:45:16,DROPPED
,350644,6142,20:54:42,07:00:55,DROPPED
,509801,4162,03:03:10,14:29:08,DROPPED
,426224,1151,00:35:45,20:00:03,DROPPED
,122214,9436,22:35:17,23:04:07,DROPPED
,140260,6569,20:50:08,19:14:09,COMPLETED
,122826,5719,09:05:08,13:46:08,COMPLETED
,714691,1999,12:24:28,02:57:17,DROPPED
,483951,2021,01:08:20,06:32:31,COMPLETED
,709176,5990,03:57:47,18:54:42,DROPPED
,569951,7012,07:07:19,17:30:29,FAILED
,572622,2276,03:05:05,20:03:04,DROPPED
,507586,7804,08:32:38,19:37:51,FAILED
,160063,8442,21:45:57,08:49:28,FAILED
,993568,2372,04:39:47,17:28:26,COMPLETED
,363283,8745,05:46:13,13:54:56,COMPLETED
,184971,9835,17:13:32,09:52:32,DROPPED
,807439,4858,04:53:59,13:58:57,DROPPED
,320980,1754,05:27:04,09:56:14,DROPPED
,924231,2078,22:27:09,10:34:24,DROPPED
,361044,5053,03:46:04,06:19:54,COMPLETED
,566127,4836,20:04:15,19:32:09,DROPPED
,190703,9021,16:23:47,06:41:00,FAILED
,326486,3971,23:04:49,03:51:03,DROPPED
,616444,2809,05:44:50,11:59:48,DROPPED
,767444,6947,23:46:43,19:30:12,FAILED
,522754,3224,22:40:46,11:06:46,FAILED
,482946,1747,17:13:10,14:50:39,FAILED
,277757,8377,16:18:44,15:53:11,COMPLETED
,198704,9354,19:10:49,08:38:50,FAILED
,430220,9778,06:19:28,09:00:34,COMPLETED
,507779,6031,01:23:59,21:14:50,FAILED
,711977,2917,19:26:23,08:09:37,DROPPED
,442462,7170,18:57:44,22:03:55,DROPPED
,191033,1858,05:49:12,14:46:02,DROPPED
,327640,1349,09:09:21,03:34:06,DROPPED
,570892,4680,04:30:50,01:38:19,FAILED
,784011,7582,02:56:21,08:16:04,DROPPED
,260409,9401,12:44:38,05:45:32,DROPPED
,899791,6677,09:53:12,14:33:04,FAILED
,186621,4277,01:03:38,08:05:14,FAILED
,471483,3769,00:19:47,04:36:32,DROPPED
,435525,6325,09:18:06,15:44:26,COMPLETED
,519366,5208,18:22:56,01:26:27,FAILED
,987407,3235,22:10:15,17:11:38,COMPLETED
,386808,1939,03:00:20,21:41:16,COMPLETED
,382266,2661,19:42:03,02:45:32,COMPLETED
,530880,1506,22:38:26,19:19:56,FAILED
,650078,5900,19:36:40,13:29:24,FAILED
,107502,1860,21:23:17,07:03:08,FAILED
,586673,5509,13:29:54,01:21:15,FAILED
,270010,5678,06:08:31,21:23:10,COMPLETED
,444953,1881,19:40:31,08:15:50,FAILED
,545718,7078,22:35:42,22:07:08,FAILED
,545182,1626,12:44:27,20:57:44,FAILED
,173745,5638,14:28:05,17:27:59,DROPPED
,349543,8404,13:44:01,05:28:38,FAILED
,555234,4651,12:24:14,20:17:45,DROPPED
,252369,4976,11:02:25,05:11:31,DROPPED
,850942,7806,01:47:05,09:38:13,COMPLETED
,579537,6038,15:22:49,18:21:42,FAILED
,512557,5334,01:59:25,04:15:55,FAILED
,692915,9490,09:51:04,07:06:08,DROPPED
,922361,7726,01:18:57,00:40:20,COMPLETED
,163508,5011,11:27:33,11:27:35,FAILED
,302626,7719,13:52:45,09:26:30,FAILED
,306402,4760,22:57:27,15:58:58,COMPLETED
,369620,5696,15:07:07,08:39:41,COMPLETED
,736604,5329,13:39:02,20:15:25,FAILED
,717839,3628,23:50:46,13:36:19,DROPPED
,344617,4753,04:33:09,21:02:25,COMPLETED
,477706,7440,12:35:21,08:22:52,COMPLETED
,593609,2680,17:39:40,16:38:48,DROPPED
,932036,6637,09:22:09,12:47:27,COMPLETED
,516694,4478,03:08:17,05:07:41,DROPPED
,123474,9962,13:15:18,08:36:09,FAILED
,952314,6943,00:03:28,02:51:51,FAILED
,620127,8631,21:16:01,13:16:28,COMPLETED
,816369,1841,03:41:08,19:42:58,DROPPED
,163450,7512,01:27:55,20:24:10,COMPLETED
,714520,5505,04:03:54,23:30:50,FAILED
,209066,6365,20:26:57,17:02:15,COMPLETED
,539802,7946,06:52:43,23:42:12,FAILED
,282367,2246,05:20:10,17:55:49,COMPLETED
,724398,3476,13:33:37,08:13:14,FAILED
,724818,2740,15:39:05,14:13:02,COMPLETED
,390314,5647,05:43:30,20:00:06,FAILED
,604672,2501,16:50:52,16:27:48,COMPLETED
,685020,9431,06:12:07,16:44:20,FAILED
,788709,2357,14:31:39,23:13:34,FAILED
,614419,2762,15:33:42,23:01:05,DROPPED
,197418,7877,16:46:36,05:42:47,FAILED
,111748,2892,02:07:15,20:08:28,DROPPED
,547828,1201,05:42:19,08:03:19,COMPLETED
,257355,8001,18:30:55,20:38:32,FAILED
,605588,3992,00:06:40,02:34:33,FAILED
,145955,4692,21:25:06,23:50:05,FAILED
8001,717685,9404,48:14,81:60,FAILED
8002,606995,8294,80:93,82:68,COMPLETED
8003,579048,9006,54:63,90:92,COMPLETED
8004,347655,7712,18:7,93:60,FAILED
8005,994403,2148,43:79,3:34,DROPPED
8006,536241,1367,75:4,81:85,DROPPED
8007,520887,1911,76:20,92:31,COMPLETED
8008,833909,7607,2:88,3:81,DROPPED
8009,370121,9105,65:24,19:10,FAILED
8010,611717,5785,95:89,24:59,FAILED
8011,990055,4701,37:15,94:99,COMPLETED
8012,596948,9659,31:46,52:77,FAILED
8013,300199,9218,26:90,91:30,FAILED
8014,692388,9003,85:54,68:73,DROPPED
8015,317811,7632,28:23,89:71,DROPPED
8016,216910,7741,21:83,86:92,FAILED
8017,734363,7397,97:50,28:23,FAILED
8018,762357,4105,77:53,78:48,DROPPED
8019,116547,2024,52:53,30:80,COMPLETED
8020,369395,3234,0:9,17:69,COMPLETED
8021,998737,6353,47:71,81:0,COMPLETED
8022,526598,4260,28:10,8:98,FAILED
8023,828469,2432,58:91,63:84,COMPLETED
8024,961711,7034,68:58,25:38,FAILED
8025,446046,9398,87:57,67:83,COMPLETED
8026,691435,9241,71:44,58:49,DROPPED
8027,744177,4173,59:79,50:19,FAILED
8028,514758,6092,25:52,74:37,COMPLETED
8029,969807,3602,43:0,23:83,COMPLETED
8030,555812,5818,84:29,70:86,DROPPED
8031,749847,8646,79:59,21:65,FAILED
8032,404266,8800,90:31,98:97,DROPPED
8033,885933,5519,97:64,31:15,DROPPED
8034,882271,2471,4:91,8:45,DROPPED
8035,551630,3135,49:10,62:55,DROPPED
8036,387125,7705,70:93,74:25,DROPPED
8037,294400,8548,99:16,26:22,DROPPED
8038,319418,7289,18:96,13:69,DROPPED
8039,805705,6234,82:22,91:62,COMPLETED
8040,590218,6936,67:65,93:45,COMPLETED
8041,799557,8144,27:82,49:85,COMPLETED
8042,598793,2540,30:97,51:97,COMPLETED
8043,922634,5636,22:46,19:36,FAILED
8044,761073,3734,56:54,17:95,COMPLETED
8045,258709,6542,50:40,26:13,DROPPED
8046,923447,6805,83:12,80:67,DROPPED
8047,367689,8278,8:61,45:24,COMPLETED
8048,673000,2586,25:26,49:50,FAILED
8049,566815,6341,33:10,9:54,DROPPED
8050,149642,5139,57:22,99:49,COMPLETED
8051,866418,2445,93:80,13:52,FAILED
8052,879577,3902,79:3,18:0,FAILED
8053,857086,1833,29:5,72:65,DROPPED
8054,325845,7330,82:40,54:17,DROPPED
8055,702747,8586,1:17,72:9,DROPPED
8056,527637,6631,55:88,21:19,FAILED
8057,648819,3027,30:25,79:64,FAILED
8058,565683,8552,70:9,78:27,FAILED
8059,982774,1388,33:15,53:11,COMPLETED
8060,409536,8827,44:17,18:86,FAILED
8061,587271,4129,4:0,88:75,COMPLETED
8062,911699,4562,87:70,44:87,DROPPED
8063,880173,3796,5:26,59:90,DROPPED
8064,861415,3054,41:61,14:54,FAILED
8065,335221,2921,6:66,11:70,DROPPED
8066,267802,3965,71:1,33:83,DROPPED
8067,905482,2532,28:87,50:95,FAILED
8068,797387,5931,50:61,12:11,FAILED
8069,903653,5682,66:78,85:43,FAILED
8070,236291,9560,93:5,73:89,DROPPED
8071,371511,2656,69:52,43:9,COMPLETED
8072,983980,2966,53:75,21:91,DROPPED
8073,315974,5515,10:67,34:12,DROPPED
8074,443517,7253,68:87,78:28,COMPLETED
8075,575843,2065,51:41,76:65,DROPPED
8076,954081,6480,46:93,53:19,FAILED
8077,698608,7569,64:21,86:35,FAILED
8078,266493,6167,3:95,7:0,FAILED
8079,417657,4158,75:36,46:70,COMPLETED
8080,499885,9532,61:18,54:74,FAILED
8081,306422,3403,30:16,69:44,COMPLETED
8082,641974,7286,25:20,74:65,DROPPED
8083,527500,7935,70:85,90:4,COMPLETED
8084,844242,9573,98:56,42:92,DROPPED
8085,432030,4681,17:67,80:25,COMPLETED
8086,649507,5479,2:18,50:3,COMPLETED
8087,613844,4155,78:16,62:69,FAILED
8088,310896,1722,43:14,41:23,FAILED
8089,608974,8539,89:97,90:69,FAILED
8090,657853,9170,43:9,29:24,COMPLETED
8091,272970,4146,69:68,45:51,COMPLETED
8092,581485,8323,68:35,24:76,COMPLETED
8093,891891,1835,13:22,13:18,FAILED
8094,805955,6044,4:98,35:59,DROPPED
8095,736236,4727,20:2,17:86,FAILED
8096,901560,3222,50:15,96:19,DROPPED
8097,898848,8699,37:17,84:1,DROPPED
8098,963688,3699,62:26,98:41,COMPLETED
8099,615029,1260,37:73,38:64,DROPPED
8100,385425,3157,83:33,66:16,DROPPED
8101,250759,2200,16:7,69:75,DROPPED
8102,407713,4003,73:89,38:67,FAILED
8103,971861,5731,17:78,17:29,FAILED
8104,500172,5556,3:6,98:32,FAILED
8105,764531,4531,39:85,50:8,FAILED
8106,455027,9401,84:71,32:88,DROPPED
8107,892923,3106,95:92,1:31,COMPLETED
8108,509862,6253,61:54,60:52,FAILED
8109,599756,6282,73:35,7:82,DROPPED
8110,448137,8830,98:28,35:18,FAILED
8111,762426,2387,14:11,39:43,DROPPED
8112,196852,8788,27:49,54:69,DROPPED
8113,125495,9275,18:84,2:33,DROPPED
8114,361213,4581,69:48,64:7,DROPPED
8115,259049,3457,76:35,92:16,FAILED
8116,130454,2176,16:31,47:7,COMPLETED
8117,217638,8604,16:12,0:13,DROPPED
8118,804299,1471,67:88,66:63,DROPPED
8119,773278,2516,17:36,79:36,DROPPED
8120,501353,7339,39:79,70:8,DROPPED
8121,956253,3998,80:97,47:9,DROPPED
8122,854319,8312,6:8,68:96,COMPLETED
8123,912547,7167,88:51,50:52,COMPLETED
8124,779886,8202,76:97,99:75,FAILED
8125,699757,4810,69:66,9:9,COMPLETED
8126,127332,3742,54:75,82:60,COMPLETED
8127,537855,6429,33:20,73:69,DROPPED
8128,193043,1084,12:55,15:5,COMPLETED
8129,946993,5617,52:33,33:23,FAILED
8130,592733,6143,34:96,31:82,DROPPED
8131,255258,3866,41:41,0:33,COMPLETED
8132,332884,8430,32:76,22:18,FAILED
8133,192479,6195,54:77,89:20,COMPLETED
8134,775736,3494,61:0,28:94,DROPPED
8135,115520,5785,28:33,59:80,DROPPED
8136,451216,6899,73:26,77:69,DROPPED
8137,515358,3809,46:42,78:76,FAILED
8138,325441,8685,22:24,44:31,FAILED
8139,223189,2909,78:3,35:6,COMPLETED
8140,116045,7631,92:94,43:41,COMPLETED
8141,248725,4175,28:52,24:16,DROPPED
8142,692129,3814,68:7,96:42,FAILED
8143,573400,8113,77:8,28:76,DROPPED
8144,677399,7821,82:54,67:16,COMPLETED
8145,517076,2936,21:31,73:81,DROPPED
8146,994225,9437,88:85,71:7,COMPLETED
8147,221812,7382,22:85,67:85,FAILED
8148,593964,9118,26:71,61:92,FAILED
8149,809294,5599,42:70,78:67,DROPPED
8150,138594,9294,64:20,15:78,FAILED
8151,949023,1945,86:79,7:9,FAILED
8152,279988,8011,94:0,12:88,FAILED
8153,246510,5470,59:38,44:44,FAILED
8154,612126,8610,49:81,77:92,FAILED
8155,836180,2218,8:81,44:55,COMPLETED
8156,588611,1797,71:79,85:39,DROPPED
8157,277280,8642,85:29,99:87,FAILED
8158,487474,2025,75:17,22:81,FAILED
8159,592114,1537,18:99,84:97,FAILED
8160,800893,2462,97:78,92:29,DROPPED
8161,704974,4558,45:90,78:28,COMPLETED
8162,990244,3084,42:2,20:29,COMPLETED
8163,114680,3238,7:84,6:64,FAILED
8164,310990,1372,81:92,93:21,FAILED
8165,727310,1357,59:95,86:4,COMPLETED
8166,199809,9274,30:37,58:9,DROPPED
8167,917197,2993,25:11,55:64,COMPLETED
8168,171320,8400,26:34,48:57,COMPLETED
8169,919763,9656,71:61,24:40,FAILED
8170,949194,5086,99:4,91:9,FAILED
8171,351839,7907,16:60,36:30,COMPLETED
8172,629193,3451,38:17,29:92,COMPLETED
8173,593383,5155,24:63,18:93,FAILED
8174,949381,3579,70:87,5:38,DROPPED
8175,784797,5718,60:82,39:71,DROPPED
8176,243427,8038,32:42,61:78,FAILED
8177,274434,5916,12:65,37:14,FAILED
8178,235065,2577,31:45,10:93,FAILED
8179,981389,3660,20:58,55:14,DROPPED
8180,257900,9087,65:41,41:22,COMPLETED
8181,570392,5704,3:35,48:47,COMPLETED
8182,813130,4402,80:14,91:72,DROPPED
8183,627448,8211,39:22,59:2,COMPLETED
8184,896138,5079,22:20,90:48,COMPLETED
8185,325250,3068,13:24,68:10,COMPLETED
8186,796255,4316,17:87,42:13,COMPLETED
8187,321669,1557,27:80,98:97,FAILED
8188,992549,6899,80:37,81:91,FAILED
8189,712389,6210,27:21,30:99,COMPLETED
8190,888744,6683,29:72,56:55,DROPPED
8191,581186,2152,63:18,95:59,FAILED
8192,698355,4834,90:36,71:62,FAILED
8193,582489,8544,48:44,52:38,DROPPED
8194,571964,1184,89:41,82:15,FAILED
8195,723779,4444,30:62,43:89,COMPLETED
8196,126847,9407,93:85,56:69,COMPLETED
8197,380293,1099,94:96,15:95,FAILED
8198,931029,7662,94:70,49:16,FAILED
8199,965860,1580,75:25,71:6,COMPLETED
8200,650235,6325,37:21,76:99,COMPLETED
8201,413908,8021,59:68,53:87,FAILED
8202,348255,4389,56:14,18:81,COMPLETED
8203,380429,1191,56:21,97:0,DROPPED
8204,906519,4955,81:41,4:1,DROPPED
8205,213271,9588,6:62,19:26,COMPLETED
8206,496865,7794,10:7,98:69,FAILED
8207,791517,4513,65:63,55:19,COMPLETED
8208,610369,9293,0:82,62:29,DROPPED
8209,355638,1938,28:95,0:58,COMPLETED
8210,929130,7296,74:35,16:72,DROPPED
8211,837043,5313,55:27,49:66,COMPLETED
8212,781740,4159,30:3,36:85,DROPPED
8213,248139,4781,47:80,92:28,DROPPED
8214,508708,4547,78:47,76:37,COMPLETED
8215,473953,7847,47:21,74:46,FAILED
8216,374582,6011,21:40,64:44,FAILED
8217,986081,7855,31:31,43:26,COMPLETED
8218,916358,9598,12:65,79:78,COMPLETED
8219,121401,3285,39:38,10:85,DROPPED
8220,221065,2758,42:23,12:63,DROPPED
8221,145312,8391,77:71,41:54,DROPPED
8222,989951,8376,86:19,99:90,COMPLETED
8223,138152,3282,17:82,75:87,DROPPED
8224,889553,3913,39:80,44:35,FAILED
8225,387304,6424,45:46,81:73,FAILED
8226,409708,8302,6:19,48:70,DROPPED
8227,356464,8939,57:57,72:35,FAILED
8228,756346,4611,82:95,52:65,DROPPED
8229,446300,1997,87:97,60:31,COMPLETED
8230,491865,7413,8:68,58:38,FAILED
8231,630255,1220,42:61,54:48,DROPPED
8232,219517,2718,45:57,81:91,DROPPED
8233,379087,1626,66:30,33:76,DROPPED
8234,109167,5627,95:9,64:41,DROPPED
8235,674968,3951,85:90,75:5,DROPPED
8236,272512,8517,48:48,2:31,FAILED
8237,543739,9859,57:85,62:52,COMPLETED
8238,947544,9211,5:23,56:11,FAILED
8239,279225,3130,66:23,96:15,DROPPED
8240,886722,9796,91:31,54:77,DROPPED
8241,845733,6655,22:6,77:91,COMPLETED
8242,924249,6971,44:40,89:35,FAILED
8243,235555,1538,69:79,10:12,DROPPED
8244,857630,5093,40:80,86:26,COMPLETED
8245,865130,7375,54:30,7:53,DROPPED
8246,381870,2113,63:10,59:48,DROPPED
8247,958811,9764,65:80,91:11,DROPPED
8248,303738,9845,4:6,55:61,COMPLETED
8249,901569,8695,17:30,76:7,FAILED
8250,293956,6512,48:34,90:90,DROPPED
8251,998191,3681,82:38,60:36,FAILED
8252,741758,9110,16:65,57:92,COMPLETED
8253,168324,4325,11:30,21:88,DROPPED
8254,937182,6889,56:61,94:42,DROPPED
8255,506139,5757,65:87,48:7,FAILED
8256,212839,5696,40:1,14:10,DROPPED
8257,157419,3440,27:64,91:98,COMPLETED
8258,246958,7640,98:90,14:16,DROPPED
8259,188155,4796,9:5,93:27,COMPLETED
8260,509489,4917,5:43,13:59,COMPLETED
8261,665742,3045,3:69,71:76,DROPPED
8262,180357,7312,83:17,85:57,FAILED
8263,752471,1942,71:28,54:17,FAILED
8264,756504,8357,37:74,70:94,COMPLETED
8265,901030,1006,5:17,37:38,FAILED
8266,410318,9794,76:68,55:6,DROPPED
8267,445555,6035,27:39,39:75,FAILED
8268,234313,3538,88:16,70:58,DROPPED
8269,841388,8530,26:3,83:48,DROPPED
8270,230480,2870,8:87,80:26,DROPPED
8271,293362,2835,77:99,51:98,DROPPED
8272,169438,4568,94:81,30:80,FAILED
8273,949555,6972,88:85,20:97,DROPPED
8274,692537,5571,7:9,25:73,COMPLETED
8275,855933,5350,98:54,91:51,DROPPED
8276,646138,1464,64:4,41:13,FAILED
8277,564991,1797,34:3,46:43,COMPLETED
8278,742659,6011,34:52,27:80,COMPLETED
8279,733235,6501,34:0,98:96,COMPLETED
8280,851915,9467,97:64,72:42,COMPLETED
8281,559654,5696,77:38,99:44,FAILED
8282,419409,2372,5:15,57:89,COMPLETED
8283,110625,2900,41:82,67:58,FAILED
8284,237506,6695,30:0,30:22,FAILED
8285,861812,4975,59:30,91:84,FAILED
8286,318930,2321,13:95,66:84,DROPPED
8287,431436,9041,47:48,41:32,DROPPED
8288,807653,8163,56:46,83:93,FAILED
8289,865021,7488,26:54,50:88,DROPPED
8290,329797,5120,54:39,60:41,FAILED
8291,511090,6923,11:2,66:15,FAILED
8292,415568,1451,8:3,70:56,COMPLETED
8293,322284,6157,88:91,22:61,DROPPED
8294,296796,3384,31:71,10:15,DROPPED
8295,885458,6440,13:85,15:92,FAILED
8296,301953,9711,33:34,34:12,COMPLETED
8297,822935,7735,4:80,45:94,COMPLETED
8298,563306,3130,86:1,71:4,COMPLETED
8299,832807,5382,84:14,19:67,COMPLETED
8300,779417,6458,60:98,8:6,FAILED
8301,729732,9391,42:91,95:3,FAILED
8302,739077,3959,72:1,20:77,COMPLETED
8303,143091,4573,73:40,20:98,FAILED
8304,618094,1203,42:39,53:50,COMPLETED
8305,549553,6014,95:35,93:38,DROPPED
8306,644174,3752,37:61,18:28,FAILED
8307,235362,1516,46:25,82:14,FAILED
8308,486849,4237,93:2,71:99,COMPLETED
8309,482862,3227,42:10,88:85,COMPLETED
8310,230674,1375,85:34,30:73,DROPPED
8311,781879,5011,0:32,53:69,FAILED
8312,735479,4400,29:78,76:55,DROPPED
8313,549618,1073,46:65,96:31,FAILED
8314,684012,5048,32:75,27:85,FAILED
8315,100383,1537,68:78,41:28,DROPPED
8316,994294,7882,18:20,12:46,FAILED
8317,772933,5307,95:3,52:74,DROPPED
8318,285342,6025,52:48,17:70,FAILED
8319,194518,8369,84:14,28:89,COMPLETED
8320,313864,8062,68:84,37:35,FAILED
8321,905328,2001,78:92,2:93,FAILED
8322,932080,4297,10:20,33:0,DROPPED
8323,842860,2275,70:12,5:93,COMPLETED
8324,868139,5310,65:38,68:81,FAILED
8325,190558,6978,69:32,40:27,DROPPED
8326,127876,5614,8:71,9:54,DROPPED
8327,622497,6675,27:60,21:45,COMPLETED
8328,984028,6884,45:56,89:94,DROPPED
8329,469003,6007,60:61,16:48,FAILED
8330,727921,9781,86:65,45:65,FAILED
8331,467862,6432,54:58,64:22,FAILED
8332,272090,5181,89:97,11:20,FAILED
8333,181715,3688,42:30,36:14,DROPPED
8334,740571,9247,2:59,88:57,COMPLETED
8335,124947,3657,67:7,86:89,COMPLETED
8336,613244,4210,82:60,8:73,COMPLETED
8337,655640,7492,29:50,20:38,COMPLETED
8338,574271,8466,35:4,76:65,COMPLETED
8339,592776,8381,72:55,94:1,DROPPED
8340,526202,1398,0:49,94:25,DROPPED
8341,914658,8676,66:19,1:27,DROPPED
8342,537249,8473,45:28,4:40,COMPLETED
8343,849834,6721,89:60,34:55,FAILED
8344,308182,2428,72:34,42:40,FAILED
8345,337531,2430,2:1,75:78,COMPLETED
8346,235360,7356,3:53,16:61,DROPPED
8347,228916,4924,89:67,29:23,DROPPED
8348,568079,4336,37:12,18:38,COMPLETED
8349,865469,2217,84:96,46:25,COMPLETED
8350,393152,7417,20:54,56:34,DROPPED
8351,376778,2007,83:5,73:82,COMPLETED
8352,336564,1436,57:48,38:43,DROPPED
8353,482930,2445,98:33,87:28,DROPPED
8354,379264,5389,24:22,76:68,DROPPED
8355,212672,3449,28:90,50:58,COMPLETED
8356,796817,2739,77:71,41:25,FAILED
8357,465148,9897,14:45,14:22,FAILED
8358,360842,2060,3:96,2:14,COMPLETED
8359,818632,4658,43:97,36:51,COMPLETED
8360,220483,8335,32:0,78:98,COMPLETED
8361,261568,1617,40:16,67:74,DROPPED
8362,657111,8300,52:40,60:13,FAILED
8363,256583,5290,96:62,31:61,COMPLETED
8364,352371,1503,31:92,51:6,COMPLETED
8365,983514,3029,87:34,75:39,FAILED
8366,267295,7311,51:29,51:97,DROPPED
8367,741385,8733,32:87,79:18,FAILED
8368,818924,6100,5:42,54:15,DROPPED
8369,862012,3630,82:99,43:31,DROPPED
8370,711704,6529,23:59,4:49,FAILED
8371,403150,3131,66:30,8:45,DROPPED
8372,720139,4638,14:45,13:11,COMPLETED
8373,960611,4546,57:85,95:62,DROPPED
8374,587916,1817,31:53,63:0,DROPPED
8375,787679,7579,30:34,80:93,COMPLETED
8376,798037,4153,5:38,21:16,COMPLETED
8377,983301,5504,34:96,77:80,DROPPED
8378,225030,4583,4:29,11:94,DROPPED
8379,842797,8022,67:74,48:82,DROPPED
8380,842387,9525,87:62,2:98,COMPLETED
8381,262153,8036,82:1,21:60,DROPPED
8382,434453,4651,87:42,13:79,DROPPED
8383,248769,6681,57:75,22:69,FAILED
8384,428394,9982,55:69,32:44,FAILED
8385,290067,1000,11:96,42:75,COMPLETED
8386,689968,3806,71:30,47:44,DROPPED
8387,871200,7908,85:22,9:0,COMPLETED
8388,633756,9451,58:82,48:26,FAILED
8389,737309,9422,15:22,6:5,DROPPED
8390,214458,1020,81:30,55:75,FAILED
8391,830896,7701,97:38,57:58,DROPPED
8392,691590,4671,57:46,69:29,COMPLETED
8393,988180,4851,90:39,57:81,FAILED
8394,165331,9707,20:17,61:98,COMPLETED
8395,689337,1363,40:36,31:9,FAILED
8396,184473,4358,38:3,35:50,DROPPED
8397,230737,7340,1:2,95:25,DROPPED
8398,306437,5109,73:25,7:55,FAILED
8399,635652,5212,49:16,67:17,FAILED
8400,754820,9910,20:83,41:7,FAILED
8401,412358,5944,21:41,18:55,DROPPED
8402,150983,8930,43:19,71:95,COMPLETED
8403,280476,3050,32:55,11:49,DROPPED
8404,798553,6851,22:31,4:72,DROPPED
8405,272741,2566,69:81,52:60,FAILED
8406,219901,8781,40:54,36:47,DROPPED
8407,887430,6301,44:41,84:20,COMPLETED
8408,222555,4818,9:56,67:26,FAILED
8409,955342,2354,31:40,43:92,FAILED
8410,774715,3262,2:63,43:83,FAILED
8411,503716,3106,76:43,52:96,FAILED
8412,481734,5590,33:67,17:89,FAILED
8413,198596,7949,49:42,52:41,COMPLETED
8414,243424,4696,69:97,26:39,FAILED
8415,321581,7708,85:63,87:34,DROPPED
8416,115202,9536,63:88,1:19,DROPPED
8417,601216,8891,97:16,36:96,FAILED
8418,199985,6521,12:27,7:68,COMPLETED
8419,659176,4764,73:7,75:66,COMPLETED
8420,745440,6417,12:77,30:99,FAILED
8421,512185,2346,13:62,36:15,DROPPED
8422,706299,5605,12:29,78:47,COMPLETED
8423,522196,1157,95:31,66:25,COMPLETED
8424,961588,3162,44:78,38:24,DROPPED
8425,228439,1332,35:32,2:34,FAILED
8426,974357,2142,63:59,54:43,COMPLETED
8427,582641,3189,49:83,3:76,COMPLETED
8428,154293,5829,15:33,74:28,DROPPED
8429,954877,9480,56:77,95:58,COMPLETED
8430,541263,3403,85:22,59:99,COMPLETED
8431,886404,1363,70:53,89:81,COMPLETED
8432,566839,4820,70:52,30:53,COMPLETED
8433,207695,7659,76:88,19:4,COMPLETED
8434,670561,3800,12:60,94:1,FAILED
8435,881673,7720,8:83,2:17,FAILED
8436,987767,8978,11:26,71:83,COMPLETED
8437,560583,4301,4:75,58:1,COMPLETED
8438,846789,1936,75:92,85:25,FAILED
8439,903375,7509,87:71,67:35,DROPPED
8440,174082,5022,8:92,28:32,COMPLETED
8441,176130,7583,73:10,2:45,COMPLETED
8442,839765,3496,41:35,27:6,COMPLETED
8443,890103,6536,7:56,68:14,COMPLETED
8444,163587,8169,98:21,37:82,COMPLETED
8445,476937,2538,47:58,30:64,COMPLETED
8446,305459,5497,51:51,44:99,FAILED
8447,427230,1865,24:66,23:31,COMPLETED
8448,194431,7292,77:34,33:46,COMPLETED
8449,430174,2277,15:6,55:61,DROPPED
8450,702514,5380,56:80,23:50,COMPLETED
8451,293662,4235,14:83,42:70,COMPLETED
8452,556501,4930,43:51,9:68,COMPLETED
8453,410019,7571,23:93,29:44,DROPPED
8454,191235,1051,71:94,56:46,FAILED
8455,850468,3331,98:23,92:65,COMPLETED
8456,334904,3378,57:48,91:36,COMPLETED
8457,231887,1579,88:55,25:94,DROPPED
8458,408218,2937,5:65,12:27,FAILED
8459,792248,6765,46:91,17:69,COMPLETED
8460,509411,5534,78:80,89:3,FAILED
8461,330113,4629,49:79,71:57,FAILED
8462,216848,4901,54:67,8:49,COMPLETED
8463,981775,3522,54:29,76:96,FAILED
8464,587660,5411,72:88,82:8,DROPPED
8465,631563,4305,91:87,76:50,FAILED
8466,446259,7400,57:93,78:68,DROPPED
8467,877075,3909,14:16,43:34,COMPLETED
8468,953206,6476,75:94,2:92,FAILED
8469,874687,4512,12:8,69:38,COMPLETED
8470,637577,9185,72:27,11:69,COMPLETED
8471,879099,9821,51:77,80:4,FAILED
8472,711347,9004,94:66,25:73,COMPLETED
8473,663016,3170,65:51,1:98,FAILED
8474,579624,4147,49:89,43:87,COMPLETED
8475,692578,8828,30:62,17:67,COMPLETED
8476,268373,5325,85:78,8:19,FAILED
8477,815996,1351,14:2,59:67,DROPPED
8478,609931,5867,21:76,18:64,FAILED
8479,815878,8254,0:80,46:90,DROPPED
8480,205454,3017,8:60,18:18,FAILED
8481,122291,6127,29:16,81:34,COMPLETED
8482,102080,1933,81:36,49:77,DROPPED
8483,483627,6075,17:27,8:83,FAILED
8484,514984,1299,8:34,80:34,FAILED
8485,411444,6195,3:18,67:14,COMPLETED
8486,121413,4135,34:48,16:58,FAILED
8487,114060,3842,80:3,9:83,COMPLETED
8488,605864,2023,38:50,43:67,FAILED
8489,978837,6657,41:28,73:74,COMPLETED
8490,122873,8406,54:67,99:75,COMPLETED
8491,219270,8656,6:44,85:83,COMPLETED
8492,349406,1037,52:59,68:48,DROPPED
8493,214174,9329,68:97,23:2,DROPPED
8494,394446,6281,23:97,67:19,FAILED
8495,787701,1765,31:1,77:74,FAILED
8496,676370,8383,39:74,58:49,FAILED
8497,439208,1875,67:89,31:30,FAILED
8498,997980,3128,8:45,13:13,DROPPED
8499,330941,8771,97:85,65:12,FAILED
8500,859738,9116,67:25,61:55,COMPLETED
8501,814396,6055,6:51,63:14,FAILED
8502,774538,8715,55:11,5:11,FAILED
8503,260681,2516,20:69,69:25,DROPPED
8504,750381,2012,64:33,86:25,COMPLETED
8505,468314,3308,48:42,12:80,FAILED
8506,353126,1772,46:65,2:36,FAILED
8507,335465,1379,21:8,63:15,DROPPED
8508,191393,9862,32:59,54:14,DROPPED
8509,434532,9159,88:51,91:87,FAILED
8510,540811,7189,91:7,88:9,FAILED
8511,953400,5791,66:10,66:51,DROPPED
8512,204886,8537,19:23,37:6,DROPPED
8513,210937,3245,41:17,42:97,FAILED
8514,937208,5658,50:72,5:26,FAILED
8515,612760,7203,65:11,32:34,FAILED
8516,942760,4609,11:37,45:63,COMPLETED
8517,196199,1480,66:33,78:35,FAILED
8518,546627,6260,9:18,48:33,COMPLETED
8519,259729,6001,82:50,34:22,FAILED
8520,470031,6510,92:33,8:71,COMPLETED
8521,552937,5253,63:21,4:50,DROPPED
8522,801240,1032,98:80,96:64,FAILED
8523,394562,1367,80:94,75:59,DROPPED
8524,999707,8104,92:39,2:28,COMPLETED
8525,600002,7885,43:93,23:31,DROPPED
8526,909607,1861,24:8,35:90,DROPPED
8527,928792,2199,48:66,92:49,COMPLETED
8528,739408,7973,82:78,22:37,COMPLETED
8529,410816,2035,13:13,40:42,FAILED
8530,655908,2329,3:96,19:67,DROPPED
8531,304171,5698,28:35,37:84,FAILED
8532,983788,6758,72:76,95:33,COMPLETED
8533,520994,8908,33:7,9:70,FAILED
8534,209370,9117,53:7,33:8,FAILED
8535,635532,9117,13:14,50:55,FAILED
8536,872112,3759,89:54,97:71,DROPPED
8537,893310,7984,16:58,99:19,COMPLETED
8538,513288,1252,88:99,83:63,FAILED
8539,405403,3118,90:58,12:17,FAILED
8540,854205,3091,96:88,13:71,FAILED
8541,808234,8439,99:91,11:34,FAILED
8542,882707,3667,36:65,50:51,DROPPED
8543,868318,9796,50:82,78:28,FAILED
8544,278783,3364,51:46,54:56,COMPLETED
8545,435733,8061,26:40,32:87,COMPLETED
8546,230210,9289,39:19,54:13,FAILED
8547,252808,9822,73:64,50:62,COMPLETED
8548,469160,1175,24:66,7:32,COMPLETED
8549,687703,5816,87:19,42:92,FAILED
8550,586643,4500,30:9,2:49,DROPPED
8551,387895,9593,18:75,72:47,DROPPED
8552,712186,5360,19:45,90:90,FAILED
8553,641115,1032,93:38,10:61,COMPLETED
8554,380588,6496,54:78,56:22,COMPLETED
8555,107456,5921,58:59,21:15,COMPLETED
8556,794126,8946,57:52,39:9,FAILED
8557,793329,7235,79:2,24:28,DROPPED
8558,759914,6836,15:30,11:94,FAILED
8559,655680,7206,22:3,86:46,FAILED
8560,953635,4820,83:46,70:99,DROPPED
8561,180630,7016,24:95,29:38,COMPLETED
8562,692910,6472,11:56,23:9,DROPPED
8563,124340,5723,51:73,5:30,COMPLETED
8564,587042,1932,88:23,9:53,COMPLETED
8565,183714,1091,52:10,13:69,DROPPED
8566,628669,2720,40:19,8:86,COMPLETED
8567,670983,8060,2:8,50:13,COMPLETED
8568,956360,3700,99:18,5:80,FAILED
8569,804698,4382,27:11,89:58,FAILED
8570,747435,5001,52:3,5:27,DROPPED
8571,382367,9135,18:1,71:5,DROPPED
8572,815434,4313,81:17,40:89,DROPPED
8573,879108,7440,52:29,64:62,FAILED
8574,988080,2664,48:28,55:62,FAILED
8575,475492,3883,84:84,40:42,DROPPED
8576,416067,1869,11:64,33:32,COMPLETED
8577,366654,8184,57:14,7:51,DROPPED
8578,401645,6515,90:3,64:31,DROPPED
8579,103004,8886,69:22,85:38,DROPPED
8580,345427,9939,64:79,18:66,FAILED
8581,132459,7404,73:66,77:9,COMPLETED
8582,618909,7789,64:70,49:13,FAILED
8583,382795,2149,30:41,20:59,FAILED
8584,632700,6370,7:23,75:33,COMPLETED
8585,667898,1022,32:79,18:41,COMPLETED
8586,225649,8401,78:78,41:94,FAILED
8587,735225,1429,43:5,0:90,COMPLETED
8588,735547,1951,17:54,69:84,FAILED
8589,573858,7055,62:68,96:49,FAILED
8590,734609,1473,37:33,29:33,COMPLETED
8591,363375,5844,16:99,96:95,FAILED
8592,488368,2905,25:30,39:65,DROPPED
8593,924275,6498,41:11,93:2,COMPLETED
8594,727516,2274,72:60,41:8,COMPLETED
8595,633599,6465,29:93,60:48,COMPLETED
8596,820859,3501,75:8,99:20,DROPPED
8597,840133,7144,79:44,16:62,FAILED
8598,279158,5171,22:31,84:8,FAILED
8599,784205,3127,47:70,24:38,DROPPED
8600,799500,2249,67:19,37:30,COMPLETED
8601,390481,4509,14:96,55:11,FAILED
8602,434023,4798,34:63,90:86,DROPPED
8603,104967,3707,50:30,80:49,DROPPED
8604,708912,5249,13:32,33:74,COMPLETED
8605,163036,7101,2:80,70:6,FAILED
8606,229674,6837,52:0,29:87,FAILED
8607,831552,1376,23:40,50:86,DROPPED
8608,538764,7244,22:34,88:13,DROPPED
8609,659293,1203,18:31,70:92,DROPPED
8610,856962,5091,99:5,64:26,FAILED
8611,740293,1703,70:35,94:54,DROPPED
8612,503348,8522,33:93,43:65,COMPLETED
8613,436089,3466,20:51,29:14,DROPPED
8614,343651,6890,6:1,79:0,COMPLETED
8615,448828,4305,72:55,51:81,FAILED
8616,464098,2592,87:21,85:15,DROPPED
8617,865581,1728,42:22,14:70,DROPPED
8618,194958,9473,95:78,77:21,COMPLETED
8619,866455,4150,82:42,74:27,FAILED
8620,352177,8912,77:89,37:41,DROPPED
8621,478897,7685,59:47,72:57,COMPLETED
8622,116015,8144,27:91,1:51,FAILED
8623,101401,7679,97:26,22:2,FAILED
8624,142345,9208,23:80,49:42,FAILED
8625,159357,9505,26:97,15:75,DROPPED
8626,433820,4311,50:71,23:45,COMPLETED
8627,406746,4607,88:41,67:42,FAILED
8628,304980,5539,61:69,53:48,FAILED
8629,241303,3406,72:86,46:0,COMPLETED
8630,561640,9930,11:77,24:39,FAILED
8631,779707,1306,10:83,9:31,COMPLETED
8632,980982,3919,15:66,83:59,FAILED
8633,148433,2672,32:1,65:50,COMPLETED
8634,533085,2506,38:56,34:15,DROPPED
8635,734170,9123,56:94,32:61,DROPPED
8636,647064,5456,63:0,78:72,FAILED
8637,714861,4002,73:84,83:44,COMPLETED
8638,394027,8708,67:95,86:64,COMPLETED
8639,300681,1870,75:64,69:83,COMPLETED
8640,596099,7232,98:68,50:85,FAILED
8641,614292,1304,86:12,71:87,COMPLETED
8642,636041,6252,0:89,96:51,COMPLETED
8643,420771,4270,40:15,95:75,DROPPED
8644,834755,8540,77:26,0:45,COMPLETED
8645,373524,9556,38:18,4:33,FAILED
8646,118613,2749,56:99,28:94,COMPLETED
8647,858811,3160,64:9,69:6,COMPLETED
8648,184310,6086,11:83,64:76,FAILED
8649,788229,1719,65:93,19:37,DROPPED
8650,468421,3644,61:71,29:77,COMPLETED
8651,927611,1063,64:11,78:74,COMPLETED
8652,866229,1189,47:92,95:37,FAILED
8653,378033,6120,32:50,25:39,COMPLETED
8654,366830,2895,75:86,59:3,FAILED
8655,429095,4878,58:36,77:82,DROPPED
8656,446936,1246,39:90,70:1,DROPPED
8657,457015,1044,42:74,59:87,COMPLETED
8658,940479,7261,62:75,94:8,FAILED
8659,217287,1237,89:24,60:57,FAILED
8660,521516,4737,27:93,50:67,COMPLETED
8661,182105,8230,79:13,65:8,FAILED
8662,649802,8590,43:99,13:80,DROPPED
8663,536811,1395,41:30,5:0,FAILED
8664,198783,8444,58:98,19:23,FAILED
8665,647037,5188,37:31,22:23,COMPLETED
8666,905016,7453,92:55,69:18,DROPPED
8667,207522,8306,4:27,97:39,DROPPED
8668,857546,2246,65:42,58:92,FAILED
8669,447292,2814,57:52,0:8,DROPPED
8670,915710,5258,24:9,40:46,COMPLETED
8671,198797,5253,76:45,87:14,DROPPED
8672,675021,5648,82:77,81:73,COMPLETED
8673,110417,6955,59:70,61:88,DROPPED
8674,847015,6956,24:76,73:1,COMPLETED
8675,577106,8946,83:36,18:37,COMPLETED
8676,697771,8890,29:15,23:11,FAILED
8677,718028,5733,52:77,16:77,DROPPED
8678,258335,1157,57:12,29:38,DROPPED
8679,853047,5150,13:91,57:31,DROPPED
8680,172952,5835,87:61,16:51,FAILED
8681,557232,5842,43:33,88:53,DROPPED
8682,411592,6470,18:27,74:39,FAILED
8683,708830,1380,25:56,53:54,DROPPED
8684,513496,9473,95:65,37:27,FAILED
8685,620246,3031,34:60,73:26,COMPLETED
8686,539390,6371,88:0,58:23,COMPLETED
8687,627453,1945,78:11,76:94,FAILED
8688,955194,7025,78:55,50:92,COMPLETED
8689,525081,9969,33:88,62:65,DROPPED
8690,317036,3314,18:69,28:8,DROPPED
8691,784634,6725,66:12,17:34,COMPLETED
8692,318332,6625,27:73,74:95,COMPLETED
8693,810860,6750,65:38,38:84,FAILED
8694,832727,9442,52:0,31:35,DROPPED
8695,162319,9899,5:0,39:25,DROPPED
8696,561394,9772,7:66,24:42,FAILED
8697,938811,2017,22:81,37:11,DROPPED
8698,635662,2936,6:21,4:26,COMPLETED
8699,730180,5382,38:67,55:62,COMPLETED
8700,104379,6551,13:83,78:80,DROPPED
8701,975983,4779,67:62,80:12,DROPPED
8702,596432,9702,35:53,49:70,FAILED
8703,312940,8952,8:29,23:10,DROPPED
8704,567624,5669,51:19,43:30,DROPPED
8705,146232,9697,89:86,33:61,DROPPED
8706,752323,5762,13:12,23:19,DROPPED
8707,760672,4215,52:2,38:7,COMPLETED
8708,512754,3613,94:80,96:9,COMPLETED
8709,999011,3952,91:73,2:4,FAILED
8710,128645,7699,10:99,4:37,DROPPED
8711,787360,8043,30:62,23:36,FAILED
8712,264033,4452,24:17,16:84,DROPPED
8713,384487,4501,72:1,35:10,DROPPED
8714,778484,8757,74:50,92:36,FAILED
8715,527027,6115,51:74,29:32,COMPLETED
8716,453780,7558,25:51,8:18,COMPLETED
8717,163631,1157,79:79,97:62,FAILED
8718,283215,4408,21:42,16:48,COMPLETED
8719,693810,4263,91:7,81:80,COMPLETED
8720,692337,8927,89:27,31:87,DROPPED
8721,573389,6051,38:39,98:87,DROPPED
8722,774819,4809,10:89,70:72,DROPPED
8723,532226,4378,38:40,91:22,FAILED
8724,927122,6031,56:68,54:10,COMPLETED
8725,130076,5856,16:6,55:62,FAILED
8726,669259,4325,73:20,21:25,COMPLETED
8727,748685,5991,83:63,50:81,FAILED
8728,364685,6511,73:23,81:69,FAILED
8729,914463,1349,66:9,25:40,COMPLETED
8730,801889,2248,56:34,61:88,FAILED
8731,787545,9508,1:33,14:47,DROPPED
8732,384254,3348,9:28,79:80,COMPLETED
8733,866016,4158,19:36,31:93,COMPLETED
8734,760240,3176,80:75,56:34,COMPLETED
8735,192364,3786,45:61,1:43,FAILED
8736,395060,1164,14:64,2:43,FAILED
8737,845091,8012,52:33,60:84,COMPLETED
8738,437386,5870,48:87,36:40,FAILED
8739,184774,9632,52:15,26:60,DROPPED
8740,996174,5795,24:59,15:58,DROPPED
8741,607195,2785,65:38,33:18,FAILED
8742,174147,1379,42:60,97:54,COMPLETED
8743,892888,8667,82:87,47:16,DROPPED
8744,419682,6997,1:96,85:70,DROPPED
8745,251099,1708,54:38,95:67,COMPLETED
8746,556057,9307,51:15,83:21,DROPPED
8747,990687,2396,92:6,89:40,COMPLETED
8748,390331,2557,23:3,3:63,COMPLETED
8749,666924,9313,73:19,94:7,DROPPED
8750,642550,2160,46:64,70:13,DROPPED
8751,138867,8873,38:63,64:47,DROPPED
8752,219085,8721,12:60,11:88,FAILED
8753,175882,2096,53:63,40:47,FAILED
8754,843648,5492,54:59,93:93,FAILED
8755,912746,3777,41:42,81:0,COMPLETED
8756,986509,6953,67:28,36:87,COMPLETED
8757,760487,7700,1:77,80:38,DROPPED
8758,538397,3674,73:82,95:23,DROPPED
8759,514773,2333,36:65,22:74,DROPPED
8760,477394,7428,58:48,60:23,FAILED
8761,933552,2901,71:6,81:72,FAILED
8762,802784,2540,96:44,95:32,FAILED
8763,760609,8571,58:84,66:43,DROPPED
8764,144029,1782,83:55,16:8,DROPPED
8765,603464,8112,92:22,57:32,DROPPED
8766,552853,8965,29:8,87:66,DROPPED
8767,942362,5977,5:36,91:68,COMPLETED
8768,782389,8970,9:50,35:90,COMPLETED
8769,333717,8756,36:35,68:6,COMPLETED
8770,354579,6205,2:48,71:32,FAILED
8771,748025,6873,18:95,22:93,FAILED
8772,521788,7158,75:8,42:90,DROPPED
8773,965367,3467,86:28,20:69,COMPLETED
8774,637959,1215,32:12,39:87,DROPPED
8775,964982,9449,70:23,99:72,FAILED
8776,352694,6550,72:37,93:1,COMPLETED
8777,297947,5598,59:48,78:32,DROPPED
8778,359337,4336,7:96,3:74,COMPLETED
8779,622763,6450,24:79,84:91,COMPLETED
8780,369556,3894,10:75,80:55,DROPPED
8781,408557,5612,33:57,59:82,COMPLETED
8782,966177,7077,11:17,50:79,DROPPED
8783,248112,8892,29:19,12:37,FAILED
8784,390912,7663,27:4,91:10,FAILED
8785,530235,3573,83:98,40:8,FAILED
8786,187225,5429,70:59,71:7,FAILED
8787,545682,7012,14:29,97:83,DROPPED
8788,391231,4098,35:98,38:18,COMPLETED
8789,858152,9512,2:52,4:33,COMPLETED
8790,915822,6435,17:5,33:27,DROPPED
8791,495109,9204,14:18,96:13,FAILED
8792,578488,3850,45:25,46:19,COMPLETED
8793,512967,2173,19:24,69:23,FAILED
8794,626352,4362,23:17,78:12,DROPPED
8795,678986,6383,3:77,49:8,FAILED
8796,296444,4458,17:42,32:38,DROPPED
8797,337035,2631,34:72,76:9,DROPPED
8798,908946,6718,9:99,13:30,FAILED
8799,828865,8989,26:61,7:43,COMPLETED
8800,318218,1477,37:29,91:36,COMPLETED
8801,ABC123,AGENTX,05:32:03,10:49:13,FAILED
8802,ABC123,AGENTX,22:58:31,18:43:38,COMPLETED
8803,ABC123,AGENTX,19:06:31,04:34:43,DROPPED
8804,ABC123,AGENTX,16:19:09,04:27:53,COMPLETED
8805,ABC123,AGENTX,01:53:29,11:37:25,FAILED
8806,ABC123,AGENTX,21:30:49,11:07:18,FAILED
8807,ABC123,AGENTX,08:30:24,21:06:28,DROPPED
8808,ABC123,AGENTX,01:38:28,05:00:52,DROPPED
8809,ABC123,AGENTX,13:33:57,20:37:10,FAILED
8810,ABC123,AGENTX,19:52:03,01:01:09,DROPPED
8811,ABC123,AGENTX,00:08:53,04:04:41,FAILED
8812,ABC123,AGENTX,16:06:24,11:35:26,DROPPED
8813,ABC123,AGENTX,23:50:15,07:59:15,COMPLETED
8814,ABC123,AGENTX,22:55:12,20:39:33,COMPLETED
8815,ABC123,AGENTX,13:17:05,07:53:41,FAILED
8816,ABC123,AGENTX,23:22:36,03:16:33,COMPLETED
8817,ABC123,AGENTX,18:42:50,18:14:03,COMPLETED
8818,ABC123,AGENTX,20:34:47,02:50:55,FAILED
8819,ABC123,AGENTX,03:07:06,17:59:40,COMPLETED
8820,ABC123,AGENTX,01:38:09,04:57:39,DROPPED
8821,ABC123,AGENTX,06:32:54,02:22:23,FAILED
8822,ABC123,AGENTX,18:14:56,05:17:03,DROPPED
8823,ABC123,AGENTX,00:00:29,14:54:28,COMPLETED
8824,ABC123,AGENTX,19:03:03,22:27:14,COMPLETED
8825,ABC123,AGENTX,12:52:44,15:00:08,COMPLETED
8826,ABC123,AGENTX,22:01:57,10:54:11,COMPLETED
8827,ABC123,AGENTX,02:53:52,19:20:48,DROPPED
8828,ABC123,AGENTX,00:22:41,07:16:01,COMPLETED
8829,ABC123,AGENTX,07:53:03,12:11:36,COMPLETED
8830,ABC123,AGENTX,19:24:44,12:04:36,FAILED
8831,ABC123,AGENTX,05:57:45,00:12:30,COMPLETED
8832,ABC123,AGENTX,16:56:20,08:26:47,DROPPED
8833,ABC123,AGENTX,01:15:06,10:21:41,DROPPED
8834,ABC123,AGENTX,12:44:44,02:45:48,COMPLETED
8835,ABC123,AGENTX,01:13:00,09:10:10,COMPLETED
8836,ABC123,AGENTX,06:03:31,03:41:31,COMPLETED
8837,ABC123,AGENTX,05:55:37,06:16:22,FAILED
8838,ABC123,AGENTX,04:46:35,08:45:28,DROPPED
8839,ABC123,AGENTX,08:25:02,16:14:51,DROPPED
8840,ABC123,AGENTX,10:28:39,13:34:16,COMPLETED
8841,ABC123,AGENTX,02:24:09,21:15:32,FAILED
8842,ABC123,AGENTX,03:40:13,11:21:23,DROPPED
8843,ABC123,AGENTX,11:05:26,02:01:53,FAILED
8844,ABC123,AGENTX,08:03:03,06:20:26,COMPLETED
8845,ABC123,AGENTX,08:08:23,19:38:01,COMPLETED
8846,ABC123,AGENTX,06:45:58,07:51:24,DROPPED
8847,ABC123,AGENTX,23:29:23,17:16:38,COMPLETED
8848,ABC123,AGENTX,14:57:00,20:36:52,FAILED
8849,ABC123,AGENTX,21:26:36,03:16:59,COMPLETED
8850,ABC123,AGENTX,09:44:35,17:10:02,FAILED
8851,ABC123,AGENTX,15:38:28,20:46:46,DROPPED
8852,ABC123,AGENTX,15:36:25,17:50:23,FAILED
8853,ABC123,AGENTX,06:36:47,03:49:28,DROPPED
8854,ABC123,AGENTX,17:59:34,22:59:28,FAILED
8855,ABC123,AGENTX,04:24:41,00:02:02,FAILED
8856,ABC123,AGENTX,11:07:53,17:52:49,FAILED
8857,ABC123,AGENTX,11:33:24,09:28:13,DROPPED
8858,ABC123,AGENTX,05:22:16,21:33:10,DROPPED
8859,ABC123,AGENTX,19:20:32,19:52:01,DROPPED
8860,ABC123,AGENTX,10:34:35,21:56:18,DROPPED
8861,ABC123,AGENTX,21:38:06,19:51:42,COMPLETED
8862,ABC123,AGENTX,19:14:32,08:42:44,FAILED
8863,ABC123,AGENTX,10:20:10,14:08:44,FAILED
8864,ABC123,AGENTX,04:35:34,08:51:18,FAILED
8865,ABC123,AGENTX,19:51:37,18:36:46,FAILED
8866,ABC123,AGENTX,13:56:15,01:02:11,COMPLETED
8867,ABC123,AGENTX,15:12:57,14:59:21,DROPPED
8868,ABC123,AGENTX,04:30:45,00:21:15,FAILED
8869,ABC123,AGENTX,03:34:36,02:46:18,DROPPED
8870,ABC123,AGENTX,01:37:44,22:32:14,FAILED
8871,ABC123,AGENTX,18:16:36,18:01:54,DROPPED
8872,ABC123,AGENTX,22:24:39,03:01:56,DROPPED
8873,ABC123,AGENTX,01:20:45,11:52:09,DROPPED
8874,ABC123,AGENTX,17:52:41,11:23:43,FAILED
8875,ABC123,AGENTX,00:25:58,03:26:10,FAILED
8876,ABC123,AGENTX,04:15:33,19:18:09,DROPPED
8877,ABC123,AGENTX,21:35:52,20:48:02,COMPLETED
8878,ABC123,AGENTX,19:14:19,10:14:40,DROPPED
8879,ABC123,AGENTX,13:48:16,03:47:53,COMPLETED
8880,ABC123,AGENTX,18:54:10,22:16:27,FAILED
8881,ABC123,AGENTX,20:48:24,09:46:54,FAILED
8882,ABC123,AGENTX,12:52:05,03:10:29,COMPLETED
8883,ABC123,AGENTX,08:02:40,21:36:23,COMPLETED
8884,ABC123,AGENTX,10:32:39,11:20:27,DROPPED
8885,ABC123,AGENTX,16:38:09,00:15:04,DROPPED
8886,ABC123,AGENTX,14:44:35,20:02:20,DROPPED
8887,ABC123,AGENTX,05:43:38,13:26:10,DROPPED
8888,ABC123,AGENTX,02:52:28,04:29:38,COMPLETED
8889,ABC123,AGENTX,15:15:44,08:30:06,COMPLETED
8890,ABC123,AGENTX,14:25:37,02:46:42,DROPPED
8891,ABC123,AGENTX,20:43:37,01:33:02,FAILED
8892,ABC123,AGENTX,17:25:48,20:29:14,DROPPED
8893,ABC123,AGENTX,12:34:09,17:22:28,COMPLETED
8894,ABC123,AGENTX,10:13:15,04:21:43,DROPPED
8895,ABC123,AGENTX,22:55:13,04:34:59,DROPPED
8896,ABC123,AGENTX,02:22:16,03:37:58,COMPLETED
8897,ABC123,AGENTX,22:08:34,00:16:25,COMPLETED
8898,ABC123,AGENTX,02:36:09,02:12:35,DROPPED
8899,ABC123,AGENTX,16:50:48,06:54:29,FAILED
8900,ABC123,AGENTX,09:41:39,09:41:05,COMPLETED
8901,ABC123,AGENTX,20:31:33,15:55:58,DROPPED
8902,ABC123,AGENTX,20:28:15,19:49:35,COMPLETED
8903,ABC123,AGENTX,14:50:16,18:07:50,DROPPED
8904,ABC123,AGENTX,11:23:53,13:26:12,FAILED
8905,ABC123,AGENTX,03:17:37,11:19:54,FAILED
8906,ABC123,AGENTX,01:42:46,22:57:25,FAILED
8907,ABC123,AGENTX,21:32:46,19:16:58,DROPPED
8908,ABC123,AGENTX,13:56:56,17:26:25,FAILED
8909,ABC123,AGENTX,05:51:42,09:14:12,COMPLETED
8910,ABC123,AGENTX,09:10:28,23:00:53,FAILED
8911,ABC123,AGENTX,07:57:37,03:33:55,DROPPED
8912,ABC123,AGENTX,17:12:14,23:02:04,DROPPED
8913,ABC123,AGENTX,03:53:55,22:56:51,COMPLETED
8914,ABC123,AGENTX,17:16:05,07:27:13,FAILED
8915,ABC123,AGENTX,19:14:08,10:44:15,COMPLETED
8916,ABC123,AGENTX,22:13:13,01:26:15,COMPLETED
8917,ABC123,AGENTX,15:06:14,00:15:53,DROPPED
8918,ABC123,AGENTX,19:52:22,21:04:40,COMPLETED
8919,ABC123,AGENTX,07:00:41,10:08:37,COMPLETED
8920,ABC123,AGENTX,01:56:11,08:08:19,COMPLETED
8921,ABC123,AGENTX,16:29:45,23:17:52,DROPPED
8922,ABC123,AGENTX,20:11:18,02:55:05,COMPLETED
8923,ABC123,AGENTX,13:19:40,15:09:27,COMPLETED
8924,ABC123,AGENTX,12:55:03,20:41:41,FAILED
8925,ABC123,AGENTX,05:41:29,18:58:35,COMPLETED
8926,ABC123,AGENTX,07:09:49,01:58:32,COMPLETED
8927,ABC123,AGENTX,12:15:00,19:40:41,FAILED
8928,ABC123,AGENTX,01:04:51,08:29:13,FAILED
8929,ABC123,AGENTX,10:53:05,12:26:21,COMPLETED
8930,ABC123,AGENTX,04:40:56,16:47:29,DROPPED
8931,ABC123,AGENTX,03:38:29,00:21:02,COMPLETED
8932,ABC123,AGENTX,02:42:29,08:08:17,FAILED
8933,ABC123,AGENTX,02:32:18,03:55:26,DROPPED
8934,ABC123,AGENTX,09:19:54,20:08:54,FAILED
8935,ABC123,AGENTX,20:57:03,15:57:39,DROPPED
8936,ABC123,AGENTX,01:30:08,08:07:15,COMPLETED
8937,ABC123,AGENTX,06:43:11,03:16:23,FAILED
8938,ABC123,AGENTX,14:40:52,09:03:33,FAILED
8939,ABC123,AGENTX,16:33:53,23:45:07,COMPLETED
8940,ABC123,AGENTX,05:25:20,03:36:27,COMPLETED
8941,ABC123,AGENTX,11:29:36,13:13:46,FAILED
8942,ABC123,AGENTX,01:52:01,18:22:39,DROPPED
8943,ABC123,AGENTX,22:10:58,04:03:00,DROPPED
8944,ABC123,AGENTX,18:26:48,17:50:10,COMPLETED
8945,ABC123,AGENTX,08:53:06,19:29:00,COMPLETED
8946,ABC123,AGENTX,20:14:37,20:37:15,COMPLETED
8947,ABC123,AGENTX,15:02:50,02:25:59,COMPLETED
8948,ABC123,AGENTX,04:40:55,01:45:04,DROPPED
8949,ABC123,AGENTX,21:44:50,12:06:38,COMPLETED
8950,ABC123,AGENTX,09:14:13,07:44:53,FAILED
8951,ABC123,AGENTX,15:12:24,01:21:26,COMPLETED
8952,ABC123,AGENTX,12:37:57,22:49:19,FAILED
8953,ABC123,AGENTX,06:26:47,08:33:19,COMPLETED
8954,ABC123,AGENTX,23:33:15,07:55:45,DROPPED
8955,ABC123,AGENTX,14:41:02,04:43:01,FAILED
8956,ABC123,AGENTX,02:21:54,18:20:24,FAILED
8957,ABC123,AGENTX,20:48:59,01:09:40,DROPPED
8958,ABC123,AGENTX,19:19:58,04:55:10,DROPPED
8959,ABC123,AGENTX,23:53:29,04:52:29,COMPLETED
8960,ABC123,AGENTX,01:02:55,12:43:46,DROPPED
8961,ABC123,AGENTX,19:00:19,07:45:10,FAILED
8962,ABC123,AGENTX,05:26:04,11:04:39,DROPPED
8963,ABC123,AGENTX,09:26:47,12:57:40,COMPLETED
8964,ABC123,AGENTX,15:54:12,11:13:13,FAILED
8965,ABC123,AGENTX,06:47:10,06:55:21,FAILED
8966,ABC123,AGENTX,01:20:15,06:25:41,DROPPED
8967,ABC123,AGENTX,04:53:49,08:50:33,COMPLETED
8968,ABC123,AGENTX,01:00:53,08:13:08,FAILED
8969,ABC123,AGENTX,22:22:02,23:12:24,FAILED
8970,ABC123,AGENTX,12:04:54,22:20:35,FAILED
8971,ABC123,AGENTX,19:23:08,11:02:10,FAILED
8972,ABC123,AGENTX,03:36:06,22:23:31,FAILED
8973,ABC123,AGENTX,17:45:45,03:56:28,COMPLETED
8974,ABC123,AGENTX,08:39:57,07:15:24,DROPPED
8975,ABC123,AGENTX,04:58:01,11:48:45,DROPPED
8976,ABC123,AGENTX,19:51:10,23:18:50,DROPPED
8977,ABC123,AGENTX,14:34:34,14:04:57,DROPPED
8978,ABC123,AGENTX,05:19:17,13:02:55,COMPLETED
8979,ABC123,AGENTX,08:09:00,17:40:20,COMPLETED
8980,ABC123,AGENTX,20:09:59,16:47:18,DROPPED
8981,ABC123,AGENTX,06:58:48,15:31:49,COMPLETED
8982,ABC123,AGENTX,16:04:33,14:46:41,DROPPED
8983,ABC123,AGENTX,16:13:55,15:16:16,FAILED
8984,ABC123,AGENTX,06:43:57,13:11:36,FAILED
8985,ABC123,AGENTX,20:24:15,20:04:22,DROPPED
8986,ABC123,AGENTX,12:35:12,14:26:20,COMPLETED
8987,ABC123,AGENTX,18:50:35,09:37:13,COMPLETED
8988,ABC123,AGENTX,19:08:11,08:47:23,DROPPED
8989,ABC123,AGENTX,23:42:07,23:52:31,FAILED
8990,ABC123,AGENTX,17:44:36,03:42:36,FAILED
8991,ABC123,AGENTX,12:28:20,00:00:14,FAILED
8992,ABC123,AGENTX,04:56:41,19:14:04,FAILED
8993,ABC123,AGENTX,11:06:11,11:08:24,COMPLETED
8994,ABC123,AGENTX,04:12:54,00:53:27,COMPLETED
8995,ABC123,AGENTX,02:18:54,13:33:17,COMPLETED
8996,ABC123,AGENTX,02:49:24,10:16:59,COMPLETED
8997,ABC123,AGENTX,09:35:06,07:24:22,FAILED
8998,ABC123,AGENTX,11:12:05,03:43:42,FAILED
8999,ABC123,AGENTX,02:43:15,16:18:48,COMPLETED
9000,ABC123,AGENTX,01:28:16,15:50:36,FAILED
9001,ABC123,AGENTX,01:29:33,06:07:37,COMPLETED
9002,ABC123,AGENTX,13:47:23,13:54:48,COMPLETED
9003,ABC123,AGENTX,07:07:21,15:25:42,COMPLETED
9004,ABC123,AGENTX,12:52:46,03:28:52,DROPPED
9005,ABC123,AGENTX,18:08:35,02:27:28,COMPLETED
9006,ABC123,AGENTX,05:13:46,02:34:22,COMPLETED
9007,ABC123,AGENTX,12:18:35,10:13:49,DROPPED
9008,ABC123,AGENTX,15:35:00,20:09:34,COMPLETED
9009,ABC123,AGENTX,05:05:05,19:21:03,COMPLETED
9010,ABC123,AGENTX,17:34:40,10:45:23,FAILED
9011,ABC123,AGENTX,12:45:21,20:31:45,FAILED
9012,ABC123,AGENTX,19:48:20,21:29:09,COMPLETED
9013,ABC123,AGENTX,14:54:20,20:12:17,COMPLETED
9014,ABC123,AGENTX,04:31:59,18:25:17,DROPPED
9015,ABC123,AGENTX,19:59:18,00:51:42,FAILED
9016,ABC123,AGENTX,09:35:53,14:28:45,COMPLETED
9017,ABC123,AGENTX,11:56:47,13:59:32,COMPLETED
9018,ABC123,AGENTX,16:37:34,08:13:04,COMPLETED
9019,ABC123,AGENTX,21:26:54,01:08:12,DROPPED
9020,ABC123,AGENTX,05:19:44,01:51:15,FAILED
9021,ABC123,AGENTX,07:48:50,11:09:49,FAILED
9022,ABC123,AGENTX,15:03:28,20:38:47,FAILED
9023,ABC123,AGENTX,05:11:09,05:07:22,FAILED
9024,ABC123,AGENTX,00:44:50,11:46:01,DROPPED
9025,ABC123,AGENTX,22:28:58,00:25:47,COMPLETED
9026,ABC123,AGENTX,18:11:10,05:07:30,DROPPED
9027,ABC123,AGENTX,22:37:01,11:11:16,COMPLETED
9028,ABC123,AGENTX,17:46:47,11:20:46,COMPLETED
9029,ABC123,AGENTX,02:31:21,19:52:57,DROPPED
9030,ABC123,AGENTX,11:26:47,14:02:07,COMPLETED
9031,ABC123,AGENTX,19:41:45,01:52:16,FAILED
9032,ABC123,AGENTX,08:03:10,02:28:16,COMPLETED
9033,ABC123,AGENTX,19:19:55,05:20:16,DROPPED
9034,ABC123,AGENTX,08:29:40,22:05:13,COMPLETED
9035,ABC123,AGENTX,13:57:02,01:48:18,FAILED
9036,ABC123,AGENTX,17:45:56,09:18:30,DROPPED
9037,ABC123,AGENTX,19:13:55,03:05:30,FAILED
9038,ABC123,AGENTX,03:37:30,19:37:22,DROPPED
9039,ABC123,AGENTX,06:13:00,08:36:26,COMPLETED
9040,ABC123,AGENTX,09:23:42,17:00:26,FAILED
9041,ABC123,AGENTX,11:14:38,05:28:46,FAILED
9042,ABC123,AGENTX,07:00:50,00:24:03,COMPLETED
9043,ABC123,AGENTX,10:22:19,05:33:53,DROPPED
9044,ABC123,AGENTX,20:36:45,21:34:06,FAILED
9045,ABC123,AGENTX,22:58:17,15:44:45,FAILED
9046,ABC123,AGENTX,13:06:56,06:08:27,FAILED
9047,ABC123,AGENTX,21:06:32,22:38:37,DROPPED
9048,ABC123,AGENTX,23:10:14,03:13:53,COMPLETED
9049,ABC123,AGENTX,21:12:29,00:18:26,FAILED
9050,ABC123,AGENTX,12:16:08,14:54:05,COMPLETED
9051,ABC123,AGENTX,16:06:28,01:24:29,COMPLETED
9052,ABC123,AGENTX,22:50:31,14:46:06,DROPPED
9053,ABC123,AGENTX,20:21:55,08:21:56,DROPPED
9054,ABC123,AGENTX,23:12:19,19:24:48,DROPPED
9055,ABC123,AGENTX,22:49:30,17:17:21,COMPLETED
9056,ABC123,AGENTX,18:16:25,08:13:04,COMPLETED
9057,ABC123,AGENTX,18:21:25,04:43:00,COMPLETED
9058,ABC123,AGENTX,11:46:25,20:59:39,COMPLETED
9059,ABC123,AGENTX,12:34:31,02:11:03,DROPPED
9060,ABC123,AGENTX,13:41:42,03:12:41,FAILED
9061,ABC123,AGENTX,12:24:11,13:08:58,DROPPED
9062,ABC123,AGENTX,20:13:37,19:29:15,FAILED
9063,ABC123,AGENTX,05:16:40,04:45:29,FAILED
9064,ABC123,AGENTX,22:45:52,06:34:05,COMPLETED
9065,ABC123,AGENTX,18:16:47,08:49:43,COMPLETED
9066,ABC123,AGENTX,15:00:50,21:21:07,DROPPED
9067,ABC123,AGENTX,19:06:24,18:21:53,DROPPED
9068,ABC123,AGENTX,23:29:10,03:59:46,COMPLETED
9069,ABC123,AGENTX,22:10:14,12:07:08,FAILED
9070,ABC123,AGENTX,05:18:38,16:17:28,DROPPED
9071,ABC123,AGENTX,21:38:37,12:53:26,DROPPED
9072,ABC123,AGENTX,05:25:48,07:28:41,FAILED
9073,ABC123,AGENTX,18:53:02,14:19:34,COMPLETED
9074,ABC123,AGENTX,16:43:59,12:18:49,FAILED
9075,ABC123,AGENTX,14:30:48,16:03:29,FAILED
9076,ABC123,AGENTX,04:23:50,14:36:24,DROPPED
9077,ABC123,AGENTX,12:46:28,14:48:21,DROPPED
9078,ABC123,AGENTX,21:38:54,11:17:58,DROPPED
9079,ABC123,AGENTX,05:54:18,18:39:15,FAILED
9080,ABC123,AGENTX,13:08:27,22:40:11,DROPPED
9081,ABC123,AGENTX,22:02:04,21:15:05,COMPLETED
9082,ABC123,AGENTX,03:48:09,10:11:40,DROPPED
9083,ABC123,AGENTX,07:56:54,08:54:12,DROPPED
9084,ABC123,AGENTX,23:26:32,04:58:47,COMPLETED
9085,ABC123,AGENTX,20:17:16,15:38:59,FAILED
9086,ABC123,AGENTX,03:48:18,16:07:14,COMPLETED
9087,ABC123,AGENTX,17:09:58,16:40:49,DROPPED
9088,ABC123,AGENTX,17:35:37,06:40:11,COMPLETED
9089,ABC123,AGENTX,16:53:39,16:54:13,FAILED
9090,ABC123,AGENTX,01:48:34,10:25:22,FAILED
9091,ABC123,AGENTX,03:15:55,09:01:37,COMPLETED
9092,ABC123,AGENTX,13:41:09,14:31:40,DROPPED
9093,ABC123,AGENTX,17:35:23,21:48:41,COMPLETED
9094,ABC123,AGENTX,14:04:22,07:32:18,FAILED
9095,ABC123,AGENTX,01:01:40,11:22:48,COMPLETED
9096,ABC123,AGENTX,18:39:47,08:32:20,DROPPED
9097,ABC123,AGENTX,17:48:36,20:07:09,COMPLETED
9098,ABC123,AGENTX,20:10:32,23:42:55,FAILED
9099,ABC123,AGENTX,17:23:38,05:03:01,COMPLETED
9100,ABC123,AGENTX,16:44:51,06:27:30,FAILED
9101,ABC123,AGENTX,09:54:31,04:46:27,COMPLETED
9102,ABC123,AGENTX,12:52:49,00:00:01,FAILED
9103,ABC123,AGENTX,03:20:46,10:46:25,COMPLETED
9104,ABC123,AGENTX,13:29:17,01:50:15,DROPPED
9105,ABC123,AGENTX,19:28:38,02:24:46,FAILED
9106,ABC123,AGENTX,03:30:59,23:37:26,DROPPED
9107,ABC123,AGENTX,01:44:05,15:37:46,COMPLETED
9108,ABC123,AGENTX,14:52:45,07:22:24,DROPPED
9109,ABC123,AGENTX,19:26:37,15:08:37,COMPLETED
9110,ABC123,AGENTX,23:29:32,02:29:36,FAILED
9111,ABC123,AGENTX,23:51:26,08:27:31,DROPPED
9112,ABC123,AGENTX,16:08:43,03:27:27,DROPPED
9113,ABC123,AGENTX,13:21:22,19:34:16,DROPPED
9114,ABC123,AGENTX,22:17:45,21:21:03,DROPPED
9115,ABC123,AGENTX,04:56:23,07:39:29,FAILED
9116,ABC123,AGENTX,02:23:43,21:34:36,COMPLETED
9117,ABC123,AGENTX,10:38:54,09:17:24,COMPLETED
9118,ABC123,AGENTX,08:45:11,08:04:56,COMPLETED
9119,ABC123,AGENTX,05:38:00,12:37:03,FAILED
9120,ABC123,AGENTX,02:43:26,14:36:15,COMPLETED
9121,ABC123,AGENTX,05:49:15,15:41:16,DROPPED
9122,ABC123,AGENTX,08:17:42,08:45:58,COMPLETED
9123,ABC123,AGENTX,18:09:55,01:58:21,FAILED
9124,ABC123,AGENTX,02:24:05,05:29:32,DROPPED
9125,ABC123,AGENTX,21:56:16,12:45:47,FAILED
9126,ABC123,AGENTX,03:56:00,13:08:45,FAILED
9127,ABC123,AGENTX,18:31:27,02:57:55,DROPPED
9128,ABC123,AGENTX,09:01:51,15:46:38,FAILED
9129,ABC123,AGENTX,10:18:26,04:45:14,COMPLETED
9130,ABC123,AGENTX,14:56:01,07:18:32,DROPPED
9131,ABC123,AGENTX,04:37:44,11:43:10,FAILED
9132,ABC123,AGENTX,18:19:40,06:29:32,COMPLETED
9133,ABC123,AGENTX,09:13:00,22:31:46,COMPLETED
9134,ABC123,AGENTX,20:22:33,16:53:41,DROPPED
9135,ABC123,AGENTX,09:50:42,01:27:30,DROPPED
9136,ABC123,AGENTX,09:35:54,07:27:30,COMPLETED
9137,ABC123,AGENTX,01:50:37,16:02:18,FAILED
9138,ABC123,AGENTX,09:44:32,02:00:51,COMPLETED
9139,ABC123,AGENTX,19:03:45,23:35:57,DROPPED
9140,ABC123,AGENTX,19:18:10,07:35:52,FAILED
9141,ABC123,AGENTX,15:41:42,23:48:37,FAILED
9142,ABC123,AGENTX,04:58:28,22:21:51,FAILED
9143,ABC123,AGENTX,01:53:40,04:26:24,DROPPED
9144,ABC123,AGENTX,02:30:06,12:36:17,COMPLETED
9145,ABC123,AGENTX,04:42:56,05:12:36,FAILED
9146,ABC123,AGENTX,19:55:30,17:28:34,FAILED
9147,ABC123,AGENTX,02:42:13,21:57:20,DROPPED
9148,ABC123,AGENTX,04:07:06,15:17:27,DROPPED
9149,ABC123,AGENTX,09:22:34,01:04:02,DROPPED
9150,ABC123,AGENTX,01:17:15,08:02:20,FAILED
9151,ABC123,AGENTX,18:49:56,10:08:54,DROPPED
9152,ABC123,AGENTX,23:49:14,02:22:13,DROPPED
9153,ABC123,AGENTX,06:28:44,23:10:20,FAILED
9154,ABC123,AGENTX,21:27:33,22:15:12,DROPPED
9155,ABC123,AGENTX,07:51:45,08:26:38,DROPPED
9156,ABC123,AGENTX,20:54:46,06:51:23,FAILED
9157,ABC123,AGENTX,14:58:32,09:30:36,DROPPED
9158,ABC123,AGENTX,17:25:54,00:29:37,DROPPED
9159,ABC123,AGENTX,21:03:45,05:54:32,COMPLETED
9160,ABC123,AGENTX,22:07:28,11:27:01,COMPLETED
9161,ABC123,AGENTX,05:30:55,15:15:42,FAILED
9162,ABC123,AGENTX,14:25:34,14:23:21,FAILED
9163,ABC123,AGENTX,04:31:13,15:10:05,DROPPED
9164,ABC123,AGENTX,20:30:50,17:17:59,FAILED
9165,ABC123,AGENTX,09:11:23,02:18:52,FAILED
9166,ABC123,AGENTX,05:14:17,18:08:58,DROPPED
9167,ABC123,AGENTX,08:45:34,01:51:01,COMPLETED
9168,ABC123,AGENTX,20:17:22,10:24:03,DROPPED
9169,ABC123,AGENTX,01:26:29,05:30:28,DROPPED
9170,ABC123,AGENTX,20:27:11,10:32:52,DROPPED
9171,ABC123,AGENTX,01:42:59,06:31:05,FAILED
9172,ABC123,AGENTX,13:58:29,09:03:23,FAILED
9173,ABC123,AGENTX,15:33:17,13:27:23,COMPLETED
9174,ABC123,AGENTX,15:51:10,01:44:04,DROPPED
9175,ABC123,AGENTX,19:48:21,16:17:34,COMPLETED
9176,ABC123,AGENTX,03:29:37,05:52:57,COMPLETED
9177,ABC123,AGENTX,04:49:53,15:52:21,DROPPED
9178,ABC123,AGENTX,21:27:59,12:37:49,DROPPED
9179,ABC123,AGENTX,15:23:39,21:55:46,DROPPED
9180,ABC123,AGENTX,01:04:55,15:49:46,COMPLETED
9181,ABC123,AGENTX,16:57:12,01:28:19,FAILED
9182,ABC123,AGENTX,01:14:25,07:40:01,COMPLETED
9183,ABC123,AGENTX,13:51:13,11:15:05,DROPPED
9184,ABC123,AGENTX,23:44:56,22:41:26,FAILED
9185,ABC123,AGENTX,00:52:28,13:20:30,DROPPED
9186,ABC123,AGENTX,14:42:20,08:02:24,DROPPED
9187,ABC123,AGENTX,16:52:04,11:02:16,COMPLETED
9188,ABC123,AGENTX,18:17:32,16:43:58,COMPLETED
9189,ABC123,AGENTX,03:51:33,10:28:55,COMPLETED
9190,ABC123,AGENTX,16:33:48,22:16:01,COMPLETED
9191,ABC123,AGENTX,01:54:30,09:04:54,FAILED
9192,ABC123,AGENTX,21:26:40,01:59:27,COMPLETED
9193,ABC123,AGENTX,22:34:51,02:04:03,DROPPED
9194,ABC123,AGENTX,01:27:45,05:19:15,FAILED
9195,ABC123,AGENTX,06:36:25,05:22:37,COMPLETED
9196,ABC123,AGENTX,04:09:43,04:19:04,COMPLETED
9197,ABC123,AGENTX,21:54:54,09:31:22,FAILED
9198,ABC123,AGENTX,01:45:01,09:01:45,DROPPED
9199,ABC123,AGENTX,02:07:23,04:30:23,COMPLETED
9200,ABC123,AGENTX,23:22:22,10:21:22,DROPPED
9201,ABC123,AGENTX,15:26:36,11:14:56,COMPLETED
9202,ABC123,AGENTX,09:35:18,22:36:52,COMPLETED
9203,ABC123,AGENTX,16:41:04,10:26:49,DROPPED
9204,ABC123,AGENTX,16:25:08,18:32:51,DROPPED
9205,ABC123,AGENTX,10:14:14,02:33:52,COMPLETED
9206,ABC123,AGENTX,04:13:03,08:08:57,COMPLETED
9207,ABC123,AGENTX,07:13:27,02:47:41,FAILED
9208,ABC123,AGENTX,19:29:57,00:00:17,DROPPED
9209,ABC123,AGENTX,01:09:11,02:44:01,FAILED
9210,ABC123,AGENTX,18:42:22,04:29:05,COMPLETED
9211,ABC123,AGENTX,08:27:23,08:49:00,COMPLETED
9212,ABC123,AGENTX,21:29:34,22:27:04,COMPLETED
9213,ABC123,AGENTX,21:34:09,09:45:33,COMPLETED
9214,ABC123,AGENTX,00:20:05,03:59:40,FAILED
9215,ABC123,AGENTX,16:02:34,09:10:16,DROPPED
9216,ABC123,AGENTX,01:54:39,13:42:11,FAILED
9217,ABC123,AGENTX,13:40:11,14:18:00,DROPPED
9218,ABC123,AGENTX,16:12:10,17:07:37,COMPLETED
9219,ABC123,AGENTX,22:38:16,02:17:41,DROPPED
9220,ABC123,AGENTX,03:24:56,01:42:16,COMPLETED
9221,ABC123,AGENTX,02:02:41,16:06:01,DROPPED
9222,ABC123,AGENTX,11:47:16,15:22:12,DROPPED
9223,ABC123,AGENTX,04:46:43,09:09:39,DROPPED
9224,ABC123,AGENTX,19:26:17,11:00:57,COMPLETED
9225,ABC123,AGENTX,09:29:05,03:36:31,COMPLETED
9226,ABC123,AGENTX,10:12:01,02:52:09,FAILED
9227,ABC123,AGENTX,16:10:29,23:41:15,COMPLETED
9228,ABC123,AGENTX,04:52:27,19:04:37,FAILED
9229,ABC123,AGENTX,20:05:09,01:03:24,COMPLETED
9230,ABC123,AGENTX,07:19:19,13:07:06,DROPPED
9231,ABC123,AGENTX,23:50:20,22:17:12,DROPPED
9232,ABC123,AGENTX,13:41:27,10:14:12,DROPPED
9233,ABC123,AGENTX,12:30:12,15:42:33,FAILED
9234,ABC123,AGENTX,17:21:45,23:57:30,FAILED
9235,ABC123,AGENTX,04:15:50,02:00:32,FAILED
9236,ABC123,AGENTX,09:34:20,14:37:44,COMPLETED
9237,ABC123,AGENTX,15:04:44,08:49:48,COMPLETED
9238,ABC123,AGENTX,17:15:23,00:11:58,DROPPED
9239,ABC123,AGENTX,20:05:50,03:12:05,COMPLETED
9240,ABC123,AGENTX,11:35:09,18:36:14,DROPPED
9241,ABC123,AGENTX,02:06:28,09:10:57,DROPPED
9242,ABC123,AGENTX,12:11:32,13:15:31,COMPLETED
9243,ABC123,AGENTX,16:33:07,17:53:00,FAILED
9244,ABC123,AGENTX,09:14:05,19:34:53,DROPPED
9245,ABC123,AGENTX,12:42:18,18:13:36,COMPLETED
9246,ABC123,AGENTX,23:10:41,16:36:56,COMPLETED
9247,ABC123,AGENTX,13:32:24,07:50:56,COMPLETED
9248,ABC123,AGENTX,21:15:42,08:50:18,COMPLETED
9249,ABC123,AGENTX,20:48:39,22:24:17,DROPPED
9250,ABC123,AGENTX,15:26:01,17:37:12,DROPPED
9251,ABC123,AGENTX,08:50:57,12:36:52,COMPLETED
9252,ABC123,AGENTX,03:35:36,22:32:03,FAILED
9253,ABC123,AGENTX,03:25:49,04:09:18,FAILED
9254,ABC123,AGENTX,01:15:22,04:33:34,FAILED
9255,ABC123,AGENTX,18:37:55,16:01:53,FAILED
9256,ABC123,AGENTX,01:32:03,11:40:28,DROPPED
9257,ABC123,AGENTX,10:11:18,14:09:38,FAILED
9258,ABC123,AGENTX,09:14:28,16:56:57,COMPLETED
9259,ABC123,AGENTX,20:29:45,12:17:09,COMPLETED
9260,ABC123,AGENTX,00:37:44,13:36:19,FAILED
9261,ABC123,AGENTX,01:14:34,20:56:22,DROPPED
9262,ABC123,AGENTX,22:16:59,04:55:51,FAILED
9263,ABC123,AGENTX,15:45:23,23:33:14,COMPLETED
9264,ABC123,AGENTX,05:25:41,15:52:58,DROPPED
9265,ABC123,AGENTX,12:55:34,05:37:38,COMPLETED
9266,ABC123,AGENTX,09:00:32,23:36:00,DROPPED
9267,ABC123,AGENTX,07:20:17,05:37:00,COMPLETED
9268,ABC123,AGENTX,22:45:44,21:22:43,FAILED
9269,ABC123,AGENTX,00:03:31,10:27:46,FAILED
9270,ABC123,AGENTX,13:54:39,14:30:37,DROPPED
9271,ABC123,AGENTX,00:10:00,11:09:03,DROPPED
9272,ABC123,AGENTX,16:31:27,07:28:54,COMPLETED
9273,ABC123,AGENTX,23:39:54,09:30:17,FAILED
9274,ABC123,AGENTX,18:10:50,01:31:32,DROPPED
9275,ABC123,AGENTX,03:00:58,00:31:50,DROPPED
9276,ABC123,AGENTX,02:19:37,03:02:22,COMPLETED
9277,ABC123,AGENTX,22:00:30,16:36:51,COMPLETED
9278,ABC123,AGENTX,17:25:30,14:33:01,DROPPED
9279,ABC123,AGENTX,08:13:49,11:10:04,DROPPED
9280,ABC123,AGENTX,18:46:42,06:54:07,FAILED
9281,ABC123,AGENTX,13:15:15,13:28:27,DROPPED
9282,ABC123,AGENTX,05:27:33,16:29:33,FAILED
9283,ABC123,AGENTX,11:52:33,11:37:24,COMPLETED
9284,ABC123,AGENTX,09:55:43,01:55:41,COMPLETED
9285,ABC123,AGENTX,03:46:55,21:57:55,FAILED
9286,ABC123,AGENTX,05:20:49,01:58:48,COMPLETED
9287,ABC123,AGENTX,10:45:30,03:10:27,DROPPED
9288,ABC123,AGENTX,01:38:03,07:51:55,COMPLETED
9289,ABC123,AGENTX,17:38:38,21:20:12,COMPLETED
9290,ABC123,AGENTX,10:19:09,14:23:36,COMPLETED
9291,ABC123,AGENTX,21:47:12,21:13:15,COMPLETED
9292,ABC123,AGENTX,18:14:58,07:56:07,FAILED
9293,ABC123,AGENTX,07:20:12,14:12:32,COMPLETED
9294,ABC123,AGENTX,03:27:42,01:35:33,DROPPED
9295,ABC123,AGENTX,04:52:37,06:43:20,COMPLETED
9296,ABC123,AGENTX,14:14:45,19:31:36,DROPPED
9297,ABC123,AGENTX,03:01:55,19:24:05,COMPLETED
9298,ABC123,AGENTX,05:15:14,04:10:53,FAILED
9299,ABC123,AGENTX,00:53:11,09:10:44,FAILED
9300,ABC123,AGENTX,21:53:50,02:28:08,FAILED
9301,ABC123,AGENTX,22:21:24,18:19:34,COMPLETED
9302,ABC123,AGENTX,03:42:44,12:10:21,DROPPED
9303,ABC123,AGENTX,15:58:39,04:46:26,DROPPED
9304,ABC123,AGENTX,04:56:16,16:13:17,DROPPED
9305,ABC123,AGENTX,11:08:03,19:34:49,COMPLETED
9306,ABC123,AGENTX,22:22:56,13:31:06,FAILED
9307,ABC123,AGENTX,17:19:16,05:52:30,DROPPED
9308,ABC123,AGENTX,00:59:01,04:27:32,FAILED
9309,ABC123,AGENTX,10:15:02,14:54:01,DROPPED
9310,ABC123,AGENTX,00:49:47,07:51:24,COMPLETED
9311,ABC123,AGENTX,23:36:32,19:42:35,DROPPED
9312,ABC123,AGENTX,01:42:34,09:37:14,COMPLETED
9313,ABC123,AGENTX,19:29:52,06:40:51,DROPPED
9314,ABC123,AGENTX,07:10:26,15:20:38,FAILED
9315,ABC123,AGENTX,10:42:13,10:03:20,FAILED
9316,ABC123,AGENTX,16:40:27,08:54:28,DROPPED
9317,ABC123,AGENTX,17:23:05,13:19:50,DROPPED
9318,ABC123,AGENTX,16:52:58,04:00:27,FAILED
9319,ABC123,AGENTX,10:42:33,21:02:34,FAILED
9320,ABC123,AGENTX,10:26:28,15:07:35,COMPLETED
9321,ABC123,AGENTX,17:24:53,00:25:53,DROPPED
9322,ABC123,AGENTX,05:49:38,08:29:40,FAILED
9323,ABC123,AGENTX,01:10:28,04:37:31,FAILED
9324,ABC123,AGENTX,14:27:25,23:18:55,COMPLETED
9325,ABC123,AGENTX,12:26:56,18:42:13,FAILED
9326,ABC123,AGENTX,08:56:39,00:15:22,COMPLETED
9327,ABC123,AGENTX,17:54:37,03:49:33,DROPPED
9328,ABC123,AGENTX,07:24:20,00:45:05,FAILED
9329,ABC123,AGENTX,16:43:41,00:13:33,COMPLETED
9330,ABC123,AGENTX,08:11:21,07:34:49,COMPLETED
9331,ABC123,AGENTX,06:42:59,14:10:01,DROPPED
9332,ABC123,AGENTX,04:39:05,00:07:52,FAILED
9333,ABC123,AGENTX,11:33:28,21:16:54,COMPLETED
9334,ABC123,AGENTX,03:36:55,23:22:39,FAILED
9335,ABC123,AGENTX,19:36:49,22:24:21,DROPPED
9336,ABC123,AGENTX,07:21:20,01:01:29,DROPPED
9337,ABC123,AGENTX,22:42:16,22:53:49,COMPLETED
9338,ABC123,AGENTX,05:52:42,11:43:45,DROPPED
9339,ABC123,AGENTX,01:08:31,02:43:29,DROPPED
9340,ABC123,AGENTX,08:51:22,14:40:47,FAILED
9341,ABC123,AGENTX,22:18:43,19:48:45,COMPLETED
9342,ABC123,AGENTX,05:34:07,01:03:35,DROPPED
9343,ABC123,AGENTX,20:54:51,20:10:26,FAILED
9344,ABC123,AGENTX,15:53:03,23:16:58,COMPLETED
9345,ABC123,AGENTX,05:00:14,10:04:55,DROPPED
9346,ABC123,AGENTX,12:07:52,17:48:45,COMPLETED
9347,ABC123,AGENTX,09:03:46,11:31:59,DROPPED
9348,ABC123,AGENTX,03:05:25,08:02:37,COMPLETED
9349,ABC123,AGENTX,13:38:32,19:28:22,COMPLETED
9350,ABC123,AGENTX,06:29:34,10:02:29,COMPLETED
9351,ABC123,AGENTX,00:26:32,14:51:47,COMPLETED
9352,ABC123,AGENTX,18:56:00,15:05:37,COMPLETED
9353,ABC123,AGENTX,17:27:59,11:02:22,FAILED
9354,ABC123,AGENTX,03:50:14,01:07:52,DROPPED
9355,ABC123,AGENTX,15:46:21,16:39:17,FAILED
9356,ABC123,AGENTX,01:57:10,05:33:25,FAILED
9357,ABC123,AGENTX,22:16:26,06:04:49,DROPPED
9358,ABC123,AGENTX,23:21:37,07:53:54,FAILED
9359,ABC123,AGENTX,22:58:29,02:07:11,DROPPED
9360,ABC123,AGENTX,07:58:44,15:48:11,COMPLETED
9361,ABC123,AGENTX,17:03:49,15:17:04,DROPPED
9362,ABC123,AGENTX,17:53:08,05:59:34,DROPPED
9363,ABC123,AGENTX,14:47:56,19:20:55,DROPPED
9364,ABC123,AGENTX,20:15:49,21:56:05,DROPPED
9365,ABC123,AGENTX,09:31:50,08:39:51,FAILED
9366,ABC123,AGENTX,09:48:42,21:31:52,FAILED
9367,ABC123,AGENTX,03:06:34,20:08:22,FAILED
9368,ABC123,AGENTX,15:05:39,19:10:34,FAILED
9369,ABC123,AGENTX,02:42:54,17:17:23,COMPLETED
9370,ABC123,AGENTX,22:10:12,15:36:33,FAILED
9371,ABC123,AGENTX,13:33:20,08:50:24,COMPLETED
9372,ABC123,AGENTX,10:02:42,05:18:38,COMPLETED
9373,ABC123,AGENTX,05:46:18,00:51:09,DROPPED
9374,ABC123,AGENTX,22:21:10,19:53:52,FAILED
9375,ABC123,AGENTX,20:01:27,21:10:24,COMPLETED
9376,ABC123,AGENTX,10:12:12,06:20:18,DROPPED
9377,ABC123,AGENTX,10:59:40,18:03:04,COMPLETED
9378,ABC123,AGENTX,01:26:29,23:21:02,DROPPED
9379,ABC123,AGENTX,03:06:09,07:18:56,FAILED
9380,ABC123,AGENTX,05:10:22,12:19:40,DROPPED
9381,ABC123,AGENTX,04:00:47,08:22:08,COMPLETED
9382,ABC123,AGENTX,04:34:58,18:47:57,DROPPED
9383,ABC123,AGENTX,07:57:41,13:55:48,FAILED
9384,ABC123,AGENTX,18:39:13,09:55:48,DROPPED
9385,ABC123,AGENTX,23:06:57,21:23:17,DROPPED
9386,ABC123,AGENTX,17:43:02,03:34:05,FAILED
9387,ABC123,AGENTX,21:57:40,21:33:48,COMPLETED
9388,ABC123,AGENTX,06:59:40,11:00:07,FAILED
9389,ABC123,AGENTX,04:12:35,13:15:46,DROPPED
9390,ABC123,AGENTX,08:44:26,20:15:57,DROPPED
9391,ABC123,AGENTX,23:55:12,22:01:03,FAILED
9392,ABC123,AGENTX,06:42:48,00:09:34,COMPLETED
9393,ABC123,AGENTX,02:02:06,19:25:54,FAILED
9394,ABC123,AGENTX,21:41:53,02:05:24,FAILED
9395,ABC123,AGENTX,19:10:37,06:42:01,FAILED
9396,ABC123,AGENTX,02:21:05,19:58:05,COMPLETED
9397,ABC123,AGENTX,06:45:38,18:04:42,COMPLETED
9398,ABC123,AGENTX,14:46:32,18:10:36,FAILED
9399,ABC123,AGENTX,04:43:39,13:48:36,DROPPED
9400,ABC123,AGENTX,06:17:57,15:15:05,FAILED
9401,335561,2737,13:06:41,16:30:11,CLOSED
9402,984006,9163,04:37:04,19:50:10,OPEN
9403,364070,2625,10:03:02,20:27:21,OPEN
9404,195458,1884,12:23:36,20:34:38,UNKNOWN
9405,110797,6997,04:45:41,01:56:40,UNKNOWN
9406,570485,4828,14:04:19,08:18:49,OPEN
9407,930045,8762,14:26:08,02:40:28,OPEN
9408,404543,2097,18:07:13,15:52:15,UNKNOWN
9409,215213,4326,19:45:51,18:33:39,OPEN
9410,738831,3662,04:40:51,16:07:39,CLOSED
9411,998890,5571,01:36:37,23:02:56,OPEN
9412,464632,3577,17:45:40,03:27:39,OPEN
9413,341787,7741,02:02:25,12:39:34,CLOSED
9414,585945,9230,08:51:11,15:21:18,UNKNOWN
9415,394386,1806,14:33:38,09:48:32,OPEN
9416,386433,1534,07:53:02,21:51:40,OPEN
9417,723795,9882,20:02:12,21:00:10,OPEN
9418,914931,4267,23:47:35,23:16:30,UNKNOWN
9419,534708,5130,11:33:21,17:11:31,OPEN
9420,429984,2908,11:22:28,10:41:13,CLOSED
9421,176703,5936,11:34:13,07:27:20,UNKNOWN
9422,155012,7556,18:43:56,03:16:18,OPEN
9423,134304,3145,01:12:42,07:23:12,OPEN
9424,648350,2984,08:38:21,12:15:37,OPEN
9425,768497,4278,18:41:44,10:12:06,CLOSED
9426,313740,1197,22:19:58,13:57:00,CLOSED
9427,824306,6188,12:00:30,10:15:43,CLOSED
9428,752020,8750,23:10:00,00:43:02,OPEN
9429,192858,9960,15:43:32,20:11:53,UNKNOWN
9430,577580,9375,04:24:58,19:25:03,CLOSED
9431,923030,7940,05:30:38,16:17:29,OPEN
9432,481600,8849,11:03:11,05:40:36,OPEN
9433,622418,7683,01:42:41,07:35:21,CLOSED
9434,810710,9671,01:08:09,13:43:12,CLOSED
9435,311761,6861,09:32:38,10:56:56,CLOSED
9436,646824,6827,15:28:37,21:12:57,UNKNOWN
9437,726317,7471,05:37:25,23:57:15,UNKNOWN
9438,110675,6488,23:44:26,17:00:12,OPEN
9439,897110,5473,05:09:05,16:20:57,CLOSED
9440,915461,6342,14:26:50,19:00:06,CLOSED
9441,803722,4351,05:16:49,16:42:31,UNKNOWN
9442,839628,8323,07:30:23,05:59:57,OPEN
9443,804910,6429,08:30:27,11:42:51,OPEN
9444,872997,3924,23:31:27,17:16:24,CLOSED
9445,271901,3596,13:59:01,06:47:58,UNKNOWN
9446,983504,1705,06:31:22,17:10:38,CLOSED
9447,759007,1582,19:36:23,02:04:23,CLOSED
9448,457776,7525,18:20:09,19:26:52,CLOSED
9449,564344,1096,20:48:55,15:43:49,OPEN
9450,153922,1775,08:06:08,07:57:33,CLOSED
9451,800944,2201,14:23:24,07:45:54,OPEN
9452,165831,7876,23:55:42,08:44:04,CLOSED
9453,393465,1731,03:27:09,09:43:59,CLOSED
9454,272978,6379,08:56:48,02:40:34,OPEN
9455,934649,1429,15:08:40,09:40:50,UNKNOWN
9456,463713,4909,03:20:04,20:36:33,CLOSED
9457,123430,5426,10:13:26,20:04:41,CLOSED
9458,695572,4852,23:13:39,16:16:37,CLOSED
9459,176001,3615,15:17:55,11:03:36,OPEN
9460,490440,8899,02:52:24,16:16:12,OPEN
9461,530979,8030,22:07:45,20:13:45,CLOSED
9462,258742,6963,01:27:08,09:25:07,OPEN
9463,635876,4883,20:00:03,09:16:54,OPEN
9464,481559,2784,06:00:09,08:20:14,OPEN
9465,198390,5585,19:58:46,08:31:37,UNKNOWN
9466,524786,8759,13:18:59,04:45:57,OPEN
9467,995221,6698,08:59:54,21:16:59,OPEN
9468,218032,2411,01:01:47,14:15:29,UNKNOWN
9469,886698,1863,12:48:12,07:13:55,OPEN
9470,832060,1197,15:02:52,00:19:53,UNKNOWN
9471,144597,1342,01:10:25,17:52:41,UNKNOWN
9472,150500,6329,08:21:39,12:35:21,UNKNOWN
9473,985075,2961,18:35:56,13:10:18,CLOSED
9474,502148,1203,15:33:36,03:42:17,OPEN
9475,826975,7901,03:17:15,06:10:37,UNKNOWN
9476,897885,2574,08:33:53,20:20:50,UNKNOWN
9477,518188,2739,17:35:51,09:18:55,CLOSED
9478,591304,3075,04:27:57,23:21:19,CLOSED
9479,598747,8158,21:34:36,13:36:29,OPEN
9480,367824,7760,07:29:43,05:43:39,CLOSED
9481,252054,2959,11:50:41,08:11:57,OPEN
9482,259413,4718,21:12:07,21:44:23,CLOSED
9483,690971,6294,03:56:56,12:51:37,UNKNOWN
9484,734968,7378,18:56:49,06:30:42,UNKNOWN
9485,843845,1779,21:34:55,04:49:36,OPEN
9486,634623,4014,22:19:06,11:21:40,UNKNOWN
9487,992142,8251,14:10:43,04:15:52,CLOSED
9488,966394,6880,01:13:22,01:48:57,OPEN
9489,408762,8286,04:30:49,06:29:49,OPEN
9490,205801,3450,16:18:05,08:17:23,CLOSED
9491,467904,7827,17:37:18,14:45:08,UNKNOWN
9492,692093,8767,05:41:18,03:34:42,CLOSED
9493,670843,4553,08:51:19,12:41:04,OPEN
9494,629818,3314,23:30:11,17:17:01,UNKNOWN
9495,155857,4852,07:44:23,14:39:02,UNKNOWN
9496,356292,2946,17:25:27,18:12:31,CLOSED
9497,636008,4635,23:55:06,17:52:23,CLOSED
9498,990754,6088,19:19:37,23:25:06,OPEN
9499,180417,7977,12:55:17,00:07:42,OPEN
9500,239871,8339,11:41:56,06:50:38,CLOSED
9501,247055,8842,01:27:30,13:15:30,UNKNOWN
9502,892753,3003,11:02:43,05:17:51,CLOSED
9503,399391,9713,21:04:46,08:45:13,CLOSED
9504,836645,3975,02:50:13,10:11:03,CLOSED
9505,189216,3201,10:50:16,10:26:27,UNKNOWN
9506,464429,7855,21:18:31,10:23:39,CLOSED
9507,838983,9380,18:22:35,08:23:09,OPEN
9508,171823,1218,17:12:21,16:42:13,CLOSED
9509,297240,6548,13:04:04,22:13:47,UNKNOWN
9510,405904,8290,05:04:01,12:45:59,CLOSED
9511,892683,6459,11:07:51,22:04:24,CLOSED
9512,746150,9384,17:31:18,12:22:25,UNKNOWN
9513,563278,4894,14:59:08,03:09:56,UNKNOWN
9514,906694,4243,06:38:29,23:59:49,OPEN
9515,570546,7475,04:03:22,23:30:50,OPEN
9516,369310,3086,15:18:02,11:39:19,UNKNOWN
9517,319086,9167,17:26:48,20:14:21,UNKNOWN
9518,466650,6790,04:29:15,02:05:39,UNKNOWN
9519,302415,5226,18:59:09,03:49:17,OPEN
9520,708993,1217,20:27:40,15:48:10,OPEN
9521,787654,6472,11:52:38,00:37:07,CLOSED
9522,248399,2044,07:09:23,18:59:20,UNKNOWN
9523,851504,1982,23:49:58,13:44:41,OPEN
9524,621845,1125,06:57:27,17:47:25,CLOSED
9525,451524,2379,23:23:27,23:21:03,OPEN
9526,122154,4442,22:23:00,07:04:11,OPEN
9527,339371,9515,13:31:27,21:32:26,UNKNOWN
9528,639882,1409,00:31:52,11:20:56,CLOSED
9529,235067,8793,23:10:18,18:12:34,CLOSED
9530,738796,6100,22:06:36,09:33:35,OPEN
9531,388497,7149,11:11:09,21:01:38,UNKNOWN
9532,793820,7783,10:58:08,23:51:13,CLOSED
9533,837522,3447,23:51:29,04:25:56,CLOSED
9534,456382,4527,17:30:56,22:24:45,OPEN
9535,133227,2106,00:31:48,12:55:12,OPEN
9536,966083,2701,05:34:40,04:02:09,UNKNOWN
9537,383226,1830,07:47:35,06:55:26,UNKNOWN
9538,618922,8863,15:31:24,10:26:21,UNKNOWN
9539,287075,5804,02:08:30,03:35:17,UNKNOWN
9540,337707,6718,04:10:18,07:40:05,OPEN
9541,950381,6688,10:04:12,11:17:01,OPEN
9542,750027,8111,13:07:00,03:25:29,UNKNOWN
9543,517705,8874,20:52:58,16:36:43,CLOSED
9544,159031,1816,19:22:00,01:18:22,CLOSED
9545,888626,1261,13:31:29,03:24:06,OPEN
9546,661809,5747,20:01:37,16:16:24,UNKNOWN
9547,419112,2575,16:55:36,00:17:12,CLOSED
9548,195890,6884,20:18:28,01:26:11,CLOSED
9549,163188,3099,09:54:16,13:34:33,CLOSED
9550,326456,7611,10:14:23,09:07:15,OPEN
9551,769302,1789,22:28:09,14:17:01,OPEN
9552,291910,7383,05:28:28,17:58:46,CLOSED
9553,335662,4403,10:38:15,07:45:21,CLOSED
9554,781732,2000,13:24:46,10:03:35,UNKNOWN
9555,133811,2227,03:54:19,18:58:38,UNKNOWN
9556,754861,5722,02:39:48,14:41:04,OPEN
9557,412976,4349,05:15:50,03:06:06,CLOSED
9558,500168,7280,14:57:19,10:23:08,UNKNOWN
9559,760824,8977,04:32:57,17:21:30,CLOSED
9560,762994,9793,05:03:18,13:36:09,OPEN
9561,654821,1530,06:50:42,18:34:05,UNKNOWN
9562,912701,2577,07:27:14,03:06:15,CLOSED
9563,712109,2027,07:06:07,21:30:59,OPEN
9564,967716,8059,14:46:18,09:04:34,CLOSED
9565,195041,6443,21:29:44,23:18:35,CLOSED
9566,701992,6600,11:56:01,01:27:14,UNKNOWN
9567,558273,6287,21:20:27,18:30:55,UNKNOWN
9568,455457,1272,14:10:11,03:16:13,OPEN
9569,397139,8687,11:30:24,15:59:05,OPEN
9570,897568,2642,05:12:30,16:39:03,UNKNOWN
9571,844246,8611,02:09:10,03:28:36,UNKNOWN
9572,141689,6963,18:50:33,10:15:45,OPEN
9573,354568,3116,16:45:51,20:01:52,OPEN
9574,856420,9774,17:23:36,22:13:54,OPEN
9575,212480,6857,09:44:40,19:51:33,UNKNOWN
9576,126468,3108,16:59:12,03:01:32,UNKNOWN
9577,688686,4897,10:28:41,03:13:49,UNKNOWN
9578,421122,8932,05:00:49,11:48:27,OPEN
9579,983973,3213,18:57:25,20:18:20,CLOSED
9580,153040,6667,02:47:16,15:05:35,UNKNOWN
9581,514154,6958,00:25:27,02:43:09,CLOSED
9582,614622,3428,15:25:20,11:13:42,OPEN
9583,786982,3832,11:38:51,15:01:41,OPEN
9584,704086,7394,08:30:12,09:30:44,OPEN
9585,849501,1037,10:33:58,16:53:13,CLOSED
9586,741967,1523,00:50:14,20:06:34,UNKNOWN
9587,345232,4644,23:30:14,10:29:30,CLOSED
9588,832335,9916,15:12:57,20:40:58,CLOSED
9589,464287,3121,10:28:07,06:56:16,UNKNOWN
9590,638097,1795,04:53:26,23:29:52,OPEN
9591,314229,4770,14:58:53,02:59:31,OPEN
9592,542186,6955,22:53:15,01:54:18,CLOSED
9593,223219,8367,18:26:30,13:28:53,UNKNOWN
9594,650847,5504,11:39:42,22:40:57,OPEN
9595,306640,8645,11:10:33,07:11:37,UNKNOWN
9596,528683,3797,17:52:57,20:34:11,CLOSED
9597,493069,4936,04:53:23,12:50:30,UNKNOWN
9598,765309,1200,02:48:04,02:30:57,OPEN
9599,100450,1332,17:40:21,06:54:24,OPEN
9600,287011,7493,22:10:46,01:06:40,UNKNOWN
9601,158246,4430,01:16:13,21:29:06,UNKNOWN
9602,483165,7183,14:13:50,21:04:03,CLOSED
9603,232503,3431,02:16:12,19:21:50,CLOSED
9604,988031,1891,14:24:37,07:27:36,OPEN
9605,133674,9696,14:21:36,03:37:28,CLOSED
9606,244203,6457,02:24:07,22:30:22,CLOSED
9607,823660,4505,20:24:22,21:25:21,OPEN
9608,837876,9552,02:23:34,22:48:51,CLOSED
9609,721579,3461,05:08:42,07:52:15,CLOSED
9610,519111,5405,20:34:47,15:09:18,CLOSED
9611,502858,3813,20:34:11,18:41:38,OPEN
9612,929721,1391,05:58:45,23:54:29,OPEN
9613,141524,3902,16:11:26,20:39:25,CLOSED
9614,462557,3569,12:46:01,15:34:39,OPEN
9615,985438,4788,01:59:31,17:33:13,CLOSED
9616,364889,1592,04:29:16,16:33:23,OPEN
9617,391841,3546,17:18:18,05:18:59,OPEN
9618,536783,8769,06:14:45,23:35:19,OPEN
9619,494883,8164,05:45:28,11:14:37,UNKNOWN
9620,499820,5656,03:15:08,14:27:35,UNKNOWN
9621,700583,7788,09:11:58,18:29:56,OPEN
9622,301529,9739,20:04:43,06:10:28,UNKNOWN
9623,400047,9556,08:22:08,15:21:09,CLOSED
9624,341364,3256,06:19:48,01:21:03,UNKNOWN
9625,633367,7180,02:17:57,23:01:38,CLOSED
9626,354205,6366,15:33:03,02:31:48,UNKNOWN
9627,277110,1204,07:57:56,17:40:57,UNKNOWN
9628,764921,7915,11:22:13,16:07:20,OPEN
9629,107978,6953,05:00:04,14:30:37,UNKNOWN
9630,585514,2435,19:11:23,18:02:39,OPEN
9631,284285,7072,06:20:11,02:40:21,OPEN
9632,526976,2716,07:17:50,08:02:08,UNKNOWN
9633,724709,4051,03:06:39,11:42:14,OPEN
9634,728185,9756,01:07:27,12:52:34,OPEN
9635,120083,5530,21:34:57,05:40:25,CLOSED
9636,374980,7056,08:54:53,06:32:05,OPEN
9637,943517,7321,16:09:50,17:40:39,UNKNOWN
9638,591447,3843,23:28:12,12:17:37,UNKNOWN
9639,653979,3745,07:30:36,00:02:54,UNKNOWN
9640,248517,8207,12:16:58,02:51:46,OPEN
9641,123725,9646,22:59:52,01:48:18,OPEN
9642,555958,7279,23:57:03,08:26:50,CLOSED
9643,193779,4723,06:55:29,12:36:45,OPEN
9644,148146,7714,19:40:08,07:07:23,OPEN
9645,513265,3359,08:32:43,07:50:04,CLOSED
9646,290286,7569,14:44:49,12:25:05,CLOSED
9647,978164,1143,17:28:22,14:36:19,OPEN
9648,462272,4523,15:16:55,11:42:41,UNKNOWN
9649,444806,5769,05:26:52,22:31:06,CLOSED
9650,902801,3698,17:41:35,03:23:59,UNKNOWN
9651,349258,1393,20:12:14,00:10:38,OPEN
9652,554135,2271,15:48:14,18:31:00,UNKNOWN
9653,711841,1713,13:43:47,07:10:29,UNKNOWN
9654,536141,2305,20:34:59,23:02:13,OPEN
9655,800681,6625,15:22:43,03:00:52,OPEN
9656,848669,9638,07:22:14,14:24:55,UNKNOWN
9657,699746,3814,14:54:32,21:09:15,CLOSED
9658,172044,4273,20:02:40,05:01:41,CLOSED
9659,530641,5130,12:06:54,07:55:39,OPEN
9660,116883,1749,08:46:52,11:19:28,CLOSED
9661,609275,8858,09:46:05,09:48:14,OPEN
9662,375092,3254,16:13:17,03:30:18,OPEN
9663,825765,7862,09:22:14,09:53:09,UNKNOWN
9664,590314,2982,07:14:59,17:14:34,CLOSED
9665,695489,6910,04:41:50,18:35:32,UNKNOWN
9666,567122,5738,14:34:11,08:42:35,OPEN
9667,859850,7573,01:37:37,08:56:20,CLOSED
9668,142304,1274,20:29:30,08:16:47,CLOSED
9669,278662,4094,17:39:20,16:29:54,OPEN
9670,189831,4348,15:00:40,12:22:52,OPEN
9671,922646,4168,13:24:03,15:12:56,OPEN
9672,300627,5247,10:01:47,23:38:48,CLOSED
9673,949949,9316,12:00:31,22:19:10,OPEN
9674,845345,9142,20:39:58,11:51:09,CLOSED
9675,292820,1337,21:07:50,22:02:16,UNKNOWN
9676,699996,5248,19:30:21,04:02:46,OPEN
9677,993432,6386,04:29:14,15:45:21,OPEN
9678,699149,7857,13:01:51,00:57:41,UNKNOWN
9679,882155,7332,03:34:50,15:52:04,UNKNOWN
9680,764743,2876,01:30:19,07:53:12,UNKNOWN
9681,705535,3941,16:12:47,22:44:07,UNKNOWN
9682,256596,3181,14:37:36,14:24:06,OPEN
9683,253769,8876,16:00:40,07:45:56,OPEN
9684,120900,1156,23:48:15,14:17:32,CLOSED
9685,362436,5926,02:14:25,00:10:26,OPEN
9686,701607,4455,18:04:47,06:47:23,CLOSED
9687,748105,1905,01:57:28,05:06:17,UNKNOWN
9688,203519,7546,21:37:27,19:14:33,UNKNOWN
9689,383817,4914,21:38:00,05:31:39,OPEN
9690,652527,1660,03:28:21,08:38:02,CLOSED
9691,497073,5391,21:52:47,23:17:25,OPEN
9692,670492,1775,13:47:37,13:43:49,UNKNOWN
9693,510953,9621,19:59:54,21:47:35,OPEN
9694,310836,6362,04:16:39,16:22:57,CLOSED
9695,950539,8545,10:58:02,20:38:56,OPEN
9696,623018,2090,04:36:12,05:52:51,OPEN
9697,990272,2016,08:43:08,20:34:35,UNKNOWN
9698,575791,5067,22:56:43,13:48:37,OPEN
9699,894138,1696,09:07:48,09:42:06,OPEN
9700,546204,4642,00:28:41,19:56:32,UNKNOWN
9701,356058,7467,16:19:15,09:34:56,CLOSED
9702,975432,6369,19:14:00,11:22:41,UNKNOWN
9703,707556,3171,15:43:12,15:24:23,UNKNOWN
9704,847265,7297,19:32:24,06:12:46,CLOSED
9705,156831,6702,21:43:55,09:13:54,OPEN
9706,957743,6170,05:10:06,00:27:05,CLOSED
9707,464723,2315,12:50:24,06:52:39,OPEN
9708,331819,6383,05:27:09,11:16:00,OPEN
9709,221052,5074,18:39:47,12:58:36,CLOSED
9710,312618,6397,21:44:14,15:43:57,CLOSED
9711,756599,5245,16:32:48,20:57:17,OPEN
9712,366997,3476,03:03:30,12:04:26,UNKNOWN
9713,713984,1990,23:07:01,14:23:47,CLOSED
9714,355251,9846,19:21:40,17:38:37,OPEN
9715,591162,8582,17:10:09,20:43:26,OPEN
9716,695651,2952,11:24:20,09:00:59,UNKNOWN
9717,765149,2952,08:07:18,03:18:11,OPEN
9718,986735,1602,00:41:35,07:42:32,OPEN
9719,235060,7107,06:26:29,21:32:47,CLOSED
9720,980791,2404,20:06:22,16:12:13,CLOSED
9721,347262,2680,18:56:00,23:36:01,OPEN
9722,407517,3524,11:26:01,16:28:53,CLOSED
9723,491881,8521,11:34:04,15:55:27,CLOSED
9724,905216,7578,01:37:16,18:55:56,OPEN
9725,569030,9159,04:29:18,04:09:40,OPEN
9726,438726,3380,11:26:25,13:55:59,CLOSED
9727,167202,1870,19:07:38,19:32:24,UNKNOWN
9728,388867,8816,00:22:37,06:15:45,CLOSED
9729,115519,4035,12:51:10,11:07:43,UNKNOWN
9730,885673,4169,02:31:44,23:01:28,CLOSED
9731,763368,7077,18:08:16,12:28:57,CLOSED
9732,198815,4463,19:40:34,02:55:56,OPEN
9733,684586,2270,23:36:21,15:57:39,CLOSED
9734,837221,6039,17:14:24,20:46:00,UNKNOWN
9735,797758,1134,11:27:20,07:54:28,CLOSED
9736,721727,7208,15:43:00,22:44:30,UNKNOWN
9737,134174,8885,20:17:54,11:14:18,OPEN
9738,948577,2685,02:49:56,01:54:47,UNKNOWN
9739,427337,9580,12:13:13,11:56:07,OPEN
9740,984547,8184,19:36:33,07:04:28,CLOSED
9741,538459,8341,21:35:07,00:04:33,OPEN
9742,700225,1030,14:44:04,18:47:49,CLOSED
9743,471029,2463,10:09:27,15:52:45,CLOSED
9744,564684,9041,09:41:53,00:37:24,UNKNOWN
9745,142943,6884,07:55:35,12:51:42,UNKNOWN
9746,139939,6718,09:35:54,09:58:48,UNKNOWN
9747,548571,2632,06:03:30,04:07:35,UNKNOWN
9748,667394,9363,17:58:08,23:00:47,CLOSED
9749,149171,4483,21:17:02,09:47:32,UNKNOWN
9750,766668,9466,01:50:50,09:08:01,UNKNOWN
9751,123668,9791,21:14:26,10:19:23,CLOSED
9752,539589,1786,22:14:26,04:43:10,UNKNOWN
9753,350324,3389,07:21:13,19:12:32,CLOSED
9754,547702,6633,03:28:40,11:09:59,CLOSED
9755,116727,6805,15:31:10,22:31:45,UNKNOWN
9756,965661,2818,07:20:13,14:12:19,OPEN
9757,255762,4832,02:20:47,06:57:57,UNKNOWN
9758,617489,8128,16:10:00,18:54:12,OPEN
9759,678800,2451,22:43:50,11:11:09,OPEN
9760,675254,5966,05:29:34,03:34:06,OPEN
9761,650132,4476,02:05:03,20:30:13,UNKNOWN
9762,535134,1158,09:05:31,06:49:24,CLOSED
9763,220771,1704,00:25:47,18:40:21,OPEN
9764,876498,9104,03:23:15,04:20:46,OPEN
9765,576473,4974,12:41:14,03:50:53,CLOSED
9766,970880,1465,11:32:47,09:22:09,CLOSED
9767,506637,5489,03:13:04,16:01:25,OPEN
9768,708675,7372,17:28:25,22:31:02,UNKNOWN
9769,118048,5112,18:33:43,17:25:24,UNKNOWN
9770,368541,7221,00:08:15,21:50:17,OPEN
9771,274000,1813,14:59:36,11:50:27,UNKNOWN
9772,529713,9104,07:22:38,13:32:47,CLOSED
9773,124970,3717,18:35:21,12:20:29,OPEN
9774,462928,7875,21:25:10,21:35:48,OPEN
9775,691635,9069,13:50:21,09:29:21,OPEN
9776,532817,3878,02:27:56,04:52:26,OPEN
9777,215312,1601,13:05:50,20:05:23,CLOSED
9778,460315,5807,20:37:06,19:17:42,CLOSED
9779,643042,6301,00:36:38,10:44:10,CLOSED
9780,224345,8151,18:12:26,12:35:22,UNKNOWN
9781,899052,4902,19:00:06,00:46:23,CLOSED
9782,818878,4827,20:48:56,03:28:02,CLOSED
9783,690671,4077,02:33:05,02:28:26,UNKNOWN
9784,567744,8462,15:23:47,12:29:04,CLOSED
9785,584790,1783,19:04:23,05:23:17,CLOSED
9786,667150,2091,14:58:37,06:17:08,OPEN
9787,431062,5583,14:57:17,22:15:43,CLOSED
9788,945650,2127,11:18:47,18:26:35,CLOSED
9789,720889,3504,00:10:31,07:07:02,CLOSED
9790,365268,5615,22:21:33,11:19:55,UNKNOWN
9791,568153,2550,00:03:16,16:40:49,OPEN
9792,171256,3837,03:13:22,16:22:26,OPEN
9793,374311,1770,13:20:34,06:40:38,OPEN
9794,696604,4920,19:39:15,06:31:23,OPEN
9795,293655,7621,15:11:18,04:03:31,UNKNOWN
9796,773088,3633,14:21:41,08:27:37,UNKNOWN
9797,504920,9888,10:51:26,20:06:17,UNKNOWN
9798,722300,8927,23:03:36,17:02:36,UNKNOWN
9799,837355,5635,19:54:35,11:38:21,OPEN
9800,384721,3473,19:16:46,00:15:24,CLOSED
9801,109800,3378,17:36:42
9802,757325,7575,01:22:20
9803,759157,3581,08:09:11
9804,794957,6910,17:15:15
9805,347651,5275,13:57:23
9806,981507,8446,15:40:26
9807,595503,7222,19:16:12
9808,303286,4081,12:39:50
9809,237725,5285,17:57:26
9810,699405,8675,10:40:05
9811,161994,4947,09:38:50
9812,164109,9648,03:31:40
9813,521680,1327,05:00:03
9814,377902,6601,16:53:14
9815,565996,5099,02:03:01
9816,187039,6328,04:36:01
9817,197983,6595,06:00:46
9818,627339,8234,00:49:50
9819,127526,4353,04:30:07
9820,225996,7806,18:09:55
9821,817634,4216,11:54:57
9822,735406,6732,04:41:15
9823,865362,1875,18:04:15
9824,762093,8545,20:46:16
9825,177051,3849,12:51:28
9826,816832,1555,14:17:44
9827,783422,7392,02:18:23
9828,842173,7837,07:28:58
9829,505177,9326,11:42:29
9830,125953,5411,09:14:53
9831,638314,3439,08:08:14
9832,127685,7893,04:59:30
9833,732153,2644,16:43:20
9834,309605,2647,18:33:17
9835,735366,2841,22:06:56
9836,290781,1453,02:13:52
9837,621549,1092,09:06:01
9838,872110,4792,18:10:04
9839,445115,8698,16:36:46
9840,902860,9324,15:05:02
9841,827351,8007,00:35:45
9842,245476,2855,08:57:35
9843,512201,6051,09:07:55
9844,393777,7940,01:31:42
9845,103419,9068,02:31:30
9846,381770,1631,00:44:26
9847,706993,9229,14:47:46
9848,740580,7979,15:50:40
9849,421669,2650,10:39:17
9850,557015,9864,06:23:11
9851,125019,2648,22:56:36
9852,259608,5179,16:59:51
9853,837635,2123,03:04:23
9854,124753,2522,22:51:38
9855,674697,9614,18:56:21
9856,824723,7557,20:53:44
9857,202091,8237,23:46:25
9858,685709,6372,16:12:43
9859,592446,9408,01:23:34
9860,117392,8369,23:10:28
9861,553209,8357,06:57:31
9862,367343,8493,18:45:50
9863,762499,5906,22:58:27
9864,244226,7134,05:33:10
9865,444509,2436,04:24:32
9866,332767,5142,03:53:11
9867,821280,5973,13:05:52
9868,698656,6654,12:31:54
9869,773933,1050,00:09:33
9870,986334,5333,07:44:21
9871,302629,9253,20:43:48
9872,838978,2704,23:11:41
9873,600803,5868,16:21:30
9874,278364,6488,15:31:37
9875,475410,1967,07:57:04
9876,941586,4549,12:16:58
9877,368627,5034,10:48:35
9878,192536,8208,12:02:24
9879,589196,6282,04:02:32
9880,104931,5379,17:42:50
9881,599908,1766,23:48:03
9882,852449,2151,13:21:00
9883,734898,7276,18:34:17
9884,780936,4334,00:01:26
9885,530219,2710,00:17:34
9886,442441,6844,23:14:52
9887,597878,9747,18:14:23
9888,140598,8428,22:20:54
9889,568249,8277,21:08:31
9890,468887,7911,00:51:40
9891,184936,6918,04:35:47
9892,103226,7634,14:26:09
9893,923181,5931,13:40:17
9894,934400,4680,03:26:59
9895,621766,4032,18:34:39
9896,587790,8006,14:58:06
9897,523001,6475,15:11:38
9898,975825,7664,20:54:34
9899,780094,5569,00:49:24
9900,882058,5689,00:50:43
9901,472000,6211,04:22:43
9902,757693,1798,11:03:05
9903,678486,3555,21:38:59
9904,665295,1950,20:34:44
9905,643981,4030,00:51:13
9906,602395,1621,23:28:46
9907,349156,1041,00:24:08
9908,326886,2180,00:33:03
9909,692817,5344,17:10:36
9910,815517,6373,13:00:13
9911,571470,9847,15:13:19
9912,492418,1073,03:16:01
9913,343724,4180,15:58:59
9914,575554,4162,07:12:51
9915,784972,1514,23:36:49
9916,203994,4181,21:09:48
9917,857867,7625,07:16:39
9918,207999,3412,12:41:26
9919,482032,9642,07:55:44
9920,650085,1962,04:59:25
9921,336536,3083,16:16:43
9922,576730,6944,07:31:45
9923,184015,5312,05:36:43
9924,521599,2923,16:04:32
9925,241496,2909,06:10:26
9926,646181,4286,07:50:11
9927,430863,3472,21:39:36
9928,947059,8413,21:21:53
9929,131759,4014,21:43:04
9930,666901,4382,07:52:23
9931,772197,4552,01:12:00
9932,267486,4494,17:14:39
9933,277353,4662,22:53:43
9934,115430,4800,13:53:13
9935,602163,2936,04:20:39
9936,658075,6825,23:07:31
9937,945968,2559,15:47:38
9938,992480,1863,17:27:45
9939,785470,9538,08:07:45
9940,992176,3678,01:54:19
9941,481641,8256,15:51:00
9942,638975,4567,12:39:36
9943,237162,4762,18:29:43
9944,989731,5002,13:31:32
9945,697717,3174,12:33:44
9946,946848,4806,16:56:31
9947,168574,9931,03:14:43
9948,586232,6097,04:01:34
9949,793387,3645,14:45:25
9950,318214,7261,02:47:19
9951,511462,7280,12:49:12
9952,193441,5397,12:37:38
9953,906767,1396,10:54:43
9954,120058,7380,23:37:52
9955,866475,9912,13:00:46
9956,325343,6318,05:36:10
9957,215756,6432,07:00:10
9958,111230,5926,11:03:37
9959,568232,4732,19:53:09
9960,950224,2520,04:03:16
9961,794041,4194,16:21:52
9962,345250,6642,15:17:17
9963,521144,4653,05:15:29
9964,972801,2719,14:55:07
9965,319216,2462,19:44:26
9966,540247,4198,18:52:18
9967,130876,1463,00:32:10
9968,920238,1279,08:07:11
9969,645896,8197,07:21:50
9970,467754,8870,00:45:30
9971,755734,4788,14:01:31
9972,539015,2228,05:53:07
9973,528210,5707,04:46:33
9974,458129,8756,14:13:59
9975,690244,1156,13:53:52
9976,702257,8581,01:41:51
9977,186434,9073,10:10:48
9978,769868,6597,15:33:55
9979,378863,7439,21:39:33
9980,452453,2416,23:43:57
9981,123372,9926,09:34:54
9982,634828,9573,10:36:42
9983,410107,4089,00:20:49
9984,541838,5989,03:54:40
9985,394767,5385,11:59:01
9986,322232,8478,07:43:29
9987,566623,1204,12:56:22
9988,432667,1225,18:25:35
9989,749009,3678,15:03:42
9990,513985,9868,22:45:34
9991,384855,9094,02:34:17
9992,844554,6913,12:06:50
9993,550598,8039,23:58:01
9994,892670,3332,20:04:59
9995,652965,2438,07:28:44
9996,849578,7478,18:58:09
9997,664831,5673,05:51:17
9998,549189,3119,14:13:26
9999,321251,9197,06:50:10
10000,217323,2170,15:30:46
